isbn13,title,author,cover_url,saved_path,status
9780439554930,"Harry Potter and the Sorcerer's Stone (Harry Potter, #1)","J.K. Rowling, Mary GrandPré",https://covers.openlibrary.org/b/isbn/9780439554930-L.jpg,covers/9780439554930.jpg,ok_openlibrary
9780316015840,"Twilight (Twilight, #1)",Stephenie Meyer,,,not_found
9780743273560,The Great Gatsby,F. Scott Fitzgerald,,,not_found
9780525478810,The Fault in Our Stars,John Green,,,not_found
9780439023480,"The Hunger Games (The Hunger Games, #1)",Suzanne Collins,,,not_found
9780061120080,To Kill a Mockingbird,Harper Lee,,,not_found
9780316769170,The Catcher in the Rye,J.D. Salinger,,,not_found
9780679783270,Pride and Prejudice,Jane Austen,,,not_found
9780062024040,"Divergent (Divergent, #1)",Veronica Roth,,,not_found
9781594480000,The Kite Runner,Khaled Hosseini,,,not_found
9781416524790,"Angels & Demons  (Robert Langdon, #1)",Dan Brown,,,not_found
9780451524940,1984,"George Orwell, Erich Fromm, Celâl Üster",,,not_found
9780452284240,Animal Farm,George Orwell,,,not_found
9780307269750,"The Girl with the Dragon Tattoo (Millennium, #1)","Stieg Larsson, Reg Keeland",,,not_found
9780553296980,The Diary of a Young Girl,"Anne Frank, Eleanor Roosevelt, B.M. Mooyaart-Doubleday",,,not_found
9780439023500,"Catching Fire (The Hunger Games, #2)",Suzanne Collins,,,not_found
9780618346260,"The Fellowship of the Ring (The Lord of the Rings, #1)",J.R.R. Tolkien,,,not_found
9780439023510,"Mockingjay (The Hunger Games, #3)",Suzanne Collins,,,not_found
9780439655480,"Harry Potter and the Prisoner of Azkaban (Harry Potter, #3)","J.K. Rowling, Mary GrandPré, Rufus Beck",,,not_found
9780439358070,"Harry Potter and the Order of the Phoenix (Harry Potter, #5)","J.K. Rowling, Mary GrandPré",,,not_found
9780618260300,The Hobbit,J.R.R. Tolkien,https://covers.openlibrary.org/b/isbn/9780618260300-L.jpg,covers/9780618260300.jpg,ok_openlibrary
9780316166680,The Lovely Bones,Alice Sebold,,,not_found
9780439139600,"Harry Potter and the Goblet of Fire (Harry Potter, #4)","J.K. Rowling, Mary GrandPré",,,not_found
9780545010220,"Harry Potter and the Deathly Hallows (Harry Potter, #7)","J.K. Rowling, Mary GrandPré",,,not_found
9780743477120,Romeo and Juliet,"William Shakespeare, Robert           Jackson",http://books.google.com/books/content?id=v-mvDwAAQBAJ&printsec=frontcover&img=1&zoom=1&edge=curl&source=gbs_api,covers/9780743477120.jpg,ok_googlebooks
9780439064870,"Harry Potter and the Chamber of Secrets (Harry Potter, #2)","J.K. Rowling, Mary GrandPré",,,not_found
9780439785970,"Harry Potter and the Half-Blood Prince (Harry Potter, #6)","J.K. Rowling, Mary GrandPré",,,not_found
9780140283330,Lord of the Flies,William Golding,,,not_found
9780307277670,"The Da Vinci Code (Robert Langdon, #2)",Dan Brown,,,not_found
9780297859380,Gone Girl,Gillian Flynn,,,not_found
9780399155340,The Help,Kathryn Stockett,,,not_found
9781612130290,"Fifty Shades of Grey (Fifty Shades, #1)",E.L. James,,,not_found
9780061122420,The Alchemist,"Paulo Coelho, Alan R. Clarke",,,not_found
9780553588480,"A Game of Thrones (A Song of Ice and Fire, #1)",George R.R. Martin,,,not_found
9780143038410,"Eat, Pray, Love",Elizabeth Gilbert,,,not_found
9780770430080,Life of Pi,Yann Martel,http://books.google.com/books/content?id=45iTIbtOeN4C&printsec=frontcover&img=1&zoom=1&source=gbs_api,covers/9780770430080.jpg,ok_googlebooks
9780786838650,"The Lightning Thief (Percy Jackson and the Olympians, #1)",Rick Riordan,,,not_found
9780739326220,Memoirs of a Geisha,Arthur Golden,https://covers.openlibrary.org/b/isbn/9780739326220-L.jpg,covers/9780739326220.jpg,ok_openlibrary
9780142000670,Of Mice and Men,John Steinbeck,https://covers.openlibrary.org/b/isbn/9780142000670-L.jpg,covers/9780142000670.jpg,ok_openlibrary
9780060764890,"The Lion, the Witch, and the Wardrobe (Chronicles of Narnia, #1)",C.S. Lewis,https://covers.openlibrary.org/b/isbn/9780060764890-L.jpg,covers/9780060764890.jpg,ok_openlibrary
9780451529300,"Little Women (Little Women, #1)",Louisa May Alcott,,,not_found
9780385732550,"The Giver (The Giver, #1)",Lois Lowry,https://covers.openlibrary.org/b/isbn/9780385732550-L.jpg,covers/9780385732550.jpg,ok_openlibrary
9781416914280,"City of Bones (The Mortal Instruments, #1)",Cassandra Clare,https://covers.openlibrary.org/b/isbn/9781416914280-L.jpg,covers/9781416914280.jpg,ok_openlibrary
9781565125600,Water for Elephants,Sara Gruen,,,not_found
9780965818670,The Time Traveler's Wife,Audrey Niffenegger,,,not_found
9780142437210,Jane Eyre,"Charlotte Brontë, Michael Mason",,,not_found
9780553816720,"The Notebook (The Notebook, #1)",Nicholas Sparks,,,not_found
9780375831000,The Book Thief,Markus Zusak,,,not_found
9780307347980,Fahrenheit 451,Ray Bradbury,,,not_found
9780316160190,"New Moon (Twilight, #2)",Stephenie Meyer,,,not_found
9780345391800,"The Hitchhiker's Guide to the Galaxy (Hitchhiker's Guide to the Galaxy, #1)",Douglas Adams,http://books.google.com/books/content?id=ogWNEAAAQBAJ&printsec=frontcover&img=1&zoom=1&source=gbs_api,covers/9780345391800.jpg,ok_googlebooks
9780060929880,Brave New World,Aldous Huxley,http://books.google.com/books/content?id=ebafTy9iAq4C&printsec=frontcover&img=1&zoom=1&source=gbs_api,covers/9780060929880.jpg,ok_googlebooks
9780316160210,"Eclipse (Twilight, #3)",Stephenie Meyer,,,not_found
9780316067930,"Breaking Dawn (Twilight, #4)",Stephenie Meyer,,,not_found
9780375826700,"Eragon (The Inheritance Cycle, #1)",Christopher Paolini,,,not_found
9780142001740,The Secret Life of Bees,Sue Monk Kidd,,,not_found
9780142437180,The Adventures of Huckleberry Finn,"Mark Twain, John Seelye, Guy Cardwell",,,not_found
9780064410940,Charlotte's Web,"E.B. White, Garth Williams, Rosemary Wells",,,not_found
9781594633670,The Girl on the Train,Paula Hawkins,,,not_found
9780679879240,"The Golden Compass (His Dark Materials, #1)",Philip Pullman,,,not_found
9781400032720,The Curious Incident of the Dog in the Night-Time,Mark Haddon,,,not_found
9780743454540,My Sister's Keeper,Jodi Picoult,,,not_found
9780060513030,Where the Sidewalk Ends,Shel Silverstein,https://covers.openlibrary.org/b/isbn/9780060513030-L.jpg,covers/9780060513030.jpg,ok_openlibrary
9780393978900,Wuthering Heights,"Emily Brontë, Richard J. Dunn",,,not_found
9780446675540,Gone with the Wind,Margaret Mitchell,,,not_found
9780385333850,Slaughterhouse-Five,Kurt Vonnegut Jr.,,,not_found
9780671027350,The Perks of Being a Wallflower,Stephen Chbosky,,,not_found
9780812550700,"Ender's Game (Ender's Saga, #1)",Orson Scott Card,,,not_found
9780007442910,"Insurgent (Divergent, #2)",Veronica Roth,,,not_found
9781594489500,A Thousand Splendid Suns,Khaled Hosseini,,,not_found
9780141439470,Frankenstein,"Mary Wollstonecraft Shelley, Percy Bysshe Shelley, Maurice Hindle",,,not_found
9780141439660,Sense and Sensibility,"Jane Austen, Tony Tanner, Ros Ballaster",http://books.google.com/books/content?id=P2h8CtM-pFEC&printsec=frontcover&img=1&zoom=1&edge=curl&source=gbs_api,covers/9780141439660.jpg,ok_googlebooks
9780450040180,The Shining (The Shining #1),Stephen King,,,not_found
9780316068050,"The Host (The Host, #1)",Stephenie Meyer,,,not_found
9780142402510,Looking for Alaska,John Green,,,not_found
9780143039950,The Odyssey,"Homer, Robert Fagles, E.V. Rieu, Frédéric Mugler, Bernard Knox",,,not_found
9780156012200,The Little Prince,"Antoine de Saint-Exupéry, Richard Howard, Dom Marcos Barbosa, Melina Karakosta",,,not_found
9780307275550,"The Devil Wears Prada (The Devil Wears Prada, #1)",Lauren Weisberger,,,not_found
9780743247540,The Glass Castle,Jeannette Walls,,,not_found
9780385486800,Into the Wild,Jon Krakauer,,,not_found
9780142414930,Paper Towns,John Green,http://books.google.com/books/content?id=uEGLDQAAQBAJ&printsec=frontcover&img=1&zoom=1&edge=curl&source=gbs_api,covers/9780142414930.jpg,ok_googlebooks
9780140385720,The Outsiders,S.E. Hinton,http://books.google.com/books/content?id=rB1PDQAAQBAJ&printsec=frontcover&img=1&zoom=1&edge=curl&source=gbs_api,covers/9780140385720.jpg,ok_googlebooks
9780307348140,"Jurassic Park (Jurassic Park, #1)",Michael Crichton,,,not_found
9780060256650,The Giving Tree,Shel Silverstein,,,not_found
9780385338610,A Time to Kill,John Grisham,,,not_found
9780374500020,Night (The Night Trilogy #1),"Elie Wiesel, Marion Wiesel",,,not_found
9780345418260,The Princess Bride ,William Goldman,,,not_found
,Bossypants,Tina Fey,,,not_found
9780061234000,"Freakonomics: A Rogue Economist Explores the Hidden Side of Everything (Freakonomics, #1)","Steven D. Levitt, Stephen J. Dubner",,,not_found
9780141439600,A Tale of Two Cities,"Charles Dickens, Richard Maxwell, Hablot Knight Browne",https://covers.openlibrary.org/b/isbn/9780141439600-L.jpg,covers/9780141439600.jpg,ok_openlibrary
9780385737940,"The Maze Runner (Maze Runner, #1)",James Dashner,,,not_found
9780517189600,The Secret Garden,Frances Hodgson Burnett,,,not_found
9780375751520,The Picture of Dorian Gray,"Oscar Wilde, Jeffrey Eugenides",,,not_found
9780345803500,"Fifty Shades Freed (Fifty Shades, #3)",E.L. James,,,not_found
9780060531040,One Hundred Years of Solitude,"Gabriel García Márquez, Gregory Rabassa",,,not_found
9780140280100,"Bridget Jones's Diary (Bridget Jones, #1)",Helen Fielding,http://books.google.com/books/content?id=TtICU0gJan4C&printsec=frontcover&img=1&zoom=1&source=gbs_api,covers/9780140280100.jpg,ok_googlebooks
9780393970130,Dracula,"Bram Stoker, Nina Auerbach, David J. Skal",,,not_found
9781612130580,"Fifty Shades Darker (Fifty Shades, #2)",E.L. James,,,not_found
9780349113910,Me Talk Pretty One Day,David Sedaris,,,not_found
9780060786500,The Poisonwood Bible,Barbara Kingsolver,,,not_found
9780307265430,The Road,Cormac McCarthy,,,not_found
9780140449270,The Count of Monte Cristo,"Alexandre Dumas, Robin Buss",,,not_found
,Lolita,"Vladimir Nabokov, Craig Raine",,,not_found
9780007524270,"Allegiant (Divergent, #3)",Veronica Roth,,,not_found
9780307269980,"The Girl Who Played with Fire (Millennium, #2)","Stieg Larsson, Reg Keeland",https://covers.openlibrary.org/b/isbn/9780307269980-L.jpg,covers/9780307269980.jpg,ok_openlibrary
9780553381700,"A Clash of Kings  (A Song of Ice and Fire, #2)",George R.R. Martin,,,not_found
9780751529810,Tuesdays with Morrie,"Mitch Albom, Saulius Dagys",http://books.google.com/books/content?id=LXkCKQAACAAJ&printsec=frontcover&img=1&zoom=1&source=gbs_api,covers/9780751529810.jpg,ok_googlebooks
9780099408390,Where the Wild Things Are,Maurice Sendak,https://covers.openlibrary.org/b/isbn/9780099408390-L.jpg,covers/9780099408390.jpg,ok_openlibrary
9780446693810,A Walk to Remember,Nicholas Sparks,,,not_found
9780440241420,"Confessions of a Shopaholic (Shopaholic, #1)",Sophie Kinsella,,,not_found
9780143037150,The Memory Keeper's Daughter,Kim Edwards,,,not_found
9780670026610,"Me Before You (Me Before You, #1)",Jojo Moyes,,,not_found
9780143038090,The Joy Luck Club,Amy Tan,http://books.google.com/books/content?id=2mgnEzzaJrIC&printsec=frontcover&img=1&zoom=1&edge=curl&source=gbs_api,covers/9780143038090.jpg,ok_googlebooks
9780385729340,"The Sisterhood of the Traveling Pants (Sisterhood, #1)",Ann Brashares,http://books.google.com/books/content?id=6MOtbMdy59QC&printsec=frontcover&img=1&zoom=1&source=gbs_api,covers/9780385729340.jpg,ok_googlebooks
9780439244190,"Holes (Holes, #1)","Louis Sachar, Louis Sachar",https://covers.openlibrary.org/b/isbn/9780439244190-L.jpg,covers/9780439244190.jpg,ok_openlibrary
9780684833390,Catch-22,Joseph Heller,,,not_found
9780385490820,The Handmaid's Tale,Margaret Atwood,,,not_found
9780451525260,Les Misérables,"Victor Hugo, Lee Fahnestock, Norman MacAfee",https://covers.openlibrary.org/b/isbn/9780451525260-L.jpg,covers/9780451525260.jpg,ok_openlibrary
9780440498060,"A Wrinkle in Time (A Wrinkle in Time Quintet, #1)",Madeleine L'Engle,,,not_found
9780312422160,Middlesex,Jeffrey Eugenides,,,not_found
9780143039560,The Adventures of Tom Sawyer,"Mark Twain, Guy Cardwell, John Seelye",,,not_found
9781451648540,Steve Jobs,Walter Isaacson,http://books.google.com/books/content?id=8U2oAAAAQBAJ&printsec=frontcover&img=1&zoom=1&edge=curl&source=gbs_api,covers/9781451648540.jpg,ok_googlebooks
9780060987110,"Wicked: The Life and Times of the Wicked Witch of the West (The Wicked Years, #1)","Gregory Maguire, Douglas Smith",,,not_found
9780521618750,Hamlet,"William Shakespeare, Richard Andrews, Rex Gibson",,,not_found
9780582418270,"The Firm (Penguin Readers, Level 5)",John Grisham,,,not_found
9780142000660,The Grapes of Wrath,John Steinbeck,http://books.google.com/books/content?id=DoxPEAAAQBAJ&printsec=frontcover&img=1&zoom=1&edge=curl&source=gbs_api,covers/9780142000660.jpg,ok_googlebooks
9780316098340,Room,Emma Donoghue,,,not_found
9781416914300,"City of Glass (The Mortal Instruments, #3)",Cassandra Clare,http://books.google.com/books/content?id=nwXmHuuTtxYC&printsec=frontcover&img=1&zoom=1&edge=curl&source=gbs_api,covers/9781416914300.jpg,ok_googlebooks
9780451528830,"Anne of Green Gables (Anne of Green Gables, #1)",L.M. Montgomery,http://books.google.com/books/content?id=pceNEAAAQBAJ&printsec=frontcover&img=1&zoom=1&source=gbs_api,covers/9780451528830.jpg,ok_googlebooks
9780340839940,Dune (Dune Chronicles #1),Frank Herbert,,,not_found
9780451163970,One Flew Over the Cuckoo's Nest,Ken Kesey,,,not_found
9780316346630,The Tipping Point: How Little Things Can Make a Big Difference,Malcolm Gladwell,,,not_found
9780440242950,"Outlander (Outlander, #1)",Diana Gabaldon,,,not_found
9780060759960,Divine Secrets of the Ya-Ya Sisterhood,Rebecca Wells,,,not_found
9781594744760,"Miss Peregrine’s Home for Peculiar Children (Miss Peregrine’s Peculiar Children, #1)",Ransom Riggs,http://books.google.com/books/content?id=rkeQEAAAQBAJ&printsec=frontcover&img=1&zoom=1&source=gbs_api,covers/9781594744760.jpg,ok_googlebooks
9780307270000,"The Girl Who Kicked the Hornet's Nest (Millennium, #3)","Stieg Larsson, Reg Keeland",,,not_found
9780142437260,The Scarlet Letter,"Nathaniel Hawthorne, Thomas E. Connolly, Nina Baym",,,not_found
9780553573430,"A Storm of Swords (A Song of Ice and Fire, #3)",George R.R. Martin,,,not_found
9781401308580,The Five People You Meet in Heaven,Mitch Albom,,,not_found
9780684830490,The Old Man and the Sea,Ernest Hemingway,https://covers.openlibrary.org/b/isbn/9780684830490-L.jpg,covers/9780684830490.jpg,ok_openlibrary
9780451207140,"The Pillars of the Earth (The Kingsbridge Series, #1)",Ken Follett,,,not_found
9780804139020,The Martian,Andy Weir,,,not_found
9781476746590,All the Light We Cannot See,Anthony Doerr,,,not_found
,The Stranger,"Albert Camus, Matthew    Ward",,,not_found
9781400064170,"Unbroken: A World War II Story of Survival, Resilience, and Redemption",Laura Hillenbrand,,,not_found
9780312353770,The Red Tent,Anita Diamant,http://books.google.com/books/content?id=i2u3PAAACAAJ&printsec=frontcover&img=1&zoom=1&source=gbs_api,covers/9780312353770.jpg,ok_googlebooks
9780671027380,Deception Point,Dan Brown,,,not_found
9780316055440,The Goldfinch,Donna Tartt,,,not_found
9780786856860,"The Sea of Monsters (Percy Jackson and the Olympians, #2)",Rick Riordan,,,not_found
9781595141710,Thirteen Reasons Why,Jay Asher,,,not_found
9780312321180,"Something Borrowed (Darcy & Rachel, #1)",Emily Giffin,,,not_found
9780743477110,Macbeth,William Shakespeare,,,not_found
9780446528050,Dear John,Nicholas Sparks,,,not_found
9780192833590,Great Expectations,Charles Dickens,http://books.google.com/books/content?id=HByVN01euAAC&printsec=frontcover&img=1&zoom=1&edge=curl&source=gbs_api,covers/9780192833590.jpg,ok_googlebooks
9781416914300,"City of Ashes (The Mortal Instruments, #2)",Cassandra Clare,,,not_found
9780618346260,"The Two Towers (The Lord of the Rings, #2)",J.R.R. Tolkien,,,not_found
9780394800160,Green Eggs and Ham,"Dr. Seuss, לאה נאור",,,not_found
9780452287020,Girl with a Pearl Earring,Tracy Chevalier,https://covers.openlibrary.org/b/isbn/9780452287020-L.jpg,covers/9780452287020.jpg,ok_openlibrary
9781423101470,"The Battle of the Labyrinth (Percy Jackson and the Olympians, #4)",Rick Riordan,,,not_found
9781423113390,"The Lost Hero (The Heroes of Olympus, #1)",Rick Riordan,,,not_found
9780142403880,"Charlie and the Chocolate Factory (Charlie Bucket, #1)","Roald Dahl, Quentin Blake",,,not_found
9780525421030,"If I Stay (If I Stay, #1)",Gayle Forman,https://covers.openlibrary.org/b/isbn/9780525421030-L.jpg,covers/9780525421030.jpg,ok_openlibrary
9781250012580,Eleanor & Park,Rainbow Rowell,,,not_found
9780553582020,"A Feast for Crows (A Song of Ice and Fire, #4)",George R.R. Martin,,,not_found
9780747263750,"American Gods (American Gods, #1)",Neil Gaiman,,,not_found
9780525423640,"Matched (Matched, #1)",Ally Condie,,,not_found
9780385199580,The Stand,"Stephen King, Bernie Wrightson",,,not_found
9780345339740,"The Return of the King (The Lord of the Rings, #3)",J.R.R. Tolkien,,,not_found
9780141439590,Emma,"Jane Austen, Fiona Stafford",,,not_found
,"A Dance with Dragons (A Song of Ice and Fire, #5)",George R.R. Martin,,,not_found
9780451169520,It,Stephen King,http://books.google.com/books/content?id=0ovrrHwi2JMC&printsec=frontcover&img=1&zoom=1&source=gbs_api,covers/9780451169520.jpg,ok_googlebooks
9780446547570,The Last Song,Nicholas Sparks,,,not_found
9780393312840,A Clockwork Orange,Anthony Burgess,,,not_found
9780739380340,"The Last Olympian (Percy Jackson and the Olympians, #5)",Rick Riordan,,,not_found
9780061148510,The Bell Jar,Sylvia Plath,http://books.google.com/books/content?id=kDPYAAAAMAAJ&printsec=frontcover&img=1&zoom=1&source=gbs_api,covers/9780061148510.jpg,ok_googlebooks
9780345803920,Anna Karenina,"Leo Tolstoy, Louise Maude, Leo Tolstoj, Aylmer Maude",,,not_found
9780552151700,Digital Fortress,Dan Brown,,,not_found
9780553208850,Siddhartha,"Hermann Hesse, Hilda Rosner",http://books.google.com/books/content?id=tFA2VWiKaKAC&printsec=frontcover&img=1&zoom=1&source=gbs_api,covers/9780553208850.jpg,ok_googlebooks
9780679745590,In Cold Blood,Truman Capote,,,not_found
9780143058140,Crime and Punishment,"Fyodor Dostoyevsky, David McDuff",,,not_found
9780007205230,"Angela's Ashes (Frank McCourt, #1)",Frank McCourt,,,not_found
9780141301070,Matilda,"Roald Dahl, Quentin Blake",,,not_found
9780316042670,"Beautiful Creatures (Caster Chronicles, #1)","Kami Garcia, Margaret Stohl",,,not_found
9781416975860,"Clockwork Angel (The Infernal Devices, #1)",Cassandra Clare,,,not_found
,"Beautiful Disaster (Beautiful, #1)",Jamie McGuire,,,not_found
9780743227440,"The Other Boleyn Girl (The Plantagenet and Tudor Novels, #9)",Philippa Gregory,,,not_found
9780964729230,The Shack,William Paul Young,https://covers.openlibrary.org/b/isbn/9780964729230-L.jpg,covers/9780964729230.jpg,ok_openlibrary
9780689865380,"Uglies (Uglies, #1)",Scott Westerfeld,,,not_found
9780307592740,Wild: From Lost to Found on the Pacific Crest Trail,Cheryl Strayed,http://books.google.com/books/content?id=t-wXnNQ2NawC&printsec=frontcover&img=1&zoom=1&edge=curl&source=gbs_api,covers/9780307592740.jpg,ok_googlebooks
9780142437250,"Moby-Dick or, The Whale","Herman Melville, Andrew Delbanco, Tom Quirk",,,not_found
9780756404080,"The Name of the Wind (The Kingkiller Chronicle, #1)",Patrick Rothfuss,,,not_found
9780618640160,"The Lord of the Rings (The Lord of the Rings, #1-3)",J.R.R. Tolkien,,,not_found
9780930289230,Watchmen,"Alan Moore, Dave Gibbons, John Higgins",,,not_found
9780441008540,"Dead Until Dark (Sookie Stackhouse, #1)",Charlaine Harris,http://books.google.com/books/content?id=lyAVyevfohEC&printsec=frontcover&img=1&zoom=1&source=gbs_api,covers/9780441008540.jpg,ok_googlebooks
9780385340990,The Guernsey Literary and Potato Peel Pie Society,"Mary Ann Shaffer, Annie Barrows",,,not_found
9780316017920,Outliers: The Story of Success,Malcolm Gladwell,,,not_found
9780393327340,Fight Club,Chuck Palahniuk,,,not_found
9780671727800,The Color Purple,Alice Walker,,,not_found
9780739461200,Marley and Me: Life and Love With the World's Worst Dog,John Grogan,,,not_found
9780385504220,"The Lost Symbol (Robert Langdon, #3)",Dan Brown,,,not_found
9780312330870,And Then There Were None,Agatha Christie,,,not_found
9780345476880,"Interview with the Vampire (The Vampire Chronicles, #1)",Anne Rice,,,not_found
9781416989420,"Hush, Hush (Hush, Hush, #1)",Becca Fitzpatrick,,,not_found
9780385534640,The Night Circus,Erin Morgenstern,,,not_found
9780062059930,"The Selection (The Selection, #1)",Kiera Cass,,,not_found
9780312362090,"One for the Money (Stephanie Plum, #1)",Janet Evanovich,,,not_found
9781400052170,The Immortal Life of Henrietta Lacks,Rebecca Skloot,,,not_found
9780099446780,"The Silence of the Lambs  (Hannibal Lecter, #2)",Thomas Harris,,,not_found
9781595141740,"Vampire Academy (Vampire Academy, #1)",Richelle Mead,,,not_found
9780316010660,Blink: The Power of Thinking Without Thinking,Malcolm Gladwell,,,not_found
9781554681720,The Art of Racing in the Rain,Garth Stein,,,not_found
9781561797460,A Christmas Carol,Charles Dickens,,,not_found
9780307887440,Ready Player One,Ernest Cline,,,not_found
9780425263910,"Bared to You (Crossfire, #1)",Sylvia Day,,,not_found
9780141382890,"The Titan's Curse (Percy Jackson and the Olympians, #3)",Rick Riordan,https://covers.openlibrary.org/b/isbn/9780141382890-L.jpg,covers/9780141382890.jpg,ok_openlibrary
9780553213690,The Metamorphosis,"Franz Kafka, Stanley Corngold",https://covers.openlibrary.org/b/isbn/9780553213690-L.jpg,covers/9780553213690.jpg,ok_openlibrary
9781558743660,"A Child Called ""It"" (Dave Pelzer #1)",Dave Pelzer,,,not_found
9780385721790,Atonement,Ian McEwan,https://covers.openlibrary.org/b/isbn/9780385721790-L.jpg,covers/9780385721790.jpg,ok_openlibrary
9780385339090,The Client,John Grisham,http://books.google.com/books/content?id=m9UOzU4jBWUC&printsec=frontcover&img=1&zoom=1&edge=curl&source=gbs_api,covers/9780385339090.jpg,ok_googlebooks
9780316043140,Twilight: The Complete Illustrated Movie Companion,Mark Cotta Vaz,,,not_found
9780066238500,"The Chronicles of Narnia (Chronicles of Narnia, #1-7)","C.S. Lewis, Pauline Baynes",https://covers.openlibrary.org/b/isbn/9780066238500-L.jpg,covers/9780066238500.jpg,ok_openlibrary
9780752864330,"The Bourne Identity (Jason Bourne, #1)",Robert Ludlum,,,not_found
9780385738930,"Fallen (Fallen, #1)",Lauren Kate,,,not_found
9780307341560,Dark Places,Gillian Flynn,,,not_found
9780142000660,East of Eden,John Steinbeck,,,not_found
9780192802640,Persuasion,"Jane Austen, James Kinsley, Deidre Shauna Lynch",,,not_found
9780451527740,Alice's Adventures in Wonderland & Through the Looking-Glass,"Lewis Carroll, John Tenniel, Martin Gardner",,,not_found
9780786817870,"Artemis Fowl (Artemis Fowl, #1)",Eoin Colfer,https://covers.openlibrary.org/b/isbn/9780786817870-L.jpg,covers/9780786817870.jpg,ok_openlibrary
9780312370830,Sarah's Key,Tatiana de Rosnay,,,not_found
9780312291630,"The Nanny Diaries (Nanny, #1)","Emma McLaughlin, Nicola Kraus",,,not_found
9780452284690,"The Gunslinger (The Dark Tower, #1)",Stephen King,,,not_found
9780141310890,Speak,Laurie Halse Anderson,,,not_found
9780385494790,Into Thin Air: A Personal Account of the Mount Everest Disaster,Jon Krakauer,,,not_found
9780399159340,The Husband's Secret,Liane Moriarty,,,not_found
9781416524300,Carrie,Stephen King,,,not_found
9780307346600,World War Z: An Oral History of the Zombie War,Max Brooks,,,not_found
9780312422270,Running with Scissors,Augusten Burroughs,,,not_found
9780440227530,Number the Stars,Lois Lowry,,,not_found
9780385537860,"Inferno (Robert Langdon, #4)",Dan Brown,,,not_found
9780446692630,"Along Came a Spider (Alex Cross, #1)",James Patterson,,,not_found
9780439366780,Bridge to Terabithia,Katherine Paterson,,,not_found
9780743477540,A Midsummer Night's Dream,"William Shakespeare, Barbara A. Mowat, Paul Werstine, Catherine Belsey",http://books.google.com/books/content?id=axN5DAAAQBAJ&printsec=frontcover&img=1&zoom=1&edge=curl&source=gbs_api,covers/9780743477540.jpg,ok_googlebooks
9780312360270,"Marked (House of Night, #1)","P.C. Cast, Kristin Cast",,,not_found
9780618711660,Extremely Loud and Incredibly Close,Jonathan Safran Foer,,,not_found
9780307341550,Sharp Objects,Gillian Flynn,,,not_found
9780743269510,The 7 Habits of Highly Effective People: Powerful Lessons in Personal Change,Stephen R. Covey,,,not_found
9780450417400,Misery,Stephen King,,,not_found
9780385738750,"The Scorch Trials (Maze Runner, #2)",James Dashner,https://covers.openlibrary.org/b/isbn/9780385738750-L.jpg,covers/9780385738750.jpg,ok_openlibrary
9780312641890,"Cinder (The Lunar Chronicles, #1)",Marissa Meyer,,,not_found
9780545123270,"Shiver (The Wolves of Mercy Falls, #1)",Maggie Stiefvater,http://books.google.com/books/content?id=nZyymAEACAAJ&printsec=frontcover&img=1&zoom=1&source=gbs_api,covers/9780545123270.jpg,ok_googlebooks
9780316206850,"The Cuckoo's Calling (Cormoran Strike, #1)","Robert Galbraith, J.K. Rowling",,,not_found
9780394800010,The Cat in the Hat,Dr. Seuss,,,not_found
9780143038250,Three Cups of Tea: One Man's Mission to Promote Peace ... One School at a Time,"Greg Mortenson, David Oliver Relin",,,not_found
9780452011880,Atlas Shrugged,"Ayn Rand, Leonard Peikoff",,,not_found
9780143034900,"The Shadow of the Wind (The Cemetery of Forgotten Books,  #1)","Carlos Ruiz Zafón, Lucia Graves",,,not_found
9780671723650,How to Win Friends and Influence People,Dale Carnegie,,,not_found
9780375869020,Wonder,R.J. Palacio,https://covers.openlibrary.org/b/isbn/9780375869020-L.jpg,covers/9780375869020.jpg,ok_openlibrary
9780517223630,Alice in Wonderland,"Jane Carruth, Lewis Carroll, Rene Cloke",,,not_found
9780061120080,A Tree Grows in Brooklyn,Betty  Smith,http://books.google.com/books/content?id=ncuX8p2xLIUC&printsec=frontcover&img=1&zoom=1&source=gbs_api,covers/9780061120080.jpg,ok_googlebooks
9780767900390,Under the Tuscan Sun,Frances Mayes,,,not_found
9780743297330,The Sun Also Rises,Ernest Hemingway,,,not_found
9780590920680,Ella Enchanted,Gail Carson Levine,,,not_found
9780399167060,Big Little Lies,Liane Moriarty,,,not_found
9780446677390,"Kiss the Girls (Alex Cross, #2)",James Patterson,,,not_found
9780312577220,The Nightingale,Kristin Hannah,,,not_found
9781400078780,Never Let Me Go,Kazuo Ishiguro,,,not_found
9780553803720,Foundation (Foundation #1),Isaac Asimov,http://books.google.com/books/content?id=g5ZaPwAACAAJ&printsec=frontcover&img=1&zoom=1&source=gbs_api,covers/9780553803720.jpg,ok_googlebooks
9780156030300,Flowers for Algernon,Daniel Keyes,,,not_found
9780451205770,The Godfather,"Mario Puzo, Robert Thompson, Peter Bart",,,not_found
9780525476890,An Abundance of Katherines,John Green,,,not_found
9780061726840,"Delirium (Delirium, #1)",Lauren Oliver,http://books.google.com/books/content?id=f8-qHCMawawC&printsec=frontcover&img=1&zoom=1&source=gbs_api,covers/9780061726840.jpg,ok_googlebooks
9781400034680,Love in the Time of Cholera,"Gabriel García Márquez, Edith Grossman",https://covers.openlibrary.org/b/isbn/9781400034680-L.jpg,covers/9781400034680.jpg,ok_openlibrary
9781844080380,Rebecca,"Daphne du Maurier, Sally Beauman",https://covers.openlibrary.org/b/isbn/9781844080380-L.jpg,covers/9781844080380.jpg,ok_openlibrary
9780786890750,P.S. I Love You,Cecelia Ahern,https://covers.openlibrary.org/b/isbn/9780786890750-L.jpg,covers/9780786890750.jpg,ok_openlibrary
9780060513060,A Light in the Attic,Shel Silverstein,,,not_found
9780062255660,The Ocean at the End of the Lane,Neil Gaiman,,,not_found
9780812968060,Snow Flower and the Secret Fan,Lisa See,,,not_found
9780552995870,Like Water for Chocolate,"Laura Esquivel, Thomas  Christensen, Carol Christensen",https://covers.openlibrary.org/b/isbn/9780552995870-L.jpg,covers/9780552995870.jpg,ok_openlibrary
9781476729080,"The Rosie Project (Don Tillman, #1)",Graeme Simsion,http://books.google.com/books/content?id=zUL6AAAAQBAJ&printsec=frontcover&img=1&zoom=1&edge=curl&source=gbs_api,covers/9781476729080.jpg,ok_googlebooks
9780446579930,The Lucky One,Nicholas Sparks,http://books.google.com/books/content?id=MGf2lwEACAAJ&printsec=frontcover&img=1&zoom=1&source=gbs_api,covers/9780446579930.jpg,ok_googlebooks
9780751565360,"Harry Potter and the Cursed Child - Parts One and Two (Harry Potter, #8)","John Tiffany, Jack Thorne, J.K. Rowling",,,not_found
9780385339700,The Pelican Brief,John Grisham,,,not_found
9780061139380,Coraline,Neil Gaiman,,,not_found
9780060853980,"Good Omens: The Nice and Accurate Prophecies of Agnes Nutter, Witch","Terry Pratchett, Neil Gaiman",,,not_found
9780451191150,The Fountainhead,"Ayn Rand, Leonard Peikoff",http://books.google.com/books/content?id=OB2TEAAAQBAJ&printsec=frontcover&img=1&zoom=1&source=gbs_api,covers/9780451191150.jpg,ok_googlebooks
9780140042600,On the Road,Jack Kerouac,,,not_found
9780739303400,"The Devil in the White City: Murder, Magic, and Madness at the Fair That Changed America","Erik Larson, Tony Goldwyn",,,not_found
9780425172900,"The Hunt for Red October (Jack Ryan Universe, #4)",Tom Clancy,,,not_found
9780307886260,Is Everyone Hanging Out Without Me? (And Other Concerns),Mindy Kaling,,,not_found
9780380395870,"Watership Down (Watership Down, #1)",Richard Adams,,,not_found
9780753453800,Treasure Island,Robert Louis Stevenson,,,not_found
9781423140600,"The Son of Neptune (The Heroes of Olympus, #2)",Rick Riordan,,,not_found
9780375414500,Cutting for Stone,Abraham Verghese,,,not_found
9781451627280,11/22/63,Stephen King,,,not_found
9780241003010,The Very Hungry Caterpillar Board Book,Eric Carle,,,not_found
9780451528550,The Time Machine,"H.G. Wells, Greg Bear, Carlo Pagetti",,,not_found
9780849946160,Heaven is for Real: A Little Boy's Astounding Story of His Trip to Heaven and Back,"Todd Burpo, Lynn Vincent",,,not_found
9780140285600,Cat's Cradle,Kurt Vonnegut Jr.,,,not_found
9780385751060,The Boy in the Striped Pajamas,John Boyne,,,not_found
9781892295490,Heart of Darkness,Joseph Conrad,,,not_found
9780446547600,Safe Haven,Nicholas Sparks,http://books.google.com/books/content?id=w1l_cgAACAAJ&printsec=frontcover&img=1&zoom=1&source=gbs_api,covers/9780446547600.jpg,ok_googlebooks
9781582701710,"The Secret (The Secret, #1)",Rhonda Byrne,,,not_found
9781416524340,Pet Sematary,Stephen King,,,not_found
9780671021010,She's Come Undone,Wally Lamb,,,not_found
9780061125270,"The Voyage of the Dawn Treader (Chronicles of Narnia, #3)","C.S. Lewis, Pauline Baynes",https://covers.openlibrary.org/b/isbn/9780061125270-L.jpg,covers/9780061125270.jpg,ok_openlibrary
,Fangirl,Rainbow Rowell,,,not_found
9781442403540,"City of Fallen Angels (The Mortal Instruments, #4)",Cassandra Clare,,,not_found
9780756404730,"The Wise Man's Fear (The Kingkiller Chronicle, #2)",Patrick Rothfuss,,,not_found
9780743418170,"Good in Bed (Cannie Shapiro, #1)",Jennifer Weiner,http://books.google.com/books/content?id=ZptbCgAAQBAJ&printsec=frontcover&img=1&zoom=1&edge=curl&source=gbs_api,covers/9780743418170.jpg,ok_googlebooks
9780440241900,Can You Keep a Secret?,Sophie Kinsella,,,not_found
9780060987560,I Know This Much Is True,Wally Lamb,,,not_found
9780380018180,The Thorn Birds,Colleen McCullough,,,not_found
9780060530920,The Graveyard Book,"Neil Gaiman, Dave McKean",,,not_found
9781451681730,The Light Between Oceans,M.L. Stedman,,,not_found
9780439709100,"Inkheart (Inkworld, #1)","Cornelia Funke, Anthea Bell",,,not_found
9780091883770,Who Moved My Cheese?,"Spencer Johnson, Kenneth H. Blanchard",,,not_found
9780553279380,I Know Why the Caged Bird Sings,Maya Angelou,,,not_found
9780061950730,Orphan Train,Christina Baker Kline,,,not_found
9781442416860,"City of Lost Souls (The Mortal Instruments, #5)",Cassandra Clare,,,not_found
9780060557810,Neverwhere,Neil Gaiman,http://books.google.com/books/content?id=yuCUZ3km3qIC&printsec=frontcover&img=1&zoom=1&edge=curl&source=gbs_api,covers/9780060557810.jpg,ok_googlebooks
9780571224390,The Unbearable Lightness of Being,"Milan Kundera, Michael Henry Heim",,,not_found
9780552135400,A Prayer for Owen Meany,John Irving,,,not_found
9780316204280,"Where'd You Go, Bernadette",Maria Semple,,,not_found
9780316182550,White Oleander,Janet Fitch,,,not_found
9780399256750,"Legend (Legend, #1)",Marie Lu,,,not_found
9780743496730,Nineteen Minutes,Jodi Picoult,,,not_found
9781401323260,The Last Lecture,"Randy Pausch, Jeffrey Zaslow",,,not_found
9780307279460,A Walk in the Woods,Bill Bryson,https://covers.openlibrary.org/b/isbn/9780307279460-L.jpg,covers/9780307279460.jpg,ok_openlibrary
9780812511820,"The Eye of the World (Wheel of Time, #1)",Robert Jordan,,,not_found
,We Were Liars,E. Lockhart,,,not_found
9780340896970,One Day,David Nicholls,http://books.google.com/books/content?id=d4UwAAAACAAJ&printsec=frontcover&img=1&zoom=1&source=gbs_api,covers/9780340896970.jpg,ok_googlebooks
9780061150140,The Pact,Jodi Picoult,,,not_found
9780060764910,"The Magician's Nephew (Chronicles of Narnia, #6)",C.S. Lewis,,,not_found
9780375814240,James and the Giant Peach,"Roald Dahl, Quentin Blake",http://books.google.com/books/content?id=0GU_PgAACAAJ&printsec=frontcover&img=1&zoom=1&source=gbs_api,covers/9780375814240.jpg,ok_googlebooks
9780425263910,"Reflected in You (Crossfire, #2)",Sylvia Day,,,not_found
9780345453750,The Ultimate Hitchhiker's Guide to the Galaxy,Douglas Adams,,,not_found
9780375806810,Where the Red Fern Grows,Wilson Rawls,https://covers.openlibrary.org/b/isbn/9780375806810-L.jpg,covers/9780375806810.jpg,ok_openlibrary
9780446696620,"1st to Die (Women's Murder Club, #1)",James Patterson,,,not_found
9780595440090,Still Alice,Lisa Genova,,,not_found
9780060775860,Goodnight Moon,"Margaret Wise Brown, Clement Hurd",,,not_found
9780061969550,"I Am Number Four (Lorien Legacies, #1)",Pittacus Lore,,,not_found
9780316228530,The Casual Vacancy,J.K. Rowling,,,not_found
9780385339700,The Runaway Jury,John Grisham,,,not_found
9780375840400,"Eldest (The Inheritance Cycle, #2)",Christopher Paolini,,,not_found
9780316777740,Naked,David Sedaris,,,not_found
9780062268340,Yes Please,Amy Poehler,,,not_found
9780140621680,"The Wonderful Wizard of Oz (Oz, #1)","L. Frank Baum, W.W. Denslow",,,not_found
9780679785900,Fear and Loathing in Las Vegas,"Hunter S. Thompson, Ralph Steadman",,,not_found
9780140275360,The Iliad,"Homer, Robert Fagles, Frédéric Mugler, Bernard Knox",https://covers.openlibrary.org/b/isbn/9780140275360-L.jpg,covers/9780140275360.jpg,ok_openlibrary
9781400033420,Beloved,Toni Morrison,,,not_found
9781416975880,"Clockwork Prince (The Infernal Devices, #2)",Cassandra Clare,,,not_found
9780152063960,"Graceling (Graceling Realm, #1)",Kristin Cashore,,,not_found
9780439206470,"The Bad Beginning (A Series of Unfortunate Events, #1)","Lemony Snicket, Brett Helquist",,,not_found
9780450031070,'Salem's Lot,Stephen King,,,not_found
9780679805270,"Oh, The Places You'll Go!",Dr. Seuss,,,not_found
9781594631760,And the Mountains Echoed,Khaled Hosseini,,,not_found
9780743477550,Othello,William Shakespeare,https://covers.openlibrary.org/b/isbn/9780743477550-L.jpg,covers/9780743477550.jpg,ok_openlibrary
9780345404470,Do Androids Dream of Electric Sheep?,"Philip K. Dick, Roger Zelazny",,,not_found
9780141439750,Oliver Twist,"Charles Dickens, George Cruikshank, Philip Horne",,,not_found
9780007173040,How the Grinch Stole Christmas!,Dr. Seuss,,,not_found
9781401207920,V for Vendetta,"Alan Moore, David   Lloyd",,,not_found
9780743223130,John Adams,David McCullough,,,not_found
9780449213940,All Quiet on the Western Front,"Erich Maria Remarque, A.W. Wheen",https://covers.openlibrary.org/b/isbn/9780449213940-L.jpg,covers/9780449213940.jpg,ok_openlibrary
9780060652890,The Screwtape Letters,C.S. Lewis,https://covers.openlibrary.org/b/isbn/9780060652890-L.jpg,covers/9780060652890.jpg,ok_openlibrary
9780525423270,"Anna and the French Kiss (Anna and the French Kiss, #1)",Stephanie Perkins,https://covers.openlibrary.org/b/isbn/9780525423270-L.jpg,covers/9780525423270.jpg,ok_openlibrary
9780553384280,"Odd Thomas (Odd Thomas, #1)",Dean Koontz,,,not_found
9780679879250,"The Subtle Knife (His Dark Materials, #2)",Philip Pullman,,,not_found
9780767908180,A Short History of Nearly Everything,Bill Bryson,http://books.google.com/books/content?id=YjAnfhsAQ8wC&printsec=frontcover&img=1&zoom=1&edge=curl&source=gbs_api,covers/9780767908180.jpg,ok_googlebooks
9780670022410,"A Discovery of Witches (All Souls Trilogy, #1)",Deborah Harkness,https://covers.openlibrary.org/b/isbn/9780670022410-L.jpg,covers/9780670022410.jpg,ok_openlibrary
9780439488400,"Stargirl (Stargirl, #1)",Jerry Spinelli,,,not_found
9780141311370,The BFG,"Roald Dahl, Quentin Blake",,,not_found
9780441788380,Stranger in a Strange Land,Robert A. Heinlein,,,not_found
9780385738770,"The Death Cure (Maze Runner, #3)",James Dashner,,,not_found
9780375704020,Norwegian Wood,"Haruki Murakami, Jay Rubin",http://books.google.com/books/content?id=6QePDQAAQBAJ&printsec=frontcover&img=1&zoom=1&edge=curl&source=gbs_api,covers/9780375704020.jpg,ok_googlebooks
9780439227150,The Call of the Wild,Jack London,,,not_found
9781423113390,"The Red Pyramid (Kane Chronicles, #1)",Rick Riordan,,,not_found
9780965904830,Dress Your Family in Corduroy and Denim,David Sedaris,,,not_found
9780061142020,Stardust,Neil Gaiman,,,not_found
9780618485220,The Namesake,Jhumpa Lahiri,,,not_found
9780307276900,A Million Little Pieces,James Frey,,,not_found
9780007202300,"Prince Caspian (Chronicles of Narnia, #2)",C.S. Lewis,https://covers.openlibrary.org/b/isbn/9780007202300-L.jpg,covers/9780007202300.jpg,ok_openlibrary
9780307352150,Quiet: The Power of Introverts in a World That Can't Stop Talking,Susan Cain,,,not_found
9780440439880,"Island of the Blue Dolphins (Island of the Blue Dolphins, #1)",Scott O'Dell,,,not_found
9780765311790,"The Final Empire (Mistborn, #1)",Brandon Sanderson,,,not_found
9780451528960,The Strange Case of Dr. Jekyll and Mr. Hyde,"Robert Louis Stevenson, Vladimir Nabokov, Mervyn Peake, Dan Chaon",,,not_found
9780525421580,"Will Grayson, Will Grayson","John Green, David Levithan",https://covers.openlibrary.org/b/isbn/9780525421580-L.jpg,covers/9780525421580.jpg,ok_openlibrary
9780142437340,The Crucible,"Arthur Miller, Christopher Bigsby",,,not_found
9780446672210,Where the Heart Is,Billie Letts,,,not_found
9781595141750,"Frostbite (Vampire Academy, #2)",Richelle Mead,https://covers.openlibrary.org/b/isbn/9781595141750-L.jpg,covers/9781595141750.jpg,ok_openlibrary
9780679889110,The Lorax,Dr. Seuss,,,not_found
9780810993140,"Diary of a Wimpy Kid (Diary of a Wimpy Kid, #1)",Jeff Kinney,,,not_found
9781599906960,"Throne of Glass (Throne of Glass, #1)",Sarah J. Maas,,,not_found
9780684803360,For Whom the Bell Tolls,Ernest Hemingway,,,not_found
9780689840920,"Hatchet (Brian's Saga, #1)",Gary Paulsen,https://covers.openlibrary.org/b/isbn/9780689840920-L.jpg,covers/9780689840920.jpg,ok_openlibrary
,The Three Musketeers,Alexandre Dumas,,,not_found
9780140120840,Perfume: The Story of a Murderer,"Patrick Süskind, John E. Woods",,,not_found
9780060838580,Fast Food Nation: The Dark Side of the All-American Meal,Eric Schlosser,,,not_found
9780747599880,The Tales of Beedle the Bard,J.K. Rowling,,,not_found
9780099910110,A Farewell to Arms,Ernest Hemingway,,,not_found
9780441569600,Neuromancer,William Gibson,,,not_found
9781590302260,The Art of War,"Sun Tzu, Thomas Cleary",,,not_found
9780385344230,Defending Jacob,William Landay,,,not_found
9780345505330,Hotel on the Corner of Bitter and Sweet,Jamie Ford,https://covers.openlibrary.org/b/isbn/9780345505330-L.jpg,covers/9780345505330.jpg,ok_openlibrary
9780385334200,Breakfast of Champions,Kurt Vonnegut Jr.,,,not_found
9780874774240,The New Drawing on the Right Side of the Brain,Betty Edwards,,,not_found
9780375508420,Fried Green Tomatoes at the Whistle Stop Cafe,Fannie Flagg,,,not_found
9780385474540,"Things Fall Apart (The African Trilogy, #1)",Chinua Achebe,,,not_found
9780385338690,The Undomestic Goddess,Sophie Kinsella,,,not_found
9780553212280,The Tell-Tale Heart and Other Writings,Edgar Allan Poe,https://covers.openlibrary.org/b/isbn/9780553212280-L.jpg,covers/9780553212280.jpg,ok_openlibrary
9781881273160,The Five Love Languages: How to Express Heartfelt Commitment to Your Mate,Gary Chapman,,,not_found
9780743298020,The Thirteenth Tale,Diane Setterfield,,,not_found
9780739467350,"Guns, Germs, and Steel: The Fates of Human Societies",Jared Diamond,,,not_found
9781595141990,"Blood Promise (Vampire Academy, #4)",Richelle Mead,http://books.google.com/books/content?id=65JokrXHkg8C&printsec=frontcover&img=1&zoom=1&edge=curl&source=gbs_api,covers/9781595141990.jpg,ok_googlebooks
9780060838720,Bel Canto,Ann Patchett,https://covers.openlibrary.org/b/isbn/9780060838720-L.jpg,covers/9780060838720.jpg,ok_openlibrary
9781416589650,Little Bee,Chris Cleave,,,not_found
9781595141970,"Shadow Kiss (Vampire Academy, #3)",Richelle Mead,,,not_found
9781595142500,"Spirit Bound (Vampire Academy, #5)",Richelle Mead,,,not_found
9780312532760,"Evermore (The Immortals, #1)",Alyson Noel,,,not_found
9780446676080,Message in a Bottle,Nicholas Sparks,,,not_found
9780345521310,The Paris Wife,Paula McLain,,,not_found
9781416914630,Go Ask Alice,"Beatrice Sparks, Anonymous",http://books.google.com/books/content?id=pf1iEQAAQBAJ&printsec=frontcover&img=1&zoom=1&edge=curl&source=gbs_api,covers/9781416914630.jpg,ok_googlebooks
9780545044260,"Harry Potter Boxset (Harry Potter, #1-7)",J.K. Rowling,,,not_found
9780062059960,"The Elite (The Selection, #2)",Kiera Cass,,,not_found
9780156001310,The Name of the Rose,"Umberto Eco, William Weaver, Seán Barrett",,,not_found
9781423140600,"The Mark of Athena (The Heroes of Olympus, #3)",Rick Riordan,http://books.google.com/books/content?id=QtbOnQEACAAJ&printsec=frontcover&img=1&zoom=1&source=gbs_api,covers/9781423140600.jpg,ok_googlebooks
9780590032490,The Witches,"Roald Dahl, Quentin Blake",https://covers.openlibrary.org/b/isbn/9780590032490-L.jpg,covers/9780590032490.jpg,ok_openlibrary
9780670024780,The Invention of Wings,Sue Monk Kidd,https://covers.openlibrary.org/b/isbn/9780670024780-L.jpg,covers/9780670024780.jpg,ok_openlibrary
9780802130200,A Confederacy of Dunces,"John Kennedy Toole, Walker Percy",,,not_found
9781580495810,The Importance of Being Earnest,Oscar Wilde,,,not_found
9780525945570,"Red Dragon (Hannibal Lecter, #1)",Thomas Harris,,,not_found
9781400079280,Kafka on the Shore,"Haruki Murakami, Philip Gabriel",,,not_found
9780060855920,"The Color of Magic (Discworld, #1; Rincewind #1)",Terry Pratchett,,,not_found
9780553380160,A Brief History of Time,"Stephen Hawking, Cao Chi, Phạm Văn Thiều",http://books.google.com/books/content?id=3UZuAAAAQBAJ&printsec=frontcover&img=1&zoom=1&edge=curl&source=gbs_api,covers/9780553380160.jpg,ok_googlebooks
9780553803710,"I, Robot (Robot #0.1)",Isaac Asimov,,,not_found
9780451216950,"Dark Lover (Black Dagger Brotherhood, #1)",J.R. Ward,,,not_found
9780061726810,Before I Fall,Lauren Oliver,,,not_found
9781416989430,"Crescendo (Hush, Hush, #2)",Becca Fitzpatrick,,,not_found
9781439148500,Under the Dome,Stephen King,,,not_found
9780525467560,"Winnie-the-Pooh (Winnie-the-Pooh, #1)","A.A. Milne, Ernest H. Shepard",,,not_found
9780553380960,Snow Crash,Neal Stephenson,,,not_found
9780670061050,Just Listen,Sarah Dessen,,,not_found
9780062060560,Before I Go to Sleep,S.J. Watson,,,not_found
9781420925530,A Study in Scarlet,Arthur Conan Doyle,,,not_found
9780141043760,What Alice Forgot,Liane Moriarty,https://covers.openlibrary.org/b/isbn/9780141043760-L.jpg,covers/9780141043760.jpg,ok_openlibrary
9780060245860,If You Give a Mouse a Cookie,"Laura Joffe Numeroff, Felicia Bond",http://books.google.com/books/content?id=foMKp4EMM64C&printsec=frontcover&img=1&zoom=1&edge=curl&source=gbs_api,covers/9780060245860.jpg,ok_googlebooks
,Holy Bible: King James Version,Anonymous,,,not_found
9780375826730,"Brisingr (The Inheritance Cycle, #3)",Christopher Paolini,,,not_found
9780525951650,"Fall of Giants (The Century Trilogy, #1)",Ken Follett,https://covers.openlibrary.org/b/isbn/9780525951650-L.jpg,covers/9780525951650.jpg,ok_openlibrary
9780751537280,The Historian,Elizabeth Kostova,http://books.google.com/books/content?id=_-62QgAACAAJ&printsec=frontcover&img=1&zoom=1&source=gbs_api,covers/9780751537280.jpg,ok_googlebooks
9780312360280,"Betrayed (House of Night, #2)","P.C. Cast, Kristin Cast",,,not_found
9780451457810,"Storm Front (The Dresden Files, #1)",Jim Butcher,,,not_found
9780310277000,The Purpose Driven Life: What on Earth Am I Here for?,Rick Warren,,,not_found
9781593082640,Northanger Abbey,"Jane Austen, Alfred MacAdam",,,not_found
9780822210890,A Streetcar Named Desire,Tennessee Williams,,,not_found
9780679457310,The God of Small Things,Arundhati Roy,http://books.google.com/books/content?id=VTZfAAAAMAAJ&printsec=frontcover&img=1&zoom=1&source=gbs_api,covers/9780679457310.jpg,ok_googlebooks
9780385353300,Station Eleven,Emily St. John Mandel,,,not_found
9780312323870,"Something Blue (Darcy & Rachel, #2)",Emily Giffin,,,not_found
9780802142850,Cold Mountain,Charles Frazier,,,not_found
9781476738020,A Man Called Ove,"Fredrik Backman, Henning Koch",,,not_found
9781416500190,"The Good Earth (House of Earth, #1)",Pearl S. Buck,,,not_found
9780385335970,"Dragonfly in Amber (Outlander, #2)",Diana Gabaldon,,,not_found
9780140135150,Ways of Seeing,John Berger,,,not_found
9780345368580,The Hobbit: Graphic Novel,"Chuck Dixon, J.R.R. Tolkien, David Wenzel, Sean Deming",,,not_found
9781594489590,The Brief Wondrous Life of Oscar Wao,Junot Díaz,,,not_found
9780316322410,I Am Malala: The Story of the Girl Who Stood Up for Education and Was Shot by the Taliban,"Malala Yousafzai, Christina Lamb",,,not_found
9781406321340,"Clockwork Princess (The Infernal Devices, #3)",Cassandra Clare,https://covers.openlibrary.org/b/isbn/9781406321340-L.jpg,covers/9781406321340.jpg,ok_openlibrary
9780141439810,Mansfield Park,"Jane Austen, Kathryn Sutherland, Tony Tanner, Claire Lamont",,,not_found
9780525422940,"Where She Went (If I Stay, #2)",Gayle Forman,,,not_found
9780670038600,"In the Woods (Dublin Murder Squad, #1)",Tana French,,,not_found
9780743495660,In Her Shoes,Jennifer Weiner,https://covers.openlibrary.org/b/isbn/9780743495660-L.jpg,covers/9780743495660.jpg,ok_openlibrary
9780807014300,Man's Search for Meaning,Viktor E. Frankl,,,not_found
9780061120060,Their Eyes Were Watching God,Zora Neale Hurston,https://covers.openlibrary.org/b/isbn/9780061120060-L.jpg,covers/9780061120060.jpg,ok_openlibrary
9780439321600,Fantastic Beasts and Where to Find Them,"Newt Scamander, J.K. Rowling, Albus Dumbledore",https://covers.openlibrary.org/b/isbn/9780439321600-L.jpg,covers/9780439321600.jpg,ok_openlibrary
9780515141430,"Killing Floor (Jack Reacher, #1)",Lee Child,,,not_found
9780345915600,The World According to Garp,John Irving,,,not_found
9780399162410,"The 5th Wave (The 5th Wave, #1)",Rick Yancey,,,not_found
9780618680010,The God Delusion,Richard Dawkins,,,not_found
9780375757330,Robinson Crusoe,"Daniel Defoe, Gerald McCann, Virginia Woolf",,,not_found
9781439153670,The Kitchen House,Kathleen Grissom,,,not_found
9780385720920,Choke,Chuck Palahniuk,,,not_found
9780374528380,The Brothers Karamazov,"Fyodor Dostoyevsky, Richard Pevear, Larissa Volokhonsky",http://books.google.com/books/content?id=xZlEdVcnzlYC&printsec=frontcover&img=1&zoom=1&edge=curl&source=gbs_api,covers/9780374528380.jpg,ok_googlebooks
9780375822740,"The City of Ember (Book of Ember, #1)",Jeanne DuPrau,,,not_found
9780440238160,"The Amber Spyglass (His Dark Materials, #3)",Philip Pullman,,,not_found
9780937832390,The Prince,"Niccolò Machiavelli, Adolph Caso, Rufus Goodwin, Benjamin Martinez",,,not_found
9780060541810,The Andromeda Strain,Michael Crichton,,,not_found
9780451933030,The Green Mile,Stephen King,,,not_found
9780001000390,The Prophet,Kahlil Gibran,,,not_found
9780765346520,"Wizard's First Rule (Sword of Truth, #1)",Terry Goodkind,https://covers.openlibrary.org/b/isbn/9780765346520-L.jpg,covers/9780765346520.jpg,ok_openlibrary
9780394541560,"Maus I: A Survivor's Tale: My Father Bleeds History (Maus, #1)",Art Spiegelman,,,not_found
9780316769020,Franny and Zooey,J.D. Salinger,https://covers.openlibrary.org/b/isbn/9780316769020-L.jpg,covers/9780316769020.jpg,ok_openlibrary
9780312379830,"Untamed (House of Night, #4)","P.C. Cast, Kristin Cast",,,not_found
9780812550760,"Speaker for the Dead (Ender's Saga, #2)",Orson Scott Card,,,not_found
9781400031700,The Secret History,Donna Tartt,,,not_found
9780375725780,A Heartbreaking Work of Staggering Genius,Dave Eggers,,,not_found
9780439228910,Black Beauty,Anna Sewell,,,not_found
9780553381670,"The Clan of the Cave Bear (Earth's Children, #1)",Jean M. Auel,,,not_found
9780192833980,War and Peace,"Leo Tolstoy, Henry Gifford, Aylmer Maude, Louise Maude",,,not_found
9781400034770,"The No. 1 Ladies' Detective Agency  (No. 1 Ladies' Detective Agency, #1)",Alexander McCall Smith,http://books.google.com/books/content?id=KvyLDQAAQBAJ&printsec=frontcover&img=1&zoom=1&edge=curl&source=gbs_api,covers/9781400034770.jpg,ok_googlebooks
9780679735780,American Psycho,Bret Easton Ellis,,,not_found
9781582406720,"The Walking Dead, Vol. 01: Days Gone Bye","Robert Kirkman, Tony Moore",,,not_found
9780684823780,Mere Christianity,C.S. Lewis,,,not_found
9781590525140,Redeeming Love,Francine Rivers,,,not_found
9780062059990,"The One (The Selection, #3)",Kiera Cass,,,not_found
9780842342700,"Left Behind (Left Behind, #1)","Tim LaHaye, Jerry B. Jenkins",,,not_found
9780451458000,"2001: A Space Odyssey (Space Odyssey, #1)",Arthur C. Clarke,,,not_found
9780805063900,Nickel and Dimed: On (Not) Getting By in America,Barbara Ehrenreich,,,not_found
9780545265360,"The Hunger Games Trilogy Boxset (The Hunger Games, #1-3)",Suzanne Collins,,,not_found
9780812517730,"The Great Hunt (Wheel of Time, #2)",Robert Jordan,,,not_found
9780593053900,Remember Me?,Sophie Kinsella,,,not_found
9780743477150,"Postmortem (Kay Scarpetta, #1)",Patricia Cornwell,,,not_found
9780375507250,Cloud Atlas,David Mitchell,https://covers.openlibrary.org/b/isbn/9780375507250-L.jpg,covers/9780375507250.jpg,ok_openlibrary
9780613371650,"The Princess Diaries (The Princess Diaries, #1)",Meg Cabot,https://covers.openlibrary.org/b/isbn/9780613371650-L.jpg,covers/9780613371650.jpg,ok_openlibrary
9780553256700,The Hiding Place: The Triumphant True Story of Corrie Ten Boom,"Corrie ten Boom, John Sherrill, Elizabeth Sherrill",,,not_found
9780192835090,The Adventures of Sherlock Holmes,Arthur Conan Doyle,,,not_found
9780689865400,"Pretties (Uglies, #2)",Scott Westerfeld,,,not_found
9780312283000,The Amazing Adventures of Kavalier & Clay,Michael Chabon,,,not_found
9780965341980,The Wind-Up Bird Chronicle,"Haruki Murakami, Jay Rubin",,,not_found
9780739465520,"The Lincoln Lawyer (Mickey Haller, #1; Harry Bosch Universe, #16)",Michael Connelly,,,not_found
9780553381540,The Prince of Tides,Pat Conroy,,,not_found
9780805072460,Peter Pan,"J.M. Barrie, Michael Hague",,,not_found
9780802798240,"Perfect Chemistry (Perfect Chemistry, #1)",Simone Elkeles,,,not_found
9780767902890,The Things They Carried,Tim O'Brien,,,not_found
9780385074070,The Complete Stories and Poems,Edgar Allan Poe,https://covers.openlibrary.org/b/isbn/9780385074070-L.jpg,covers/9780385074070.jpg,ok_openlibrary
9781844137880,Wall and Piece,Banksy,,,not_found
9781841493010,"Living Dead in Dallas (Sookie Stackhouse, #2)",Charlaine Harris,,,not_found
9780307277890,"Darkly Dreaming Dexter (Dexter, #1)",Jeff Lindsay,,,not_found
9780061978070,"Pandemonium (Delirium, #2)",Lauren Oliver,,,not_found
9780765305110,"The Dragon Reborn (Wheel of Time, #3)",Robert Jordan,,,not_found
9780141439500,Gulliver's Travels,"Jonathan Swift, Robert DeMaria Jr.",,,not_found
9780743482750,Much Ado About Nothing,"William Shakespeare, Barbara A. Mowat, Paul Werstine, Gail Kern Paster, Robert          Jackson",,,not_found
9780393320980,Beowulf,"Unknown, Seamus Heaney",,,not_found
9781401207530,Batman: Year One,"Frank Miller, David Mazzucchelli, Richmond Lewis, Dennis O'Neil",,,not_found
9780316134030,"Daughter of Smoke & Bone (Daughter of Smoke & Bone, #1)",Laini Taylor,,,not_found
9781409151170,"Red Queen (Red Queen, #1)",Victoria Aveyard,,,not_found
9780679751530,Midnight in the Garden of Good and Evil,John Berendt,,,not_found
9780142437020,A Little Princess,"Frances Hodgson Burnett, Nancy Bond",,,not_found
9781400069290,The Power of Habit: Why We Do What We Do in Life and Business,Charles Duhigg,,,not_found
9781301949820,"Hopeless (Hopeless, #1)",Colleen Hoover,,,not_found
9781595143070,"Last Sacrifice (Vampire Academy, #6)",Richelle Mead,,,not_found
9780064400020,"Little House on the Prairie (Little House, #2)","Laura Ingalls Wilder, Garth Williams",,,not_found
9780380002560,The Velveteen Rabbit,"Margery Williams Bianco, William   Nicholson",,,not_found
9780060589460,Zen and the Art of Motorcycle Maintenance: An Inquiry Into Values,Robert M. Pirsig,,,not_found
9780375759240,The War of the Worlds,"H.G. Wells, Arthur C. Clarke",,,not_found
9780060887310,"Pretty Little Liars (Pretty Little Liars, #1)",Sara Shepard,,,not_found
9780439861370,"The Horse and His Boy (Chronicles of Narnia, #5)",C.S. Lewis,,,not_found
9780446696130,The Rescue,Nicholas Sparks,,,not_found
9780062409850,Go Set a Watchman,Harper Lee,https://covers.openlibrary.org/b/isbn/9780062409850-L.jpg,covers/9780062409850.jpg,ok_openlibrary
,"After You (Me Before You, #2)",Jojo Moyes,,,not_found
9780316143480,When You Are Engulfed in Flames,David Sedaris,,,not_found
9780316176480,Life After Life,Kate Atkinson,,,not_found
9781594200820,The Omnivore's Dilemma: A Natural History of Four Meals,Michael Pollan,,,not_found
9780393315060,"Hamlet: Screenplay, Introduction And Film Diary","Kenneth Branagh, William Shakespeare",,,not_found
9780670241330,Corduroy,Don Freeman,https://covers.openlibrary.org/b/isbn/9780670241330-L.jpg,covers/9780670241330.jpg,ok_openlibrary
9780307348240,Cujo,Stephen King,,,not_found
9780747560590,The Virgin Suicides,Jeffrey Eugenides,,,not_found
9780141439590,Tess of the D'Urbervilles,"Thomas Hardy, Tim Dolin, Margaret R. Higonnet",,,not_found
9780192840390,Madame Bovary,"Gustave Flaubert, Margaret Mauldon, Malcolm Bowie, Mark Overstall",,,not_found
9780765326360,"The Way of Kings (The Stormlight Archive, #1)",Brandon Sanderson,http://books.google.com/books/content?id=cZbQAgAAQBAJ&printsec=frontcover&img=1&zoom=1&edge=curl&source=gbs_api,covers/9780765326360.jpg,ok_googlebooks
9780441012180,"Dead to the World (Sookie Stackhouse, #4)",Charlaine Harris,,,not_found
9780786851970,It's Kind of a Funny Story,Ned Vizzini,,,not_found
9781841493020,"Club Dead (Sookie Stackhouse, #3)",Charlaine Harris,,,not_found
9780765316880,"The Well of Ascension (Mistborn, #2)",Brandon Sanderson,,,not_found
9780345525540,The Language of Flowers,Vanessa Diffenbaugh,,,not_found
9781573225520,High Fidelity,Nick Hornby,http://books.google.com/books/content?id=XnkNAAAACAAJ&printsec=frontcover&img=1&zoom=1&source=gbs_api,covers/9781573225520.jpg,ok_googlebooks
9781563893410,"Batman: The Dark Knight Returns (The Dark Knight Saga, #1)","Frank Miller, Klaus Janson, Lynn Varley",,,not_found
9780060574220,"Men Are from Mars, Women Are from Venus",John Gray,,,not_found
9780446617800,"The Angel Experiment (Maximum Ride, #1)",James Patterson,,,not_found
9780446696110,The Guardian,Nicholas Sparks,http://books.google.com/books/content?id=DyxAPwAACAAJ&printsec=frontcover&img=1&zoom=1&source=gbs_api,covers/9780446696110.jpg,ok_googlebooks
9780394820380,The Phantom Tollbooth,"Norton Juster, Jules Feiffer",,,not_found
9780450574580,Needful Things,Stephen King,https://covers.openlibrary.org/b/isbn/9780450574580-L.jpg,covers/9780450574580.jpg,ok_openlibrary
9780001713220,Are You My Mother?,P.D. Eastman,,,not_found
9780374480100,Tuck Everlasting,Natalie Babbitt,,,not_found
9780060899230,Kitchen Confidential: Adventures in the Culinary Underbelly,Anthony Bourdain,,,not_found
9780099244720,Timeline,Michael Crichton,,,not_found
9782253147700,Christine,"Stephen King, Marie Milpois",,,not_found
9780385721680,"Oryx and Crake (MaddAddam, #1)",Margaret Atwood,,,not_found
9780486266890,Candide,Voltaire,http://books.google.com/books/content?id=vdtI8UBHpYYC&printsec=frontcover&img=1&zoom=1&source=gbs_api,covers/9780486266890.jpg,ok_googlebooks
9780751532720,"Rich Dad, Poor Dad",Robert T. Kiyosaki,,,not_found
9780714833550,The Story of Art,E.H. Gombrich,,,not_found
9780385336000,"Voyager (Outlander, #3)",Diana Gabaldon,https://covers.openlibrary.org/b/isbn/9780385336000-L.jpg,covers/9780385336000.jpg,ok_openlibrary
9780312642970,"Scarlet (The Lunar Chronicles, #2)",Marissa Meyer,,,not_found
9780670020550,The Magicians (The Magicians #1),Lev Grossman,,,not_found
9780689875340,"A Great and Terrible Beauty (Gemma Doyle, #1)",Libba Bray,,,not_found
9780060529700,Everything Is Illuminated,Jonathan Safran Foer,,,not_found
9781421501680,"Death Note, Vol. 1: Boredom (Death Note, #1)","Tsugumi Ohba, Takeshi Obata",,,not_found
9780140439440,David Copperfield,"Charles Dickens, Jeremy Tambling",,,not_found
9780752863890,"The Bourne Supremacy (Jason Bourne, #2)",Robert Ludlum,http://books.google.com/books/content?id=wkKbPwAACAAJ&printsec=frontcover&img=1&zoom=1&source=gbs_api,covers/9780752863890.jpg,ok_googlebooks
9780679760800,The Master and Margarita,"Mikhail Bulgakov, Katherine Tiernan O'Connor, Diana Burgin, Ellendea Proffer",,,not_found
9780553383040,"A Wizard of Earthsea (Earthsea Cycle, #1)",Ursula K. Le Guin,,,not_found
9780763616050,Because of Winn-Dixie,"Kate DiCamillo, Chris Sheban",,,not_found
9780743253970,A Separate Peace,John Knowles,,,not_found
9780385339600,The Rainmaker,John Grisham,,,not_found
9780425266750,"Easy (Contours of the Heart, #1)",Tammara Webber,,,not_found
9780385739150,"Torment (Fallen, #2)",Lauren Kate,,,not_found
9780006480100,"Assassin's Apprentice (Farseer Trilogy, #1)",Robin Hobb,,,not_found
9780064405040,"The Silver Chair (Chronicles of Narnia, #4)","C.S. Lewis, Pauline Baynes",,,not_found
9781442426640,"Silence (Hush, Hush, #3)",Becca Fitzpatrick,,,not_found
9780679746040,"Girl, Interrupted",Susanna Kaysen,http://books.google.com/books/content?id=xNDPlX-dmd8C&printsec=frontcover&img=1&zoom=1&edge=curl&source=gbs_api,covers/9780679746040.jpg,ok_googlebooks
9780723247710,The Tale of Peter Rabbit,Beatrix Potter,,,not_found
9780765316900,"The Hero of Ages (Mistborn, #3)",Brandon Sanderson,,,not_found
9780743278900,Jonathan Livingston Seagull,"Richard Bach, Russell Munson",,,not_found
9780670025820,The Boys in the Boat: Nine Americans and Their Epic Quest for Gold at the 1936 Berlin Olympics,Daniel James Brown,,,not_found
9780061173390,"Are You There, Vodka? It's Me, Chelsea",Chelsea Handler,,,not_found
9781416524520,Cell,Stephen King,,,not_found
9780618391110,The Silmarillion (Middle-Earth Universe),"J.R.R. Tolkien, Christopher Tolkien, Ted Nasmith",https://covers.openlibrary.org/b/isbn/9780618391110-L.jpg,covers/9780618391110.jpg,ok_openlibrary
9781481426300,"City of Heavenly Fire (The Mortal Instruments, #6)",Cassandra Clare,,,not_found
9780920668380,Love You Forever,"Robert Munsch, Sheila McGraw",,,not_found
9780451210850,"The Drawing of the Three (The Dark Tower, #2)",Stephen King,,,not_found
9780330449600,The Forgotten Garden,Kate Morton,,,not_found
9780099428640,The Trial,"Franz Kafka, Edwin Muir, Willa Muir, Max Brod",,,not_found
9780142437230,Don Quixote,"Miguel de Cervantes Saavedra, Roberto González Echevarría, John Rutherford",https://covers.openlibrary.org/b/isbn/9780142437230-L.jpg,covers/9780142437230.jpg,ok_openlibrary
9780385523390,Orange Is the New Black,Piper Kerman,,,not_found
9780142501560,This Lullaby,Sarah Dessen,,,not_found
9780743275020,Plain Truth,Jodi Picoult,,,not_found
9780451528020,The Hound of the Baskervilles,"Arthur Conan Doyle, Anne Perry",,,not_found
9780374275630,"Thinking, Fast and Slow",Daniel Kahneman,,,not_found
9780345350500,"The Mists of Avalon (Avalon, #1)",Marion Zimmer Bradley,,,not_found
9780316013680,The Absolutely True Diary of a Part-Time Indian,"Sherman Alexie, Ellen Forney",https://covers.openlibrary.org/b/isbn/9780316013680-L.jpg,covers/9780316013680.jpg,ok_openlibrary
9780553813950,Nights in Rodanthe,Nicholas Sparks,,,not_found
9780689841580,"Are You There God? It's Me, Margaret",Judy Blume,,,not_found
9780345418920,"The Restaurant at the End of the Universe (Hitchhiker's Guide, #2)",Douglas Adams,https://covers.openlibrary.org/b/isbn/9780345418920-L.jpg,covers/9780345418920.jpg,ok_openlibrary
9781476754450,"Mr. Mercedes (Bill Hodges Trilogy, #1)",Stephen King,,,not_found
9780395389490,The Polar Express,Chris Van Allsburg,,,not_found
9780375706780,Midwives,Chris Bohjalian,,,not_found
9780140544510,The True Story of the 3 Little Pigs,"Jon Scieszka, Lane Smith",,,not_found
,"Slammed (Slammed, #1)",Colleen Hoover,,,not_found
9780425134350,"Patriot Games (Jack Ryan Universe, #2)",Tom Clancy,,,not_found
9780441014940,"All Together Dead (Sookie Stackhouse, #7)",Charlaine Harris,,,not_found
9780061124270,Veronika Decides to Die,"Paulo Coelho, Margaret Jull Costa",,,not_found
9780385349950,"Lean In: Women, Work, and the Will to Lead","Sheryl Sandberg, Nell Scovell",,,not_found
9780062085480,"Shatter Me (Shatter Me, #1)",Tahereh Mafi,,,not_found
9780441783590,Starship Troopers,Robert A. Heinlein,,,not_found
9780441013330,"Dead as a Doornail (Sookie Stackhouse, #5)",Charlaine Harris,,,not_found
9780553278220,The Martian Chronicles,Ray Bradbury,,,not_found
9781857993290,Sophie's World,"Jostein Gaarder, Paulette Møller",,,not_found
9780385342060,I've Got Your Number,Sophie Kinsella,,,not_found
9780753454950,Heidi,"Johanna Spyri, Angelo  Rinaldi, Beverly Cleary",,,not_found
9780061015720,Prey,Michael Crichton,,,not_found
9780307592840,A Visit from the Goon Squad,Jennifer Egan,,,not_found
9780316134120,"The Twilight Saga Breaking Dawn Part 1: The Official Illustrated Movie Companion (The Twilight Saga: The Official Illustrated Movie Companion, #4)",Mark Cotta Vaz,,,not_found
9780007202320,"The Last Battle (Chronicles of Narnia, #7)",C.S. Lewis,,,not_found
9780312348650,Baby Proof,Emily Giffin,,,not_found
9780525950070,"World Without End (The Kingsbridge Series, #2)",Ken Follett,,,not_found
9780140424390,The Canterbury Tales,"Geoffrey Chaucer, Nevill Coghill",,,not_found
9780060874160,"Beastly (Beastly, #1; Kendra Chronicles, #1)",Alex Flinn,,,not_found
9780312360310,"Chosen (House of Night, #3)","P.C. Cast, Kristin Cast",,,not_found
9781840224020,Uncle Tom's Cabin,Harriet Beecher Stowe,,,not_found
9780375856110,"Inheritance (The Inheritance Cycle, #4)",Christopher Paolini,,,not_found
9780142406250,The Truth About Forever,Sarah Dessen,https://covers.openlibrary.org/b/isbn/9780142406250-L.jpg,covers/9780142406250.jpg,ok_openlibrary
9780307593310,1Q84,"Haruki Murakami, Jay Rubin, Philip Gabriel",,,not_found
9780060809250,The Phantom of the Opera,"Gaston Leroux, Alexander Teixeira de Mattos",,,not_found
9780441014910,"Definitely Dead (Sookie Stackhouse, #6)",Charlaine Harris,,,not_found
9780374158460,Freedom,Jonathan Franzen,,,not_found
9780156007760,Blindness,"José Saramago, Giovanni Pontiero",,,not_found
9780142421710,"Crossed (Matched, #2)",Ally Condie,,,not_found
9781416562600,The White Tiger,Aravind Adiga,,,not_found
9781841156740,The Corrections,Jonathan Franzen,,,not_found
9781921351430,Dreams from My Father: A Story of Race and Inheritance,Barack Obama,,,not_found
9780060541840,Congo,Michael Crichton,,,not_found
9780618101370,Interpreter of Maladies,Jhumpa Lahiri,,,not_found
9780679745660,Breakfast at Tiffany's,Truman Capote,,,not_found
9780689711730,"Alexander and the Terrible, Horrible, No Good, Very Bad Day","Judith Viorst, Ray Cruz",,,not_found
9781594205710,Everything I Never Told You,Celeste Ng,http://books.google.com/books/content?id=3dKKDQAAQBAJ&printsec=frontcover&img=1&zoom=1&edge=curl&source=gbs_api,covers/9781594205710.jpg,ok_googlebooks
9780060515200,Anansi Boys,Neil Gaiman,,,not_found
9780060838650,A People's History of the United States,Howard Zinn,,,not_found
9780670011940,Along for the Ride,Sarah Dessen,,,not_found
9780451155760,The Dead Zone,Stephen King,,,not_found
9780345504970,"The Passage (The Passage, #1)",Justin Cronin,,,not_found
9780553383800,The House of the Spirits,"Isabel Allende, Magda Bogin",,,not_found
9780646418440,"The Mysterious Affair at Styles (Hercule Poirot, #1)","Agatha Christie, Ροζίτα Σώκου",,,not_found
9780425200450,"Murder on the Orient Express (Hercule Poirot, #10)",Agatha Christie,,,not_found
9780451167800,Firestarter,Stephen King,,,not_found
9780425263920,"Entwined with You (Crossfire, #3)",Sylvia Day,,,not_found
9780446611080,Suzanne's Diary for Nicholas,James Patterson,,,not_found
9780307271080,Americanah,Chimamanda Ngozi Adichie,,,not_found
9780307266310,"Born to Run: A Hidden Tribe, Superathletes, and the Greatest Race the World Has Never Seen",Christopher McDougall,,,not_found
9781616203210,The Storied Life of A.J. Fikry,Gabrielle Zevin,,,not_found
9780590133370,Madeline,Ludwig Bemelmans,,,not_found
9781585424340,Think and Grow Rich: The Landmark Bestseller - Now Revised and Updated for the 21st Century,Napoleon Hill,,,not_found
9780060885370,"Little House in the Big Woods (Little House, #1)","Laura Ingalls Wilder, Garth Williams",,,not_found
9780446696140,A Bend in the Road,Nicholas Sparks,,,not_found
9781423146730,"The House of Hades (The Heroes of Olympus, #4)",Rick Riordan,,,not_found
9780765356150,Jonathan Strange & Mr Norrell,Susanna Clarke,,,not_found
9780061448770,"Gone (Gone, #1)",Michael  Grant,,,not_found
9780743226720,1776,David McCullough,,,not_found
9781423100030,"I'd Tell You I Love You, But Then I'd Have to Kill You (Gallagher Girls, #1)",Ally Carter,,,not_found
9780061928120,Beautiful Ruins,Jess Walter,,,not_found
9780330419120,Under the Banner of Heaven: A Story of Violent Faith,Jon Krakauer,http://books.google.com/books/content?id=pv-q6vwUb3sC&printsec=frontcover&img=1&zoom=1&source=gbs_api,covers/9780330419120.jpg,ok_googlebooks
9780446615860,"The Wedding (The Notebook, #2)",Nicholas Sparks,,,not_found
9780345476880,"The Vampire Lestat (The Vampire Chronicles, #2)",Anne Rice,http://books.google.com/books/content?id=lERBwgEACAAJ&printsec=frontcover&img=1&zoom=1&source=gbs_api,covers/9780345476880.jpg,ok_googlebooks
9780307237700,The Audacity of Hope: Thoughts on Reclaiming the American Dream,Barack Obama,,,not_found
9780345418980,Sphere,Michael Crichton,,,not_found
9780312348670,Love the One You're With,Emily Giffin,,,not_found
9780743455960,On Writing: A Memoir of the Craft,Stephen King,,,not_found
9780312364080,"Firefly Lane (Firefly Lane, #1)",Kristin Hannah,,,not_found
9780316206880,"The Silkworm (Cormoran Strike, #2)","Robert Galbraith, J.K. Rowling",,,not_found
9780374533570,The Silver Linings Playbook,Matthew Quick,,,not_found
9780760728500,Twenty Thousand Leagues Under the Sea,"Jules Verne, Anthony Bonner",,,not_found
9780151009980,Mrs. Dalloway,"Virginia Woolf, Maureen Howard",,,not_found
,The Sound and the Fury,William Faulkner,,,not_found
9780743272490,"The Constant Princess (The Plantagenet and Tudor Novels, #6)",Philippa Gregory,,,not_found
9780062049800,State of Wonder,Ann Patchett,,,not_found
9781843913730,The Hundred-Year-Old Man Who Climbed Out of the Window and Disappeared,"Jonas Jonasson, Rod Bradbury",,,not_found
9780786226740,The Cider House Rules,John Irving,,,not_found
9780140449070,Around the World in Eighty Days,"Jules Verne, Michael Glencross, Brian W. Aldiss",,,not_found
9780451190760,Thinner,"Richard Bachman, Stephen King",,,not_found
9780671024240,Bag of Bones,Stephen King,,,not_found
9780060589290,Eleven Minutes,"Paulo Coelho, Margaret Jull Costa",,,not_found
9780060739490,Walk Two Moons,Sharon Creech,,,not_found
9780316767730,Nine Stories,J.D. Salinger,,,not_found
9780399256770,"Prodigy (Legend, #2)",Marie Lu,,,not_found
9780743482770,King Lear,William Shakespeare,,,not_found
9780446579930,The Choice,Nicholas Sparks,,,not_found
9780435233080,Death of a Salesman,Arthur Miller,,,not_found
9780545422900,The Hunger Games: Official Illustrated Movie Companion,Kate Egan,,,not_found
9781451666180,"Hyperbole and a Half: Unfortunate Situations, Flawed Coping Mechanisms, Mayhem, and Other Things That Happened",Allie Brosh,,,not_found
9781416912040,"Unwind (Unwind, #1)",Neal Shusterman,http://books.google.com/books/content?id=1FH_zwEACAAJ&printsec=frontcover&img=1&zoom=1&source=gbs_api,covers/9781416912040.jpg,ok_googlebooks
9780452287590,A New Earth: Awakening to Your Life's Purpose,Eckhart Tolle,,,not_found
9781591164420,"Bleach, Volume 01",Tite Kubo,,,not_found
9780441015890,"From Dead to Worse (Sookie Stackhouse, #8)",Charlaine Harris,,,not_found
9780670032560,"The Waste Lands (The Dark Tower, #3)","Stephen King, Ned Dameron",,,not_found
9781920769210,Shantaram,Gregory David Roberts,,,not_found
9780451188460,"The Bone Collector (Lincoln Rhyme, #1)",Jeffery Deaver,,,not_found
,"Wool Omnibus (Silo, #1)",Hugh Howey,,,not_found
9780375408270,The Reader,"Bernhard Schlink, Carol Brown Janeway",,,not_found
9780805047900,"Brown Bear, Brown Bear, What Do You See?","Bill Martin Jr., Eric Carle",,,not_found
9780812513740,"The Shadow Rising (Wheel of Time, #4)",Robert Jordan,,,not_found
9780553283690,"Hyperion (Hyperion Cantos, #1)",Dan Simmons,,,not_found
9780142000690,The Pearl,John Steinbeck,,,not_found
9780061007220,The Exorcist,William Peter Blatty,,,not_found
9780679764020,Snow Falling on Cedars,David Guterson,,,not_found
9780440174650,Roots: The Saga of an American Family,Alex Haley,,,not_found
9780316125580,"The Short Second Life of Bree Tanner: An Eclipse Novella (Twilight, #3.5)",Stephenie Meyer,,,not_found
9780930289450,Batman: The Killing Joke,"Alan Moore, Brian Bolland, Tim Sale",,,not_found
9780679732760,Invisible Man,Ralph Ellison,,,not_found
9780374105240,A Long Way Gone: Memoirs of a Boy Soldier,Ishmael Beah,,,not_found
9780689862200,"Mrs. Frisby and the Rats of NIMH (Rats of NIMH, #1)",Robert C. O'Brien,,,not_found
9780751514630,Different Seasons,Stephen King,,,not_found
9780060529960,"The Little House Collection (Little House, #1-9)","Laura Ingalls Wilder, Garth Williams",,,not_found
9780380813810,"Lamb: The Gospel According to Biff, Christ's Childhood Pal",Christopher Moore,,,not_found
9780385335980,"Drums of Autumn (Outlander, #4)",Diana Gabaldon,https://covers.openlibrary.org/b/isbn/9780385335980-L.jpg,covers/9780385335980.jpg,ok_openlibrary
9780399159020,Let's Pretend This Never Happened: A Mostly True Memoir,Jenny  Lawson,,,not_found
9780143035470,The Girls' Guide to Hunting and Fishing,Melissa Bank,,,not_found
9781577314810,The Power of Now: A Guide to Spiritual Enlightenment,Eckhart Tolle,,,not_found
9780553804680,"The Lies of Locke Lamora (Gentleman Bastard, #1)",Scott Lynch,,,not_found
9780441017160,"Dead and Gone (Sookie Stackhouse, #9)",Charlaine Harris,,,not_found
9780345418910,"Life, the Universe and Everything (Hitchhiker's Guide, #3)",Douglas Adams,,,not_found
9780064471830,"Sabriel (Abhorsen,  #1)",Garth Nix,,,not_found
9781439102760,The Storyteller,Jodi Picoult,,,not_found
9781620610080,"Obsidian (Lux, #1)",Jennifer L. Armentrout,,,not_found
9781619630630,"Crown of Midnight (Throne of Glass, #2)",Sarah J. Maas,,,not_found
9781932664090,"Scott Pilgrim, Volume 1: Scott Pilgrim's Precious Little Life",Bryan Lee O'Malley,,,not_found
9781416586290,Half Broke Horses,Jeannette Walls,,,not_found
9780061020680,"Mort (Death, #1; Discworld, #4)",Terry Pratchett,,,not_found
9780671683900,Lonesome Dove,Larry McMurtry,,,not_found
9780373210080,"The Iron King (The Iron Fey, #1)",Julie Kagawa,,,not_found
9781595143170,"Bloodlines (Bloodlines, #1)",Richelle Mead,,,not_found
9780765342410,"Ender's Shadow (Ender's Shadow, #1)",Orson Scott Card,,,not_found
9780393324820,Stiff: The Curious Lives of Human Cadavers,Mary Roach,,,not_found
9780452287070,The Bluest Eye,Toni Morrison,,,not_found
9780340606510,Schindler's List,Thomas Keneally,,,not_found
9780385342020,Twenties Girl,Sophie Kinsella,,,not_found
9780345350690,The Autobiography of Malcolm X,"Malcolm X, Alex Haley",,,not_found
9780316109700,"Julie and Julia: 365 Days, 524 Recipes, 1 Tiny Apartment Kitchen: How One Girl Risked Her Marriage, Her Job, and Her Sanity to Master the Art of Living",Julie Powell,,,not_found
9781416563690,"The White Queen (The Plantagenet and Tudor Novels, #2)",Philippa Gregory,,,not_found
9781563892270,Preludes & Nocturnes (The Sandman #1),"Neil Gaiman, Sam Kieth, Mike Dringenberg, Malcolm Jones III, Todd Klein, Karen  Berger",,,not_found
9780553328260,The Complete Sherlock Holmes,Arthur Conan Doyle,,,not_found
9780380731860,Shutter Island,Dennis Lehane,,,not_found
9780345465080,Seabiscuit: An American Legend,Laura Hillenbrand,,,not_found
9780307408850,"In the Garden of Beasts: Love, Terror, and an American Family in Hitler's Berlin",Erik Larson,,,not_found
9780140449140,The Republic,"Plato, Desmond Lee",,,not_found
9780198320270,Julius Caesar,"William Shakespeare, Roma Gill",,,not_found
9780743477570,The Taming of the Shrew,William Shakespeare,,,not_found
9780714836260,The Art Book,Phaidon Press,,,not_found
9780312642980,"Cress (The Lunar Chronicles, #3)",Marissa Meyer,,,not_found
9780767905180,Jemima J,Jane Green,,,not_found
9781400030650,A Fine Balance,Rohinton Mistry,,,not_found
,"On Dublin Street (On Dublin Street, #1)",Samantha Young,,,not_found
9780066211310,Just Kids,Patti Smith,,,not_found
9780836220890,Calvin and Hobbes,"Bill Watterson, G.B. Trudeau",,,not_found
9780451527880,The Hunchback of Notre-Dame,"Victor Hugo, Walter J. Cobb",,,not_found
9780543898080,The Awakening,Kate Chopin,,,not_found
9780689865400,"Specials (Uglies, #3)",Scott Westerfeld,,,not_found
9780312379830,"Hunted (House of Night, #5)","P.C. Cast, Kristin Cast",,,not_found
9781401303270,For One More Day,Mitch Albom,,,not_found
9782020336470,Trainspotting,"Irvine Welsh, Eric Lindor Fall",,,not_found
9780553803720,Foundation and Empire (Foundation #2),Isaac Asimov,,,not_found
9780061992700,Sh*t My Dad Says,Justin Halpern,,,not_found
9780060513090,Falling Up,Shel Silverstein,,,not_found
9780425144370,"Clear and Present Danger (Jack Ryan Universe, #6)",Tom Clancy,,,not_found
9781878424500,The Four Agreements: A Practical Guide to Personal Freedom,Miguel Ruiz,,,not_found
9780744583270,From the Mixed-Up Files of Mrs. Basil E. Frankweiler,E.L. Konigsburg,,,not_found
9780743296430,House Rules,Jodi Picoult,,,not_found
,"Fallen Too Far (Rosemary Beach, #1; Too Far, #1)",Abbi Glines,,,not_found
9780394709310,The Complete Grimm's Fairy Tales,"Jacob Grimm, Wilhelm Grimm, Josef Scharl, Padraic Colum, Joseph Campbell, Margaret Raine Hunt, James Stern",,,not_found
9781476727650,"Doctor Sleep (The Shining, #2)",Stephen King,,,not_found
9780140285670,About a Boy,Nick Hornby,,,not_found
9780007173690,"One Fish, Two Fish, Red Fish, Blue Fish",Dr. Seuss,,,not_found
9781434768510,Crazy Love: Overwhelmed by a Relentless God,"Francis Chan, Danae Yankoski, Chris Tomlin",,,not_found
9780425188800,Watchers,Dean Koontz,,,not_found
9780553213870,The Story of My Life,Helen Keller,,,not_found
9780446563090,Abraham Lincoln: Vampire Hunter,Seth Grahame-Smith,,,not_found
9781591826030,"Fruits Basket, Vol. 1","Natsuki Takaya, Alethea Nibley, Athena Nibley",,,not_found
9780525951280,This is Where I Leave You,Jonathan Tropper,,,not_found
9780743482840,The Tempest,William Shakespeare,,,not_found
9780340829780,"Wizard and Glass (The Dark Tower, #4)","Stephen King, Dave McKean",,,not_found
9781905654950,"Burned (House of Night, #7)","P.C. Cast, Kristin Cast",,,not_found
9781591169150,"Ouran High School Host Club, Vol. 1 (Ouran High School Host Club, #1)",Bisco Hatori,,,not_found
,"To All the Boys I've Loved Before (To All the Boys I've Loved Before, #1)",Jenny Han,,,not_found
9780778316560,The Good Girl,Mary Kubica,,,not_found
9780060776090,Brave New World / Brave New World Revisited,"Aldous Huxley, Christopher Hitchens",http://books.google.com/books/content?id=3h9eNAyQWzAC&printsec=frontcover&img=1&zoom=1&edge=curl&source=gbs_api,covers/9780060776090.jpg,ok_googlebooks
9780385351390,The Circle,Dave Eggers,,,not_found
9780439813780,The Invention of Hugo Cabret,Brian Selznick,,,not_found
9780375706680,No Country for Old Men,Cormac McCarthy,,,not_found
9781905654580,"Tempted (House of Night, #6)","P.C. Cast, Kristin Cast",,,not_found
,"Midnight Sun (Twilight, #1.5)",Stephenie Meyer,,,not_found
9781250049380,Landline,Rainbow Rowell,,,not_found
9780007230200,"Wolf Hall (Thomas Cromwell, #1)",Hilary Mantel,,,not_found
9780064410340,"Howl's Moving Castle (Howl's Moving Castle, #1)",Diana Wynne Jones,,,not_found
9782226131900,Dreamcatcher,"Stephen King, William Olivier Desmond",,,not_found
9780691096120,Walden,Henry David Thoreau,,,not_found
9780571225380,The Remains of the Day,Kazuo Ishiguro,,,not_found
9781580495940,"Oedipus Rex  (The Theban Plays, #1)","Sophocles, J.E. Thomas",,,not_found
9780446547660,The Best of Me,Nicholas Sparks,,,not_found
9780312938990,"A is for Alibi (Kinsey Millhone, #1)",Sue Grafton,,,not_found
9780224094150,The Sense of an Ending,Julian Barnes,,,not_found
9780143039100,The Wind in the Willows,"Kenneth Grahame, Gillian Avery",http://books.google.com/books/content?id=_5-MEAAAQBAJ&printsec=frontcover&img=1&zoom=1&source=gbs_api,covers/9780143039100.jpg,ok_googlebooks
9781400067110,Shanghai Girls (Shanghai Girls #1),Lisa See,,,not_found
9780316084240,The DUFF: Designated Ugly Fat Friend,Kody Keplinger,,,not_found
9780670010880,Lock and Key,Sarah Dessen,,,not_found
9780375714570,"Persepolis: The Story of a Childhood (Persepolis, #1)","Marjane Satrapi, Mattias Ripa",,,not_found
9780399151580,"Naked in Death (In Death, #1)",J.D. Robb,,,not_found
9780385339670,The Chamber,John Grisham,,,not_found
,When Breath Becomes Air,"Paul Kalanithi, Abraham Verghese",,,not_found
9781569319000,"Naruto, Vol. 01: The Tests of the Ninja (Naruto, #1)","Masashi Kishimoto, Katy Bridges",,,not_found
9780307931890,"Every Day (Every Day, #1)",David Levithan,,,not_found
9780312861870,"Xenocide (Ender's Saga, #3)",Orson Scott Card,,,not_found
9781420925430,A Room with a View,E.M. Forster,,,not_found
9780812993300,"The Unlikely Pilgrimage of Harold Fry (Harold Fry, #1)",Rachel Joyce,,,not_found
9780440178000,"Shōgun (Asian Saga, #1)",James Clavell,,,not_found
9780451219370,"Lover Awakened (Black Dagger Brotherhood, #3)",J.R. Ward,,,not_found
9781619634440,"A Court of Thorns and Roses (A Court of Thorns and Roses, #1)",Sarah J. Maas,,,not_found
9780545132050,Smile,Raina Telgemeier,,,not_found
9780743477570,The Merchant of Venice,"William Shakespeare, Robert          Jackson, Barbara A. Mowat, Paul Werstine",,,not_found
9780345803570,"Fifty Shades Trilogy (Fifty Shades, #1-3)",E.L. James,,,not_found
9780689835680,Chicka Chicka Boom Boom,"Bill Martin Jr., John Archambault, Lois Ehlert",,,not_found
9780140286270,"The Deep End of the Ocean (Cappadora Family, #1)",Jacquelyn Mitchard,,,not_found
9780345457370,The Bonesetter's Daughter,Amy Tan,,,not_found
9780151010260,Animal Farm / 1984,"George Orwell, Christopher Hitchens",,,not_found
9780060288140,"Angus, Thongs and Full-Frontal Snogging (Confessions of Georgia Nicolson, #1)",Louise Rennison,,,not_found
9780374214910,"Mr. Penumbra's 24-Hour Bookstore (Mr. Penumbra's 24-Hour Bookstore, #1)",Robin Sloan,,,not_found
9780743482780,Twelfth Night,William Shakespeare,,,not_found
9780385732570,"Gathering Blue (The Giver, #2)",Lois Lowry,,,not_found
9780590452040,Maniac Magee,Jerry Spinelli,,,not_found
9780345539790,"Red Rising (Red Rising, #1)",Pierce Brown,,,not_found
9780099285440,Invisible Monsters,Chuck Palahniuk,,,not_found
9781476712990,"Walking Disaster (Beautiful, #2)",Jamie McGuire,,,not_found
9780743496320,"Flowers in the Attic (Dollanganger, #1)",V.C. Andrews,,,not_found
9780812474950,"The Bean Trees (Greer Family, #1)",Barbara Kingsolver,,,not_found
9780765326360,"Words of Radiance (The Stormlight Archive, #2)",Brandon Sanderson,,,not_found
9780450042680,Night Shift,"Stephen King, John D. MacDonald",,,not_found
9780440221660,"The Fiery Cross (Outlander, #5)",Diana Gabaldon,,,not_found
9780763600140,Guess How Much I Love You,"Sam McBratney, Anita Jeram",,,not_found
9781400064560,Jaws,Peter Benchley,,,not_found
9780142402500,Pippi Longstocking,"Astrid Lindgren, Lauren Child, Florence Lamborn, Nancy Seligsohn",,,not_found
9780142401200,The Westing Game,Ellen Raskin,https://covers.openlibrary.org/b/isbn/9780142401200-L.jpg,covers/9780142401200.jpg,ok_openlibrary
9780743270760,Team of Rivals: The Political Genius of Abraham Lincoln,"Doris Kearns Goodwin, Suzanne Toren",,,not_found
9780679720220,The Plague,"Albert Camus, Stuart Gilbert",,,not_found
9780439206490,"The Reptile Room (A Series of Unfortunate Events, #2)","Lemony Snicket, Brett Helquist",,,not_found
9781451621370,Brain on Fire: My Month of Madness,Susannah Cahalan,,,not_found
9780441018640,"Dead in the Family (Sookie Stackhouse, #10)",Charlaine Harris,,,not_found
9780393328620,The History of Love,Nicole Krauss,,,not_found
9781884365300,The Jungle,"Upton Sinclair, Earl Lee, Kathleen DeGrave",,,not_found
9780061214650,"Wicked Lovely (Wicked Lovely, #1)",Melissa Marr,,,not_found
9780395150240,Curious George,H.A. Rey,,,not_found
9780525457590,The Neverending Story,"Michael Ende, Ralph Manheim, Roswitha Quadflieg",,,not_found
9780571212930,A Beautiful Mind,Sylvia Nasar,,,not_found
9780684853950,The Man Who Mistook His Wife for a Hat and Other Clinical Tales,Oliver Sacks,,,not_found
9780060748160,Eye of the Needle,Ken Follett,,,not_found
9781594747360,"Hollow City (Miss Peregrine’s Peculiar Children, #2)",Ransom Riggs,,,not_found
9780356500160,The Girl with All the Gifts,M.R. Carey,,,not_found
9780316033670,"The Way of Shadows (Night Angel, #1)",Brent Weeks,,,not_found
9780375727340,House of Sand and Fog,Andre Dubus III,,,not_found
9780553803730,Second Foundation (Foundation #3),Isaac Asimov,,,not_found
9780451218050,"Lover Eternal (Black Dagger Brotherhood, #2)",J.R. Ward,,,not_found
9780316204360,"David and Goliath: Underdogs, Misfits, and the Art of Battling Giants",Malcolm Gladwell,,,not_found
9780679732260,As I Lay Dying,William Faulkner,,,not_found
9780747532030,Harold and the Purple Crayon,Crockett Johnson,,,not_found
9781400078430,The Year of Magical Thinking,Joan Didion,,,not_found
9780451458120,"Fool Moon (The Dresden Files, #2)",Jim Butcher,,,not_found
9780061020640,"Guards! Guards! (Discworld, #8)",Terry Pratchett,,,not_found
9780345419620,"The Queen of the Damned (The Vampire Chronicles, #3)",Anne Rice,,,not_found
9781857231590,"Rendezvous with Rama (Rama, #1)",Arthur C. Clarke,,,not_found
9781593081430,The Age of Innocence,"Edith Wharton, Maureen Howard",,,not_found
9780061124300,We Need to Talk About Kevin,Lionel Shriver,,,not_found
9781591169210,"Fullmetal Alchemist, Vol. 1 (Fullmetal Alchemist, #1)","Hiromu Arakawa, Akira Watanabe",,,not_found
9780199291150,The Selfish Gene,Richard Dawkins,,,not_found
9780446612740,"The Black Echo (Harry Bosch, #1; Harry Bosch Universe, #1)",Michael Connelly,,,not_found
9780142001430,Year of Wonders,Geraldine Brooks,,,not_found
9781860498800,The Blind Assassin,Margaret Atwood,https://covers.openlibrary.org/b/isbn/9781860498800-L.jpg,covers/9781860498800.jpg,ok_openlibrary
9780425227510,"Vision in White (Bride Quartet, #1)",Nora Roberts,,,not_found
9781936305630,"Gabriel's Inferno (Gabriel's Inferno, #1)",Sylvain Reynard,,,not_found
9780689707490,Cloudy With a Chance of Meatballs,"Judi Barrett, Ron Barrett",,,not_found
9781400068940,Major Pettigrew's Last Stand,Helen Simonson,,,not_found
9780452281260,Anthem,Ayn Rand,,,not_found
9780061662690,"The Summoning (Darkest Powers, #1)",Kelley Armstrong,https://covers.openlibrary.org/b/isbn/9780061662690-L.jpg,covers/9780061662690.jpg,ok_openlibrary
9780765348270,"Old Man's War (Old Man's War, #1)",John Scalzi,,,not_found
9780743496710,The Tenth Circle,Jodi Picoult,,,not_found
9781423140570,"The Throne of Fire (Kane Chronicles, #2)",Rick Riordan,,,not_found
9780140255550,"Two for the Dough (Stephanie Plum, #2)",Janet Evanovich,,,not_found
9780831727530,Gerald's Game,Stephen King,,,not_found
9780684818700,The Joy of Cooking,"Irma S. Rombauer, Marion Rombauer Becker, Ethan Becker",,,not_found
9788497597720,Insomnia,"Stephen King, Bettina Blanch Tyroller",,,not_found
9780812971060,Reading Lolita in Tehran,Azar Nafisi,,,not_found
9780743225430,The Shipping News,Annie Proulx,,,not_found
,Waiting for Godot,Samuel Beckett,,,not_found
9780786851480,"The Arctic Incident (Artemis Fowl, #2)",Eoin Colfer,,,not_found
9780575079790,"The Blade Itself (The First Law, #1)",Joe Abercrombie,,,not_found
9780060510860,"The Forever War (The Forever War, #1)",Joe Haldeman,,,not_found
9780385755890,All the Bright Places,"Jennifer Niven, فرانک معنوی",,,not_found
9781607747310,The Life-Changing Magic of Tidying Up: The Japanese Art of Decluttering and Organizing,"Marie Kondō, Cathy Hirano",,,not_found
9780552562520,"The Alchemyst (The Secrets of the Immortal Nicholas Flamel, #1)",Michael Scott,,,not_found
9780671011370,"Déjà Dead (Temperance Brennan, #1)",Kathy Reichs,,,not_found
9780061120250,Daughter of Fortune,"Isabel Allende, Margaret Sayers Peden",,,not_found
9780374203050,The Marriage Plot,Jeffrey Eugenides,,,not_found
9781476789640,Luckiest Girl Alive,Jessica Knoll,,,not_found
9780545424930,"The Raven Boys (The Raven Cycle, #1)",Maggie Stiefvater,,,not_found
9780812995000,"Not That Kind of Girl: A Young Woman Tells You What She's ""Learned""","Lena Dunham, Joana Avillez",http://books.google.com/books/content?id=dVDVAgAAQBAJ&printsec=frontcover&img=1&zoom=1&edge=curl&source=gbs_api,covers/9780812995000.jpg,ok_googlebooks
9781400062090,Olive Kitteridge,Elizabeth Strout,,,not_found
9780066620990,Good to Great: Why Some Companies Make the Leap... and Others Don't,James C. Collins,,,not_found
9780803734620,"Fire (Graceling Realm, #2)",Kristin Cashore,,,not_found
9781416516930,"Wolves of the Calla (The Dark Tower, #5)","Stephen King, Bernie Wrightson",,,not_found
9780439236200,White Fang,Jack London,,,not_found
9780312865050,I Am Legend and Other Stories,Richard Matheson,,,not_found
9780062225440,Reconstructing Amelia,Kimberly McCreight,,,not_found
9780525426580,One Plus One,Jojo Moyes,,,not_found
9781480095530,"The Edge of Never (The Edge of Never, #1)",J.A. Redmerski,,,not_found
9780316191300,Holidays on Ice,David Sedaris,,,not_found
9780451188460,Desperation,Stephen King,,,not_found
9781623420020,"Wallbanger (Cocktail, #1)",Alice Clayton,,,not_found
9780440238610,His Dark Materials (His Dark Materials #1-3),Philip Pullman,,,not_found
9780385739160,"Passion (Fallen, #3)",Lauren Kate,,,not_found
9781933372600,The Elegance of the Hedgehog,"Muriel Barbery, Alison Anderson",https://covers.openlibrary.org/b/isbn/9781933372600-L.jpg,covers/9781933372600.jpg,ok_openlibrary
,"Point of Retreat (Slammed, #2)",Colleen Hoover,,,not_found
9781444778520,"Angelfall (Penryn & the End of Days, #1)",Susan Ee,,,not_found
9780689865190,"Crank (Crank, #1)",Ellen Hopkins,https://covers.openlibrary.org/b/isbn/9780689865190-L.jpg,covers/9780689865190.jpg,ok_openlibrary
9780375726410,Empire Falls,Richard Russo,,,not_found
9780385742890,"The Kill Order (Maze Runner, #0.5)",James Dashner,,,not_found
9781857232100,"The Fires of Heaven (Wheel of Time, #5)",Robert Jordan,,,not_found
9780803734970,I'll Give You the Sun,Jandy Nelson,,,not_found
9781416524530,"The Dark Tower (The Dark Tower, #7)",Stephen King,,,not_found
9780099282650,Survivor,Chuck Palahniuk,,,not_found
9780312305060,The Hours,Michael Cunningham,,,not_found
9780385338710,"Shopaholic & Baby (Shopaholic, #5)",Sophie Kinsella,,,not_found
9780316070520,Twilight Director's Notebook : The Story of How We Made the Movie Based on the Novel by Stephenie Meyer,Catherine Hardwicke,,,not_found
9780440241810,"Shopaholic Takes Manhattan (Shopaholic, #2)",Sophie Kinsella,,,not_found
767836094190,"The Complete Anne of Green Gables Boxed Set (Anne of Green Gables, #1-8)",L.M. Montgomery,,,not_found
9780393316050,"Surely You're Joking, Mr. Feynman!: Adventures of a Curious Character",Richard Feynman,,,not_found
9780142437350,A Portrait of the Artist as a Young Man,"James Joyce, Seamus Deane",,,not_found
9780765302300,"The Gathering Storm (Wheel of Time, #12)","Robert Jordan, Brandon Sanderson",,,not_found
9780451529180,Middlemarch,"George Eliot, Michel Faber",,,not_found
9780345538380,J.R.R. Tolkien 4-Book Boxed Set: The Hobbit and The Lord of the Rings,J.R.R. Tolkien,,,not_found
9780385339100,The Partner,John Grisham,,,not_found
9780446350980,Presumed Innocent,Scott Turow,,,not_found
9780450524680,The Dark Half,Stephen King,,,not_found
9780545123280,"Linger (The Wolves of Mercy Falls, #2)",Maggie Stiefvater,,,not_found
9780316001920,Cleopatra: A Life,Stacy Schiff,,,not_found
9780374292800,The World Is Flat: A Brief History of the Twenty-first Century,Thomas L. Friedman,,,not_found
9781558580090,The Rainbow Fish,"Marcus Pfister, J. Alison James",,,not_found
9780061583250,"The Happiness Project: Or Why I Spent a Year Trying to Sing in the Morning, Clean My Closets, Fight Right, Read Aristotle, and Generally Have More Fun",Gretchen Rubin,,,not_found
9780679740670,The Man in the High Castle,Philip K. Dick,,,not_found
9780553213970,"Journey to the Center of the Earth (Extraordinary Voyages, #3)",Jules Verne,,,not_found
9780812970070,Inferno (The Divine Comedy #1),"Dante Alighieri, Anthony M. Esolen",,,not_found
9780393322230,Helter Skelter: The True Story of the Manson Murders,"Vincent Bugliosi, Curt Gentry",,,not_found
9780670023490,"Shadow of Night (All Souls Trilogy, #2)",Deborah Harkness,,,not_found
9780345544930,Leaving Time,Jodi Picoult,,,not_found
,"The Unbecoming of Mara Dyer (Mara Dyer, #1)",Michelle Hodkin,,,not_found
9780786838930,"Blue Bloods (Blue Bloods, #1)",Melissa de la Cruz,,,not_found
9780441013810,"Moon Called (Mercy Thompson, #1)",Patricia Briggs,,,not_found
9780812976140,"The Alienist (Dr. Laszlo Kreizler, #1)",Caleb Carr,,,not_found
9780812993550,Between the World and Me,Ta-Nehisi Coates,,,not_found
9780385743560,"Steelheart (The Reckoners, #1)",Brandon Sanderson,,,not_found
9780140424390,Paradise Lost,"John Milton, John      Leonard",,,not_found
9780393072240,The Big Short: Inside the Doomsday Machine,Michael   Lewis,,,not_found
9781406311520,A Monster Calls,"Patrick Ness, Jim Kay, Siobhan Dowd",,,not_found
9780307463750,Rework,"Jason Fried, David Heinemeier Hansson",,,not_found
9780765325940,"Towers of Midnight (Wheel of Time, #13)","Robert Jordan, Brandon Sanderson",,,not_found
9780793551610,"Dr. Seuss's Green Eggs and Ham: For Soprano, Boy Soprano, and Orchestra","Robert Kapilow, Dr. Seuss",,,not_found
9781416524300,The Girl Who Loved Tom Gordon,Stephen King,,,not_found
9780739352360,"The Twilight Saga (Twilight, #1-4)","Stephenie Meyer, Ilyana Kadushin, Matt Walters",,,not_found
9780553266310,The Day of the Jackal,Frederick Forsyth,,,not_found
9780679644190,Tell the Wolves I'm Home,Carol Rifka Brunt,,,not_found
,People of the Book,Geraldine Brooks,,,not_found
9780312965780,"All Creatures Great and Small (All Creatures Great and Small, #1-2)",James Herriot,,,not_found
9780525951990,Attachments,Rainbow Rowell,http://books.google.com/books/content?id=CKadDAEACAAJ&printsec=frontcover&img=1&zoom=1&source=gbs_api,covers/9780525951990.jpg,ok_googlebooks
9781576469230,The Scarlet Pimpernel,Emmuska Orczy,,,not_found
9780312966100,"Three to Get Deadly (Stephanie Plum, #3)",Janet Evanovich,,,not_found
9780805094600,"Shadow and Bone (Shadow and Bone, #1)",Leigh Bardugo,,,not_found
9780399256780,"Champion (Legend, #3)",Marie Lu,,,not_found
9780425193790,"Tales of a Fourth Grade Nothing (Fudge, #1)",Judy Blume,,,not_found
9780375829130,The Monster at the End of this Book,"Jon Stone, Michael J. Smollin",,,not_found
9780770437860,The Dinner,"Herman Koch, Sam Garrett",,,not_found
9782266079990,Contact,Carl Sagan,,,not_found
9780375703870,White Teeth,Zadie Smith,,,not_found
9781461091110,"Thoughtless (Thoughtless, #1)",S.C. Stephens,https://covers.openlibrary.org/b/isbn/9781461091110-L.jpg,covers/9781461091110.jpg,ok_openlibrary
9780525423290,"Lola and the Boy Next Door (Anna and the French Kiss, #2)",Stephanie Perkins,,,not_found
9780062107060,American Sniper: The Autobiography of the Most Lethal Sniper in U.S. Military History,"Chris Kyle, Scott McEwen, Jim DeFelice",,,not_found
9780061974560,"The Power of Six (Lorien Legacies, #2)",Pittacus Lore,,,not_found
9781582346180,My Horizontal Life: A Collection of One-Night Stands,Chelsea Handler,,,not_found
9781594488400,The Interestings,Meg Wolitzer,,,not_found
9781439152800,The Secret Keeper,Kate Morton,,,not_found
9780696215320,Better Homes and Gardens New Cook Book  ,Better Homes and Gardens,,,not_found
9780836218050,The Essential Calvin and Hobbes: A Calvin and Hobbes Treasury,Bill Watterson,,,not_found
9780330491240,"So Long, and Thanks for All the Fish (Hitchhiker's Guide to the Galaxy, #4)",Douglas Adams,,,not_found
9780140282580,Steppenwolf,"Hermann Hesse, Basil Creighton",,,not_found
9780006480100,"Royal Assassin (Farseer Trilogy, #2)",Robin Hobb,,,not_found
9780345347950,Childhood's End,Arthur C. Clarke,,,not_found
9780553817060,"The Surgeon (Rizzoli & Isles, #1)",Tess Gerritsen,,,not_found
9780763625290,The Tale of Despereaux,"Kate DiCamillo, Timothy Basil Ering",,,not_found
9780670026620,The Girl You Left Behind,Jojo Moyes,,,not_found
9780812513750,"Lord of Chaos (Wheel of Time, #6)",Robert Jordan,,,not_found
9780060852560,"Animal, Vegetable, Miracle: A Year of Food Life","Barbara Kingsolver, Steven L. Hopp, Camille Kingsolver, Richard A. Houser",,,not_found
9780785263710,Blue Like Jazz: Nonreligious Thoughts on Christian Spirituality,Donald Miller,,,not_found
9780385342310,"The Sweetness at the Bottom of the Pie (Flavia de Luce, #1)",Alan Bradley,,,not_found
9780385340400,"A Breath of Snow and Ashes (Outlander, #6)",Diana Gabaldon,,,not_found
9781423146740,"The Blood of Olympus (The Heroes of Olympus, #5)",Rick Riordan,,,not_found
9781607066020,"Saga, Vol. 1 (Saga, #1)","Brian K. Vaughan, Fiona Staples",,,not_found
9781250069800,Truly Madly Guilty,Liane Moriarty,,,not_found
9780316126690,The Art of Fielding,Chad Harbach,,,not_found
9780099285040,A Moveable Feast,Ernest Hemingway,,,not_found
9780064407690,"The Wide Window (A Series of Unfortunate Events, #3)","Lemony Snicket, Brett Helquist",,,not_found
9781590385810,"Fablehaven (Fablehaven, #1)",Brandon Mull,,,not_found
9780743264730,Einstein: His Life and Universe,Walter Isaacson,http://books.google.com/books/content?id=IMtGnwEACAAJ&printsec=frontcover&img=1&zoom=1&source=gbs_api,covers/9780743264730.jpg,ok_googlebooks
9780451458440,"Grave Peril (The Dresden Files, #3)",Jim Butcher,,,not_found
9781476717490,"Effortless (Thoughtless, #2)",S.C. Stephens,,,not_found
9780385339090,The Street Lawyer,John Grisham,,,not_found
9780140348930,"Roll of Thunder, Hear My Cry (Logans, #4)",Mildred D. Taylor,,,not_found
9780679642430,The Idiot,"Fyodor Dostoyevsky, Constance Garnett, Alan Myers, Joseph Frank, Anna Brailovsky",,,not_found
9780316154700,Let's Explore Diabetes with Owls,David Sedaris,,,not_found
9780671746730,Dirk Gently's Holistic Detective Agency (Dirk Gently #1),Douglas Adams,,,not_found
9780804138150,Why Not Me?,Mindy Kaling,,,not_found
9780810994740,"Rodrick Rules (Diary of a Wimpy Kid, #2)",Jeff Kinney,,,not_found
9781594206280,Modern Romance,"Aziz Ansari, Eric Klinenberg",,,not_found
,"The Heir (The Selection, #4)",Kiera Cass,,,not_found
9780062285680,"Four: A Divergent Story Collection (Divergent, #0.1 - 0.4)",Veronica Roth,,,not_found
9780061992250,The One and Only Ivan,"Katherine Applegate, Patricia Castelao",,,not_found
9780765350370,"Elantris (Elantris, #1)",Brandon Sanderson,,,not_found
9781406310250,"The Knife of Never Letting Go (Chaos Walking, #1)",Patrick Ness,,,not_found
9781619630660,"Heir of Fire (Throne of Glass, #3)",Sarah J. Maas,,,not_found
9780393050320,The Perfect Storm: A True Story of Men Against the Sea,Sebastian Junger,,,not_found
9780312199430,One Thousand White Women: The Journals of May Dodd (One Thousand White Women#1),Jim Fergus,,,not_found
9780743296410,Handle with Care,Jodi Picoult,,,not_found
9781416521500,"Song of Susannah (The Dark Tower, #6)","Stephen King, Darrel Anderson",,,not_found
9780525423670,"Reached (Matched, #3)",Ally Condie,,,not_found
9780099578510,Midnight's Children,Salman Rushdie,,,not_found
9781594743340,"Pride and Prejudice and Zombies (Pride and Prejudice and Zombies, #1)","Seth Grahame-Smith, Jane Austen",,,not_found
9781579126250,"Murder at the Vicarage (Miss Marple, #1)",Agatha Christie,,,not_found
9781416924980,"Among the Hidden (Shadow Children, #1)",Margaret Peterson Haddix,,,not_found
9780440234750,The Testament,John Grisham,,,not_found
9781400049620,The Zombie Survival Guide: Complete Protection from the Living Dead,Max Brooks,,,not_found
9781594201460,In Defense of Food: An Eater's Manifesto,Michael Pollan,,,not_found
9780440995780,The Witch of Blackbird Pond,Elizabeth George Speare,,,not_found
9780440241900,"Shopaholic Ties the Knot (Shopaholic, #3)",Sophie Kinsella,,,not_found
9780141439620,The Woman in White,"Wilkie Collins, Matthew Sweet",,,not_found
9781416968240,"The Summer I Turned Pretty (Summer, #1)",Jenny Han,,,not_found
9780316349930,"Career of Evil (Cormoran Strike, #3)","Robert Galbraith, J.K. Rowling",,,not_found
9781573225790,The Color of Water: A Black Man's Tribute to His White Mother,James McBride,,,not_found
9780060889580,"SuperFreakonomics: Global Cooling, Patriotic Prostitutes And Why Suicide Bombers Should Buy Life Insurance","Steven D. Levitt, Stephen J. Dubner",,,not_found
9780312857070,"Stone of Tears (Sword of Truth, #2)",Terry Goodkind,,,not_found
9780312966970,"Four to Score (Stephanie Plum, #4)",Janet Evanovich,,,not_found
9780312554160,Heart of the Matter,Emily Giffin,,,not_found
9780385339160,"Darkfever (Fever, #1)",Karen Marie Moning,,,not_found
9780141439840,Vanity Fair,"William Makepeace Thackeray, John Carey",,,not_found
9780062414210,The Nest,Cynthia D'Aprix Sweeney,,,not_found
9782266047420,Dolores Claiborne,"Stephen King, Dominique Dill",,,not_found
9781857988840,The Sirens of Titan,Kurt Vonnegut Jr.,,,not_found
,"Life As We Knew It (Last Survivors, #1)",Susan Beth Pfeffer,,,not_found
9781563899420,"Fables, Vol. 1: Legends in Exile","Bill Willingham, Lan Medina, Steve Leialoha, Craig Hamilton, James Jean",,,not_found
9780142000280,Getting Things Done: The Art of Stress-Free Productivity,David    Allen,,,not_found
9780446671000,"The Celestine Prophecy (Celestine Prophecy, #1)",James Redfield,,,not_found
9780525952920,Winter of the World (The Century Trilogy #2),Ken Follett,,,not_found
9780803736990,My Life Next Door,Huntley Fitzpatrick,,,not_found
9780385352110,Colorless Tsukuru Tazaki and His Years of Pilgrimage,"Haruki Murakami, Philip Gabriel",,,not_found
9780330418360,Lucky,Alice Sebold,,,not_found
9781406792390,To the Lighthouse,Virginia Woolf,,,not_found
9780425197550,"Guilty Pleasures (Anita Blake, Vampire Hunter, #1)",Laurell K. Hamilton,,,not_found
9780375836670,I Am the Messenger,Markus Zusak,http://books.google.com/books/content?id=7HePDQAAQBAJ&printsec=frontcover&img=1&zoom=1&edge=curl&source=gbs_api,covers/9780375836670.jpg,ok_googlebooks
9788129104600,Five Point Someone,Chetan Bhagat,,,not_found
9780060855900,"Equal Rites (Discworld, #3; Witches #1)",Terry Pratchett,,,not_found
9780141439660,Far from the Madding Crowd,"Thomas Hardy, Rosemarie Morgan, Shannon Russell",,,not_found
9780380718340,"Cruel & Unusual (Kay Scarpetta, #4)",Patricia Cornwell,,,not_found
,"Maybe Someday (Maybe, #1)",Colleen Hoover,,,not_found
9780385603100,House of Leaves,Mark Z. Danielewski,,,not_found
9780312650250,"Awakened (House of Night, #8)","P.C. Cast, Kristin Cast",http://books.google.com/books/content?id=84AQG6bnyZwC&printsec=frontcover&img=1&zoom=1&edge=curl&source=gbs_api,covers/9780312650250.jpg,ok_googlebooks
9780385537130,Sycamore Row,John Grisham,,,not_found
9781583485100,My Ántonia,Willa Cather,,,not_found
9780800759490,90 Minutes in Heaven: A True Story of Death and Life,"Don Piper, Cecil Murphey",,,not_found
,"The Immortals of Meluha (Shiva Trilogy, #1)",Amish Tripathi,,,not_found
9780713998950,America (The Book): A Citizen's Guide to Democracy Inaction,"Jon Stewart, Ben Karlin, David Javerbaum, Rich Bloomquist, Steve Bodow, Tim Carvell, Eric Drysdale, J.R. Havlan, Scott Jacobson, Tom Johnson, Rob Kutner, Chris Regan, Jason Reich, Jason Ross, Stephen Colbert, Samantha Bee, Rob Corddry, Brendan Hay, Ed Helms",,,not_found
9781455520660,The Longest Ride,Nicholas Sparks,,,not_found
9780679776190,Tao Te Ching,"Lao Tzu, Gia-Fu Feng, Jane English, Chungliang Al Huang, Rowena Pattee Kryder, Toinette Lippe",,,not_found
9780312995060,"Kane and Abel (Kane and Abel, #1)",Jeffrey Archer,,,not_found
9780743496740,Change of Heart,Jodi Picoult,,,not_found
9780312423800,Dry,Augusten Burroughs,,,not_found
9780446613350,Sam's Letters to Jennifer,James Patterson,,,not_found
9781101946340,"Grey (Fifty Shades, #4)",E.L. James,,,not_found
9780441172700,Dune Messiah (Dune Chronicles #2),Frank Herbert,,,not_found
9790007672390,The Great Divorce,C.S. Lewis,,,not_found
9780767905210,Mr. Maybe,Jane Green,,,not_found
9780316075800,"New Moon: The Complete Illustrated Movie Companion (The Twilight Saga: The Official Illustrated Movie Companion, #2)",Mark Cotta Vaz,,,not_found
9780553213170,"Anne of the Island (Anne of Green Gables, #3)",L.M. Montgomery,,,not_found
,Ugly Love,Colleen Hoover,,,not_found
9780140047490,Thus Spoke Zarathustra,"Friedrich Nietzsche, Walter Kaufmann",,,not_found
9780140620190,North and South,"Elizabeth Gaskell, Alan Shelston",,,not_found
9780752224410,"The Lost World (Jurassic Park, #2)",Michael Crichton,,,not_found
9780062014540,"Requiem (Delirium, #3)",Lauren Oliver,,,not_found
9781451629190,A Stolen Life,Jaycee Dugard,,,not_found
9780812550280,"A Crown of Swords (Wheel of Time, #7)",Robert Jordan,,,not_found
9780192840510,Aesop's Fables,"Aesop, Laura Harris, Laura Gibbs",,,not_found
9780679728760,"Blood Meridian, or the Evening Redness in the West",Cormac McCarthy,,,not_found
,The Tommyknockers,Stephen King,,,not_found
9780751504380,Skeleton Crew,Stephen King,,,not_found
9780099437960,Lullaby,Chuck Palahniuk,http://books.google.com/books/content?id=rVWZp6VCVu0C&printsec=frontcover&img=1&zoom=1&source=gbs_api,covers/9780099437960.jpg,ok_googlebooks
9788129115300,2 States: The Story of My Marriage,Chetan Bhagat,,,not_found
9781442426670,"Finale (Hush, Hush, #4)",Becca Fitzpatrick,,,not_found
9781421508220,"Vampire Knight, Vol. 1 (Vampire Knight, #1)","Matsuri Hino, Tomo Kimura",,,not_found
9780451458930,"Summer Knight (The Dresden Files, #4)",Jim Butcher,,,not_found
9780345484260,"Dragonflight (Dragonriders of Pern, #1)","Anne McCaffrey, Teodor Panasiński",,,not_found
9780517092910,The Complete Fairy Tales,"Hans Christian Andersen, Lily Owens, Arthur Rackham, Hans Richter",https://covers.openlibrary.org/b/isbn/9780517092910-L.jpg,covers/9780517092910.jpg,ok_openlibrary
9780618968470,"The History of the Hobbit, Part One: Mr. Baggins","John D. Rateliff, J.R.R. Tolkien",,,not_found
9780141000180,"Chocolat (Chocolat, #1)",Joanne Harris,,,not_found
9780553116600,The Amityville Horror,Jay Anson,,,not_found
9780192839990,Dubliners,"James Joyce, Jeri Johnson",,,not_found
9780771068710,The English Patient,Michael Ondaatje,,,not_found
9781936305550,"Gabriel's Rapture (Gabriel's Inferno, #2)",Sylvain Reynard,,,not_found
9781400063730,Let the Great World Spin,Colum McCann,,,not_found
9780141321320,"The Eternity Code (Artemis Fowl, #3)",Eoin Colfer,,,not_found
9780440236700,Tell No One,Harlan Coben,,,not_found
9781416528630,Little Earthquakes,Jennifer Weiner,https://covers.openlibrary.org/b/isbn/9781416528630-L.jpg,covers/9781416528630.jpg,ok_openlibrary
9781476730100,"Beautiful Bastard (Beautiful Bastard, #1)",Christina Lauren,,,not_found
9781423121300,"Hex Hall (Hex Hall, #1)",Rachel Hawkins,,,not_found
9780761169250,Steal Like an Artist: 10 Things Nobody Told You About Being Creative,Austin Kleon,,,not_found
9780060512800,Cryptonomicon,Neal Stephenson,,,not_found
9780060959040,Prodigal Summer,Barbara Kingsolver,,,not_found
9780452282830,We Were the Mulvaneys,Joyce Carol Oates,,,not_found
9780316077060,"Beautiful Darkness (Caster Chronicles, #2)","Kami Garcia, Margaret Stohl",,,not_found
9780060976260,Understanding Comics: The Invisible Art,Scott McCloud,,,not_found
9781594485760,The Psychopath Test: A Journey Through the Madness Industry,Jon Ronson,,,not_found
9781401322790,The Time Keeper,Mitch Albom,,,not_found
9780743454550,Vanishing Acts,Jodi Picoult,,,not_found
9780060590280,"A Dirty Job (Grim Reaper, #1)",Christopher Moore,,,not_found
9780312976280,"Hot Six (Stephanie Plum, #6)",Janet Evanovich,,,not_found
9780393324820,Moneyball: The Art of Winning an Unfair Game,Michael   Lewis,,,not_found
9780786818590,"The Amulet of Samarkand (Bartimaeus, #1)",Jonathan Stroud,,,not_found
9780688014290,The One Minute Manager,"Kenneth H. Blanchard, Spencer Johnson",,,not_found
9780446580500,I Am America (And So Can You!),"Stephen Colbert, Richard Dahm, Paul Dinello, Allison Silverman, Michael Brumm, Eric Drydale, Rob Dubbin, Glenn Eichler, Peter Grosz, Peter Gwinn, Jay Katsir, Laura Krafft, Frank Lesser, Tom Purcell",,,not_found
9780553258480,Exodus,Leon Uris,,,not_found
9780684844770,Stones from the River,Ursula Hegi,,,not_found
9780439272640,"The Miserable Mill (A Series of Unfortunate Events, #4)","Lemony Snicket, Brett Helquist",,,not_found
9780446585030,Seriously... I'm Kidding,Ellen DeGeneres,,,not_found
9780330419640,Absolute Power,David Baldacci,,,not_found
9780142000690,Cannery Row,John Steinbeck,,,not_found
9780316175680,The Snow Child,Eowyn Ivey,,,not_found
2940016231920,"Wait for You (Wait for You, #1)","J. Lynn, Jennifer L. Armentrout",,,not_found
9780394758280,"The Big Sleep (Philip Marlowe, #1)",Raymond Chandler,,,not_found
9781620610110,"Onyx (Lux, #2)",Jennifer L. Armentrout,,,not_found
9780810970690,"The Last Straw (Diary of a Wimpy Kid, #3)",Jeff Kinney,,,not_found
9781405204260,The Tao of Pooh,"Benjamin Hoff, Ernest H. Shepard",,,not_found
9780062085540,"Unravel Me (Shatter Me, #2)",Tahereh Mafi,,,not_found
9780812968970,The Birth of Venus,Sarah Dunant,,,not_found
9780679433130,The Divine Comedy,"Dante Alighieri, Allen Mandelbaum, Eugenio Montale",,,not_found
9781423104000,"The Opal Deception  (Artemis Fowl, #4)",Eoin Colfer,,,not_found
9780385354290,"The Girl in the Spider's Web (Millennium, #4)","David Lagercrantz, Stieg Larsson, George Goulding",,,not_found
9780812998600,The Girls,Emma Cline,,,not_found
9780099549340,"Warm Bodies (Warm Bodies, #1)",Isaac Marion,,,not_found
9781582349910,"The Goose Girl (The Books of Bayern, #1)",Shannon Hale,,,not_found
9780451528350,The Prince and the Pauper,"Mark Twain, Everett H. Emerson",,,not_found
9780060584760,Mystic River,Dennis Lehane,,,not_found
9780330371230,"High Five (Stephanie Plum, #5)",Janet Evanovich,,,not_found
9781609450790,My Brilliant Friend (The Neapolitan Novels #1),"Elena Ferrante, Ann Goldstein",http://books.google.com/books/content?id=vOWRtgAACAAJ&printsec=frontcover&img=1&zoom=1&source=gbs_api,covers/9781609450790.jpg,ok_googlebooks
9781781162640,Joyland,Stephen King,,,not_found
9780684801540,Tender Is the Night,F. Scott Fitzgerald,,,not_found
,"Dead Reckoning (Sookie Stackhouse, #11)",Charlaine Harris,,,not_found
9780811214050,The Glass Menagerie,Tennessee Williams,,,not_found
9780385312580,Cold Sassy Tree,Olive Ann Burns,,,not_found
9780062515670,The Monk Who Sold His Ferrari: A Fable About Fulfilling Your Dreams  Reaching Your Destiny,Robin S. Sharma,,,not_found
,Hard-Boiled Wonderland and the End of the World,"Haruki Murakami, Alfred Birnbaum",,,not_found
9780307353140,The 4-Hour Workweek,Timothy Ferriss,,,not_found
9780575077030,"Ringworld (Ringworld, #1)",Larry Niven,,,not_found
9780399254120,Between Shades of Gray,Ruta Sepetys,,,not_found
9780670022690,Rules of Civility,Amor Towles,,,not_found
9780062065250,The Round House,Louise Erdrich,,,not_found
9781612620240,"Attack on Titan, Vol. 1 (Attack on Titan, #1)","Hajime Isayama, Sheldon Drzka",,,not_found
9780689818770,Frindle,"Andrew Clements, Brian Selznick",,,not_found
9780440487620,"A Wind in the Door (A Wrinkle in Time Quintet, #2)",Madeleine L'Engle,,,not_found
9780670021450,The Forty Rules of Love,"Elif Shafak, إليف شافاق, ارسلان فصیحی, محمد درويش",,,not_found
9780062237420,"Free Four: Tobias Tells the Divergent Knife-Throwing Scene (Divergent, #1.5)",Veronica Roth,,,not_found
9780385539260,A Little Life,Hanya Yanagihara,,,not_found
9781563899800,"Y: The Last Man, Vol. 1: Unmanned","Brian K. Vaughan, Pia Guerra, José Marzán Jr.",,,not_found
9780765330420,"The Alloy of Law (Mistborn, #4)",Brandon Sanderson,,,not_found
,"The Coincidence of Callie & Kayden (The Coincidence, #1)",Jessica Sorensen,,,not_found
9780061122100,By the River Piedra I Sat Down and Wept,"Paulo Coelho, Alan R. Clarke",,,not_found
9780345452010,The Accidental Tourist,"Anne Tyler, Jennifer Bassett",,,not_found
9781402726030,The Swiss Family Robinson  ,"Johann David Wyss, Scott McKowen, Arthur Pober",,,not_found
9780450542890,Four Past Midnight ,Stephen King,,,not_found
9781937044960,"The Marriage Bargain (Marriage to a Billionaire, #1)",Jennifer Probst,,,not_found
9780399162090,We Are All Completely Beside Ourselves,Karen Joy Fowler,,,not_found
9780448405210,The Little Engine That Could,"Watty Piper, Doris Hauman, George Hauman",,,not_found
9780765304740,"Children of the Mind (Ender's Saga, #4)",Orson Scott Card,,,not_found
9780142401770,Someone Like You,Sarah Dessen,,,not_found
9780679722760,Ulysses,James Joyce,,,not_found
9780340837950,The Moon is a Harsh Mistress,Robert A. Heinlein,,,not_found
9780312304360,Moloka'i,Alan Brennert,,,not_found
9780099471420,"The Witching Hour (Lives of the Mayfair Witches, #1)",Anne Rice,,,not_found
9780064400560,Stuart Little,"E.B. White, Garth Williams",,,not_found
9780061662770,"The Awakening (Darkest Powers, #2)",Kelley Armstrong,,,not_found
9781581345280,"This Present Darkness (Darkness, #1)",Frank E. Peretti,,,not_found
9780312980150,"Seven Up (Stephanie Plum, #7)",Janet Evanovich,,,not_found
9780064408640,"The Austere Academy (A Series of Unfortunate Events, #5)","Lemony Snicket, Brett Helquist",,,not_found
9781594634480,Fates and Furies,Lauren Groff,,,not_found
9780440243760,Summer Sisters,Judy Blume,,,not_found
9780380508560,"The Foundation Trilogy (Foundation, #1-3)",Isaac Asimov,,,not_found
9780451528520,The Invisible Man,H.G. Wells,https://covers.openlibrary.org/b/isbn/9780451528520-L.jpg,covers/9780451528520.jpg,ok_openlibrary
9780375708110,"The Elegant Universe: Superstrings, Hidden Dimensions, and the Quest for the Ultimate Theory",Brian Greene,,,not_found
9780810983920,"Dog Days (Diary of a Wimpy Kid, #4)",Jeff Kinney,,,not_found
9780451459400,"Death Masks (The Dresden Files, #5)",Jim Butcher,,,not_found
9781442408920,"Aristotle and Dante Discover the Secrets of the Universe (Aristotle and Dante Discover the Secrets of the Universe, #1)",Benjamin Alire Sáenz,https://covers.openlibrary.org/b/isbn/9781442408920-L.jpg,covers/9781442408920.jpg,ok_openlibrary
9780060566230,"The Vile Village (A Series of Unfortunate Events, #7)","Lemony Snicket, Brett Helquist",,,not_found
9780312983860,"Hard Eight (Stephanie Plum, #8)","Janet Evanovich, Lorelei King",,,not_found
9780152802170,Stellaluna,Janell Cannon,,,not_found
9780575077880,Before They Are Hanged (The First Law #2),Joe Abercrombie,,,not_found
9780345494990,Loving Frank,Nancy Horan,,,not_found
9780375508320,Cosmos,Carl Sagan,,,not_found
9780446359400,Sybil: The Classic True Story of a Woman Possessed by Sixteen Personalities,Flora Rheta Schreiber,,,not_found
9781400032820,Haunted,Chuck Palahniuk,,,not_found
9781400034710,Chronicle of a Death Foretold,"Gabriel García Márquez, Gregory Rabassa",,,not_found
9780805093070,Killing Lincoln: The Shocking Assassination that Changed America Forever,"Bill O'Reilly, Martin Dugard",,,not_found
9780582416390,"A Scandal in Bohemia (The Adventures of Sherlock Holmes, #1)","Ronald Holt, Arthur Conan Doyle",,,not_found
9780307265750,The Lowland,Jhumpa Lahiri,,,not_found
9780142406630,"The Ruins of Gorlan (Ranger's Apprentice, #1)",John Flanagan,,,not_found
9780553213140,"Anne of Avonlea (Anne of Green Gables, #2)",L.M. Montgomery,https://covers.openlibrary.org/b/isbn/9780553213140-L.jpg,covers/9780553213140.jpg,ok_openlibrary
9780385339670,The Brethren,John Grisham,,,not_found
9780812550290,"The Path of Daggers (Wheel of Time, #8)",Robert Jordan,,,not_found
9780451194010,Rosemary's Baby,Ira Levin,,,not_found
9780140042530,The Dharma Bums,Jack Kerouac,,,not_found
9781841497130,"The Reckoning (Darkest Powers, #3)",Kelley Armstrong,,,not_found
9781400067560,"Behind the Beautiful Forevers: Life, Death, and Hope in a Mumbai Undercity",Katherine Boo,,,not_found
9780375507780,"The Talisman (The Talisman, #1)","Stephen King, Peter Straub",,,not_found
9780517222850,The Shell Seekers,Rosamunde Pilcher,https://covers.openlibrary.org/b/isbn/9780517222850-L.jpg,covers/9780517222850.jpg,ok_openlibrary
9780152058100,"Mary Poppins (Mary Poppins, #1)","P.L. Travers, Mary Shepard",,,not_found
9780553804680,"Red Seas Under Red Skies (Gentleman Bastard, #2)",Scott Lynch,,,not_found
9781932416640,What Is the What,Dave Eggers,https://covers.openlibrary.org/b/isbn/9781932416640-L.jpg,covers/9781932416640.jpg,ok_openlibrary
9780670018700,City of Thieves,David Benioff,,,not_found
9780061245080,"Halfway to the Grave (Night Huntress, #1)",Jeaniene Frost,,,not_found
9780679734770,The House on Mango Street,Sandra Cisneros,,,not_found
9780060278250,"Abhorsen (Abhorsen, #3)",Garth Nix,,,not_found
9780446612550,The Beach House,"James Patterson, Peter de Jonge",,,not_found
9780141318300,The Twits,"Roald Dahl, Quentin Blake",,,not_found
9780441104020,Children of Dune (Dune Chronicles #3),Frank Herbert,,,not_found
9780751504580,The Eyes of the Dragon,Stephen King,,,not_found
9781841499890,"Leviathan Wakes (The Expanse, #1)",James S.A. Corey,,,not_found
9780140501830,The Snowy Day,Ezra Jack Keats,,,not_found
9781619636040,"Queen of Shadows (Throne of Glass, #4)",Sarah J. Maas,,,not_found
9780747267640,"To the Nines (Stephanie Plum, #9)",Janet Evanovich,,,not_found
9780553565690,"Assassin's Quest (Farseer Trilogy, #3)",Robin Hobb,https://covers.openlibrary.org/b/isbn/9780553565690-L.jpg,covers/9780553565690.jpg,ok_openlibrary
9780679729780,"Maus II: A Survivor's Tale: And Here My Troubles Began (Maus, #2)",Art Spiegelman,,,not_found
9780385495230,The Hot Zone: The Terrifying True Story of the Origins of the Ebola Virus,Richard   Preston,,,not_found
9780099448470,Sputnik Sweetheart,"Haruki Murakami, Philip Gabriel",,,not_found
9780060572970,"Dead Witch Walking (The Hollows, #1)",Kim Harrison,,,not_found
9780670024860,The Signature of All Things,Elizabeth Gilbert,,,not_found
9780752898480,"An Echo in the Bone (Outlander, #7)",Diana Gabaldon,,,not_found
9781592402040,"Eats, Shoots & Leaves: The Zero Tolerance Approach to Punctuation",Lynne Truss,,,not_found
9780399231900,The Night Before Christmas,"Clement C. Moore, Jan Brett",,,not_found
9780312554190,Where We Belong,Emily Giffin,,,not_found
9780061996160,"Unearthly (Unearthly, #1)",Cynthia Hand,,,not_found
9780670011100,Wintergirls,Laurie Halse Anderson,https://covers.openlibrary.org/b/isbn/9780670011100-L.jpg,covers/9780670011100.jpg,ok_openlibrary
9780440421700,Hoot,Carl Hiaasen,,,not_found
9780679729520,The Aeneid,"Virgil, Robert Fitzgerald",,,not_found
9781594487360,This Is How You Lose Her,Junot Díaz,,,not_found
9780310226060,The Case for Christ,Lee Strobel,,,not_found
9780553375400,Ishmael:A Novel,Daniel Quinn,,,not_found
9780307265840,After Dark,"Haruki Murakami, Jay Rubin",,,not_found
9781416995560,"It's Not Summer Without You (Summer, #2)",Jenny Han,,,not_found
9780439321620,Quidditch Through the Ages,"Kennilworthy Whisp, J.K. Rowling",,,not_found
9780373210500,"Pushing the Limits (Pushing the Limits, #1)",Katie McGarry,,,not_found
9780451196710,The Long Walk,"Richard Bachman, Stephen King",,,not_found
9780385732540,"Messenger (The Giver, #3)",Lois Lowry,,,not_found
9780060566210,"The Ersatz Elevator (A Series of Unfortunate Events, #6)","Lemony Snicket, Brett Helquist",,,not_found
9780451412360,"Lover Revealed (Black Dagger Brotherhood, #4)",J.R. Ward,,,not_found
,"A Court of Mist and Fury (A Court of Thorns and Roses, #2)",Sarah J. Maas,,,not_found
9780385516490,'Salem's Lot,"Stephen King, Jerry N. Uelsmann",,,not_found
9780812577560,"Knife of Dreams (Wheel of Time, #11)",Robert Jordan,,,not_found
9780316057780,"The Mysterious Benedict Society (The Mysterious Benedict Society, #1)","Trenton Lee Stewart, Carson Ellis",,,not_found
9781301627450,"Never Too Far (Rosemary Beach, #2; Too Far, #2)",Abbi Glines,,,not_found
9780446579800,god is Not Great: How Religion Poisons Everything,Christopher Hitchens,,,not_found
9780786836540,"The Golem's Eye (Bartimaeus, #2)",Jonathan Stroud,,,not_found
9781842430220,Still Life with Woodpecker,Tom Robbins,,,not_found
9780061015730,State of Fear,Michael Crichton,http://books.google.com/books/content?id=beyUPvFdB_8C&printsec=frontcover&img=1&zoom=1&edge=curl&source=gbs_api,covers/9780061015730.jpg,ok_googlebooks
9780385340540,The Broker,John Grisham,,,not_found
9781595143980,"Across the Universe (Across the Universe, #1)",Beth Revis,,,not_found
9780671250680,"The Road Less Traveled: A New Psychology of Love, Traditional Values, and Spiritual Growth",M. Scott Peck,,,not_found
9780316122380,The Statistical Probability of Love at First Sight,Jennifer E. Smith,,,not_found
9780395401460,"Miss Nelson Is Missing! (Miss Nelson, #1)","Harry Allard, James  Marshall",https://covers.openlibrary.org/b/isbn/9780395401460-L.jpg,covers/9780395401460.jpg,ok_openlibrary
9780807508530,"The Boxcar Children (The Boxcar Children, #1)","Gertrude Chandler Warner, L. Kate Deal",,,not_found
9780091940740,How to Be a Woman,Caitlin Moran,,,not_found
9780143123230,The Silent Wife,A.S.A. Harrison,,,not_found
9780451459880,"Blood Rites (The Dresden Files, #6)",Jim Butcher,,,not_found
9780316601960,The Pilot's Wife,Anita Shreve,,,not_found
9780676979340,Unaccustomed Earth,Jhumpa Lahiri,,,not_found
9780140283300,White Noise,Don DeLillo,,,not_found
9781891830430,Blankets,Craig Thompson,,,not_found
9780743464120,"Band of Brothers: E Company, 506th Regiment, 101st Airborne from Normandy to Hitler's Eagle's Nest",Stephen E. Ambrose,,,not_found
9780061374230,The Story of Edgar Sawtelle,David Wroblewski,,,not_found
9781593082050,"The Complete Sherlock Holmes, Vol 2","Arthur Conan Doyle, Kyle Freeman",,,not_found
9780156031660,Those Who Save Us,Jenna Blum,https://covers.openlibrary.org/b/isbn/9780156031660-L.jpg,covers/9780156031660.jpg,ok_openlibrary
9780679744400,"All the Pretty Horses (The Border Trilogy, #1)",Cormac McCarthy,,,not_found
9780345439110,Drowning Ruth,Christina Schwarz,,,not_found
9780876850860,Post Office,Charles Bukowski,,,not_found
9780307408860,Dead Wake: The Last Crossing of the Lusitania,Erik Larson,https://covers.openlibrary.org/b/isbn/9780307408860-L.jpg,covers/9780307408860.jpg,ok_openlibrary
9781569319020,"One Piece, Volume 01: Romance Dawn (One Piece, #1)","Eiichirō Oda, Andy Nakatani",,,not_found
9780451450520,"The Last Unicorn (The Last Unicorn, #1)",Peter S. Beagle,,,not_found
9780689848920,Fever 1793,Laurie Halse Anderson,,,not_found
9780733800850,Don't Sweat the Small Stuff ... and it's all small stuff: Simple Ways to Keep the Little Things from Taking Over Your Life,Richard Carlson,,,not_found
9780670018860,"The Likeness (Dublin Murder Squad, #2)",Tana French,,,not_found
9780812504700,The Jungle Book,Rudyard Kipling,,,not_found
9781617750250,Go the Fuck to Sleep,"Adam Mansbach, Ricardo Cortés",,,not_found
9781439177720,"I Am Pilgrim (Pilgrim, #1)",Terry Hayes,,,not_found
9780872863100,Howl and Other Poems,"Allen Ginsberg, William Carlos Williams",,,not_found
9780743258070,Benjamin Franklin: An American Life,Walter Isaacson,,,not_found
9780345418780,"Mostly Harmless (Hitchhiker's Guide to the Galaxy, #5)",Douglas Adams,,,not_found
9780785819110,The Origin of Species,Charles Darwin,https://covers.openlibrary.org/b/isbn/9780785819110-L.jpg,covers/9780785819110.jpg,ok_openlibrary
9780060577320,"Magyk (Septimus Heap, #1)",Angie Sage,,,not_found
9780060502940,"Going Postal (Discworld, #33; Moist von Lipwig, #1)",Terry Pratchett,,,not_found
9780385343830,The Tiger's Wife,Téa Obreht,,,not_found
9780778324330,"Poison Study (Study, #1)",Maria V. Snyder,,,not_found
9780967686560,The Book of Mormon: Another Testament of Jesus Christ,"Anonymous, Joseph Smith Jr.",,,not_found
9780451223300,The Mist,Stephen King,,,not_found
9780061020700,"The Light Fantastic (Discworld, #2; Rincewind #2)",Terry Pratchett,http://books.google.com/books/content?id=fAU6uoSrTJEC&printsec=frontcover&img=1&zoom=1&edge=curl&source=gbs_api,covers/9780061020700.jpg,ok_googlebooks
9780345539820,"Golden Son (Red Rising, #2)",Pierce Brown,,,not_found
9780552154310,"Night Watch (Discworld, #29; City Watch, #6)",Terry Pratchett,,,not_found
9780451460910,"Dead Beat (The Dresden Files, #7)",Jim Butcher,,,not_found
9780316078570,What the Dog Saw and Other Adventures,Malcolm Gladwell,,,not_found
9781476770380,Revival,Stephen King,http://books.google.com/books/content?id=ZU0uBQAAQBAJ&printsec=frontcover&img=1&zoom=1&edge=curl&source=gbs_api,covers/9781476770380.jpg,ok_googlebooks
9780575077900,"Last Argument of Kings (The First Law, #3)",Joe Abercrombie,,,not_found
9780062430880,Pretty Girls,Karin Slaughter,,,not_found
9780060590160,"Lirael (Abhorsen, #2)",Garth Nix,,,not_found
9780393330470,The Blind Side: Evolution of a Game,Michael   Lewis,,,not_found
,"The Infinite Sea (The 5th Wave, #2)",Rick Yancey,,,not_found
9780679800030,Horton Hears a Who!,Dr. Seuss,,,not_found
9780316155600,"School's Out—Forever (Maximum Ride, #2)",James Patterson,,,not_found
9780451222350,"Lover Unbound (Black Dagger Brotherhood, #5)",J.R. Ward,https://covers.openlibrary.org/b/isbn/9780451222350-L.jpg,covers/9780451222350.jpg,ok_openlibrary
9780312642980,"Winter (The Lunar Chronicles, #4)",Marissa Meyer,,,not_found
9780316080840,"Black Butler, Vol. 1 (Black Butler, #1)","Yana Toboso, Tomo Kimura",,,not_found
9780486426750,The Pilgrim's Progress,John Bunyan,,,not_found
9780345503800,"The Warded Man (Demon Cycle, #1)",Peter V. Brett,,,not_found
9780545457830,The Hunger Games Tribute Guide,Emily Seife,,,not_found
9780440241030,"One Shot (Jack Reacher, #9)",Lee Child,,,not_found
9781423140570,"The Serpent's Shadow (Kane Chronicles, #3)",Rick Riordan,,,not_found
9781416552510,Duma Key,Stephen King,,,not_found
9780812575580,"Winter's Heart (Wheel of Time, #9)",Robert Jordan,,,not_found
9780451461030,"Proven Guilty (The Dresden Files, #8)",Jim Butcher,,,not_found
9780330448440,The House at Riverton,Kate Morton,,,not_found
9780451529560,"Notes from Underground, White Nights, The Dream of a Ridiculous Man, and Selections from The House of the Dead","Fyodor Dostoyevsky, Andrew R. MacAndrew, Ben Marcus",,,not_found
9780441627400,The Once and Future King (The Once and Future King #1-4),T.H. White,,,not_found
9780618084750,The Heart is a Lonely Hunter,Carson McCullers,,,not_found
9780618477940,Fun Home: A Family Tragicomic,Alison Bechdel,,,not_found
9780552152980,"Small Gods (Discworld, #13)",Terry Pratchett,,,not_found
9780385323060,"Bud, Not Buddy",Christopher Paul Curtis,,,not_found
9789770931550,الفيل الأزرق,أحمد مراد,,,not_found
9780061353240,Predictably Irrational: The Hidden Forces That Shape Our Decisions,Dan Ariely,,,not_found
9780297854400,Life,Keith Richards,,,not_found
9780007148980,"The Indian in the Cupboard (The Indian in the Cupboard, #1)",Lynne Reid Banks,,,not_found
9780765325950,"A Memory of Light (Wheel of Time, #14)","Robert Jordan, Brandon Sanderson",,,not_found
9781419701760,Me and Earl and the Dying Girl,Jesse Andrews,,,not_found
9780141439730,The Strange Case of Dr. Jekyll and Mr. Hyde and Other Tales of Terror,"Robert Louis Stevenson, Robert Mighall",https://covers.openlibrary.org/b/isbn/9780141439730-L.jpg,covers/9780141439730.jpg,ok_openlibrary
9780312990220,"Janet Evanovich Three and Four Two-Book Set (Stephanie Plum, #3-4)",Janet Evanovich,,,not_found
9780810984910,"The Ugly Truth (Diary of a Wimpy Kid, #5)",Jeff Kinney,,,not_found
9780446696630,"2nd Chance (Women's Murder Club, #2)","James Patterson, Andrew Gross",,,not_found
9780142001810,"The Eyre Affair (Thursday Next, #1)",Jasper Fforde,,,not_found
9780060839790,"The Professor and the Madman: A Tale of Murder, Insanity and the Making of the Oxford English Dictionary",Simon Winchester,,,not_found
9780345373950,Anne Rice's The Vampire Lestat: A Graphic Novel,"Faye Perozich, Anne Rice, John Bolton, Daerick Gröss",,,not_found
9780141014080,"The Complete Maus (Maus, #1-2)",Art Spiegelman,,,not_found
9780747571770,Sideways Stories from Wayside School (Wayside School #1),"Louis Sachar, Adam McCauley",,,not_found
9780385333140,Black and Blue,Anna Quindlen,,,not_found
9781573221120,The Art of Happiness,"Dalai Lama XIV, Howard C. Cutler",,,not_found
9780062003940,"Origins (The Vampire Diaries: Stefan's Diaries, #1)","L.J. Smith, Kevin Williamson, Julie Plec",,,not_found
9780385339680,The Last Juror,John Grisham,,,not_found
9781400065680,The Bone Clocks,David Mitchell,,,not_found
9781400032820,Diary,Chuck Palahniuk,,,not_found
9780312985350,"Eleven on Top (Stephanie Plum, #11)",Janet Evanovich,,,not_found
9780743236010,"Sex, Drugs, and Cocoa Puffs: A Low Culture Manifesto",Chuck Klosterman,,,not_found
9780439554010,"Inkspell (Inkworld, #2)","Cornelia Funke, Anthea Bell",,,not_found
9780786915740,"Dragons of Autumn Twilight  (Dragonlance: Chronicles, #1)","Margaret Weis, Tracy Hickman",,,not_found
9780451461410,"White Night (The Dresden Files, #9)",Jim Butcher,,,not_found
9780316926350,Brideshead Revisited: The Sacred and Profane Memories of Captain Charles Ryder,Evelyn Waugh,,,not_found
9781416951180,"Extras (Uglies, #4)",Scott Westerfeld,,,not_found
9780786849570,"The Lost Colony (Artemis Fowl, #5)",Eoin Colfer,,,not_found
9780062306810,The Miniaturist,Jessie Burton,,,not_found
9780399244550,"The Burning Bridge (Ranger's Apprentice, #2)",John Flanagan,,,not_found
9780670025600,"The Book of Life (All Souls Trilogy, #3)",Deborah Harkness,,,not_found
9780061147950,Horns,Joe Hill,,,not_found
9780670844880,The Stinky Cheese Man and Other Fairly Stupid Tales,"Jon Scieszka, Lane Smith",,,not_found
9781585421470,The Artist's Way: A Spiritual Path to Higher Creativity,Julia Cameron,,,not_found
9780679456730,Catherine the Great: Portrait of a Woman,Robert K. Massie,,,not_found
9780312364120,Winter Garden,Kristin Hannah,,,not_found
9780385528770,"The Year of the Flood  (MaddAddam, #2)",Margaret Atwood,,,not_found
9780316067590,Lone Survivor: The Eyewitness Account of Operation Redwing and the Lost Heroes of SEAL Team 10,"Marcus Luttrell, Patrick Robinson",,,not_found
9781907411050,"Under the Never Sky (Under the Never Sky, #1)",Veronica Rossi,,,not_found
9780316033660,"Shadow's Edge (Night Angel, #2)",Brent Weeks,,,not_found
9781579126280,"The Murder of Roger Ackroyd (Hercule Poirot, #4)",Agatha Christie,,,not_found
9780060837560,Native Son,Richard Wright,http://books.google.com/books/content?id=XiYHAQAAIAAJ&printsec=frontcover&img=1&zoom=1&source=gbs_api,covers/9780060837560.jpg,ok_googlebooks
9780446696520,"True Believer (Jeremy Marsh & Lexie Darnell, #1)",Nicholas Sparks,,,not_found
9788129113730,The 3 Mistakes of My Life,Chetan Bhagat,,,not_found
9780307887890,The Lean Startup: How Today's Entrepreneurs Use Continuous Innovation to Create Radically Successful Businesses,Eric Ries,,,not_found
9781595143180,"The Golden Lily (Bloodlines, #2)",Richelle Mead,,,not_found
9780345335460,"Magician's Gambit (The Belgariad, #3)",David Eddings,,,not_found
9780439706410,"Out from Boneville (Bone, #1)","Jeff Smith, Steve Hamaker",,,not_found
9780671728690,The Rise and Fall of the Third Reich: A History of Nazi Germany,William L. Shirer,,,not_found
9780785136200,The Stand: Captain Trips,"Roberto Aguirre-Sacasa, Stephen King, Mike Perkins, Laura       Martin",,,not_found
9780340640140,Rose Madder,Stephen King,,,not_found
9780515142240,"Die Trying (Jack Reacher, #2)",Lee Child,,,not_found
9781594481930,A Long Way Down,Nick Hornby,,,not_found
9780060878060,Keeping Faith,Jodi Picoult,,,not_found
9780061147940,Heart-Shaped Box,Joe Hill,,,not_found
9780316123520,"Beautiful Chaos (Caster Chronicles, #3)","Kami Garcia, Margaret Stohl, Paz Pruneda",,,not_found
9780316033660,"Beyond the Shadows (Night Angel, #3)",Brent Weeks,,,not_found
9780743290110,Chasing Harry Winston,Lauren Weisberger,,,not_found
9781501132930,The Woman in Cabin 10,Ruth Ware,,,not_found
9781862301380,"Redwall (Redwall, #1)",Brian Jacques,,,not_found
9780140447580,The Communist Manifesto,"Karl Marx, Friedrich Engels, Gareth Stedman Jones",,,not_found
9781419702240,"Cabin Fever (Diary of a Wimpy Kid, #6)",Jeff Kinney,,,not_found
9780679736370,Sophie's Choice,William Styron,,,not_found
9780553213290,The Last of the Mohicans (The Leatherstocking Tales #2),James Fenimore Cooper,,,not_found
9780440241910,"Shopaholic and Sister (Shopaholic, #4)",Sophie Kinsella,,,not_found
9780373210140,The Iron Daughter,Julie Kagawa,,,not_found
9781576737330,The Prayer of Jabez:  Breaking Through to the Blessed Life,Bruce H. Wilkinson,,,not_found
9780786868730,Have a Little Faith: a True Story,Mitch Albom,,,not_found
9781400043460,My Life in France,"Julia Child, Alex Prud'Homme",,,not_found
9780385339650,The King of Torts,John Grisham,https://covers.openlibrary.org/b/isbn/9780385339650-L.jpg,covers/9780385339650.jpg,ok_openlibrary
9781416543010,Everyone Worth Knowing,Lauren Weisberger,,,not_found
9780812983610,The Age of Miracles,Karen Thompson Walker,,,not_found
9781922182100,"The Rosie Effect (Don Tillman, #2)",Graeme Simsion,,,not_found
978938065870,The Secret of the Nagas (Shiva Trilogy #2),Amish Tripathi,,,not_found
9780061177580,Ham on Rye,Charles Bukowski,,,not_found
9780375825450,Flipped,Wendelin Van Draanen,,,not_found
9780974320620,Emotional Intelligence 2.0,"Travis Bradberry, Jean Greaves, Patrick Lencioni",,,not_found
9780670035380,Make Way for Ducklings,Robert McCloskey,,,not_found
9780380727510,Notes from a Small Island,Bill Bryson,,,not_found
9781607060760,"The Walking Dead, Compendium 1",Robert Kirkman,,,not_found
9780451461900,"Small Favor (The Dresden Files, #10)",Jim Butcher,,,not_found
9780553496640,"Everything, Everything","Nicola Yoon, David Yoon",,,not_found
,"This Man (This Man, #1)",Jodi Ellen Malpas,,,not_found
9781599900740,"Princess Academy (Princess Academy, #1)",Shannon Hale,,,not_found
9780679763970,Corelli's Mandolin,Louis de Bernières,,,not_found
9780062124260,Flight Behavior,Barbara Kingsolver,,,not_found
9780140298480,"Bridget Jones: The Edge of Reason (Bridget Jones, #2)",Helen Fielding,,,not_found
9781590388980,"Grip of the Shadow Plague (Fablehaven, #3)",Brandon Mull,,,not_found
9780446698470,"At First Sight (Jeremy Marsh & Lexie Darnell, #2)",Nicholas Sparks,,,not_found
9780192123090,The Memoirs of Sherlock Holmes,Arthur Conan Doyle,,,not_found
9780765354940,"Relic (Pendergast, #1)","Douglas Preston, Lincoln Child",,,not_found
9780812992790,The Orphan Master's Son,Adam Johnson,,,not_found
9780345300780,"Enchanters' End Game (The Belgariad, #5)",David Eddings,,,not_found
9780449213440,The Chosen,Chaim Potok,,,not_found
9780767903870,In a Sunburned Country,Bill Bryson,,,not_found
9780786891080,"Love, Rosie",Cecelia Ahern,,,not_found
9780451171350,The Agony and the Ecstasy,"Irving Stone, שמואל שניצר",,,not_found
9780385528700,"The Angel's Game (The Cemetery of Forgotten Books, #2)","Carlos Ruiz Zafón, Lucia Graves",,,not_found
9780375714830,The Complete Persepolis,"Marjane Satrapi, Mattias Ripa, Blake Ferris, Anjali Singh",,,not_found
9780064441550,Amelia Bedelia  (Amelia Bedelia #1),"Peggy Parish, Fritz Siebel",,,not_found
9780765326260,"A Dog's Purpose (A Dog's Purpose, #1)",W. Bruce Cameron,,,not_found
9780064410140,"The Slippery Slope (A Series of Unfortunate Events, #10)","Lemony Snicket, Brett Helquist",,,not_found
9781595148030,"An Ember in the Ashes (An Ember in the Ashes, #1)",Sabaa Tahir,,,not_found
9780451222720,"Lover Enshrined (Black Dagger Brotherhood, #6)",J.R. Ward,,,not_found
9780064431440,"Caps for Sale: A Tale of a Peddler, Some Monkeys and Their Monkey Business",Esphyr Slobodkina,,,not_found
9789953267200,الأسود يليق بك,"أحلام مستغانمي, Ahlam Mosteghanemi",,,not_found
9780062110830,"The Golem and the Jinni (The Golem and the Jinni, #1)",Helene Wecker,,,not_found
9780143037610,Bleak House,"Charles Dickens, Nicola Bradbury, Hablot Knight Browne",,,not_found
9780441012690,"Furies of Calderon (Codex Alera, #1)",Jim Butcher,,,not_found
9780689878560,"Alanna: The First Adventure (Song of the Lioness, #1)",Tamora Pierce,,,not_found
9780224085620,Her Fearful Symmetry,Audrey Niffenegger,,,not_found
9780553288210,"The Fall of Hyperion (Hyperion Cantos, #2)",Dan Simmons,,,not_found
9780446698870,"The Black Dahlia (L.A. Quartet, #1)",James Ellroy,,,not_found
9780451225860,"Lover Avenged (Black Dagger Brotherhood, #7)",J.R. Ward,,,not_found
9780743246990,Wild Swans: Three Daughters of China,Jung Chang,,,not_found
9780688120500,"Through the Looking-Glass, and What Alice Found There","Lewis Carroll, John Tenniel, Peter Glassman",,,not_found
9780394800200,"Go, Dog. Go!",P.D. Eastman,,,not_found
9780486282220,Pygmalion,George Bernard Shaw,https://covers.openlibrary.org/b/isbn/9780486282220-L.jpg,covers/9780486282220.jpg,ok_openlibrary
9780061558240,"The Strain (The Strain Trilogy, #1)","Guillermo del Toro, Chuck Hogan",,,not_found
9780316184140,The Complete Poems of Emily Dickinson,"Emily Dickinson, Thomas H. Johnson",,,not_found
9780060885400,"On the Banks of Plum Creek  (Little House, #4)","Laura Ingalls Wilder, Garth Williams",,,not_found
9781416553650,Born Standing Up: A Comic's Life,Steve Martin,,,not_found
9781501100130,"Finders Keepers (Bill Hodges Trilogy, #2)",Stephen King,,,not_found
9781439199350,The Boston Girl,Anita Diamant,https://covers.openlibrary.org/b/isbn/9781439199350-L.jpg,covers/9781439199350.jpg,ok_openlibrary
9780060935470,"Old Yeller (Old Yeller, #1)",Fred Gipson,,,not_found
9780007119550,"A Storm of Swords: Blood and Gold (A Song of Ice and Fire, #3: Part 2 of 2)",George R.R. Martin,,,not_found
9780060899200,PostSecret: Extraordinary Confessions from Ordinary Lives (PostSecret),Frank Warren,,,not_found
9780152047380,"The Borrowers (The Borrowers, #1)","Mary Norton, Beth Krush, Joe Krush",,,not_found
9780743246070,"The Queen's Fool (The Plantagenet and Tudor Novels, #12)",Philippa Gregory,,,not_found
9780375718950,"A Wild Sheep Chase (The Rat, #3)","Haruki Murakami, Alfred Birnbaum",,,not_found
9780345544960,Small Great Things,Jodi Picoult,,,not_found
9781842430350,Jitterbug Perfume,Tom Robbins,,,not_found
9780399244580,"The Battle for Skandia (Ranger's Apprentice, #4)",John Flanagan,,,not_found
9780316133980,"Days of Blood & Starlight (Daughter of Smoke & Bone, #2)",Laini Taylor,,,not_found
9781423157370,"The Darkest Minds (The Darkest Minds, #1)",Alexandra Bracken,,,not_found
9780340818670,Hearts in Atlantis,Stephen King,,,not_found
9781846558920,"In a Dark, Dark Wood",Ruth Ware,,,not_found
9781416560620,The Power of Positive Thinking,Norman Vincent Peale,,,not_found
9780989794800,Twelve Years a Slave,Solomon Northup,,,not_found
9781844082930,The House of Mirth,"Edith Wharton, Nina Bawden",,,not_found
9780756410440,The Slow Regard of Silent Things (The Kingkiller Chronicle #2.5),"Patrick Rothfuss, Nate  Taylor",,,not_found
9780451229850,"Lover Mine (Black Dagger Brotherhood, #8)",J.R. Ward,,,not_found
9780345501330,"Fairy Tail, Vol. 1 (Fairy Tail, #1)","Hiro Mashima, William Flanagan",,,not_found
9780141001820,In the Heart of the Sea: The Tragedy of the Whaleship Essex,Nathaniel Philbrick,,,not_found
9780743289690,Infidel,Ayaan Hirsi Ali,,,not_found
9781400063510,The Black Swan: The Impact of the Highly Improbable,Nassim Nicholas Taleb,,,not_found
9780374529530,One Day in the Life of Ivan Denisovich,"Aleksandr Solzhenitsyn, H.T. Willetts",,,not_found
9780345504980,"The Twelve (The Passage, #2)",Justin Cronin,,,not_found
9781580493890,"Antigone (The Theban Plays, #3)","Sophocles, J.E. Thomas",,,not_found
9780062300550,Hillbilly Elegy: A Memoir of a Family and Culture in Crisis,J.D. Vance,,,not_found
9780060893000,A Canticle for Leibowitz,Walter M. Miller Jr.,,,not_found
9780553380960,"The Diamond Age: or, A Young Lady's Illustrated Primer",Neal Stephenson,,,not_found
9781439138310,Brooklyn,Colm Tóibín,,,not_found
9781442409060,"Wither (The Chemical Garden, #1)",Lauren DeStefano,,,not_found
9780312864590,"Crossroads of Twilight (Wheel of Time, #10)",Robert Jordan,,,not_found
9780765348780,"Gardens of the Moon (The Malazan Book of the Fallen, #1)",Steven Erikson,,,not_found
9780007251860,The Witch Of Portobello,Paulo Coelho,,,not_found
9781580495870,The Red Badge of Courage,Stephen Crane,,,not_found
9780544273000,What If?: Serious Scientific Answers to Absurd Hypothetical Questions,Randall Munroe,,,not_found
9780345419640,"The Tale of the Body Thief (The Vampire Chronicles, #4)",Anne Rice,,,not_found
9780440401580,"A Swiftly Tilting Planet (A Wrinkle in Time Quintet, #3)",Madeleine L'Engle,,,not_found
9781439102720,Sing You Home,Jodi Picoult,,,not_found
9780446615620,"The Camel Club (Camel Club, #1)",David Baldacci,,,not_found
9780316155600,"Saving the World and Other Extreme Sports (Maximum Ride, #3)",James Patterson,,,not_found
9780812551470,"Blood of the Fold (Sword of Truth, #3)",Terry Goodkind,,,not_found
9780385542360,The Underground Railroad,Colson Whitehead,,,not_found
9780743272510,"The Boleyn Inheritance (The Plantagenet and Tudor Novels, #10)",Philippa Gregory,,,not_found
9780385683420,A Spool of Blue Thread,Anne Tyler,,,not_found
9780060832810,The Zahir,"Paulo Coelho, Margaret Jull Costa",https://covers.openlibrary.org/b/isbn/9780060832810-L.jpg,covers/9780060832810.jpg,ok_openlibrary
9780786838940,"Masquerade (Blue Bloods, #2)",Melissa de la Cruz,,,not_found
9780439771340,"Gregor the Overlander (Underland Chronicles, #1)",Suzanne Collins,,,not_found
,"Rapture (Fallen, #4)",Lauren Kate,,,not_found
9780373210180,"The Iron Queen (The Iron Fey, #3)",Julie Kagawa,,,not_found
9780988393510,"Losing It (Losing It, #1)",Cora Carmack,,,not_found
9780385535140,The Racketeer,John Grisham,,,not_found
9780316075560,"The Black Prism (Lightbringer, #1)",Brent Weeks,,,not_found
9780143036690,The Mermaid Chair,Sue Monk Kidd,,,not_found
9780143036370,Disgrace,J.M. Coetzee,,,not_found
9780064410120,"The Carnivorous Carnival (A Series of Unfortunate Events, #9)","Lemony Snicket, Brett Helquist",,,not_found
9780064440200,"Frog and Toad Are Friends (Frog and Toad, #1)",Arnold Lobel,,,not_found
,It Ends with Us,Colleen Hoover,,,not_found
9780525444440,"The House at Pooh Corner (Winnie-the-Pooh, #2)","A.A. Milne, Ernest H. Shepard",,,not_found
9780345348100,"The Killer Angels (The Civil War Trilogy, #2)",Michael Shaara,,,not_found
9781250121000,Behind Closed Doors,B.A. Paris,,,not_found
9781423116390,"Heist Society (Heist Society, #1)",Ally Carter,,,not_found
9780425201400,"Circus of the Damned (Anita Blake, Vampire Hunter, #3)",Laurell K. Hamilton,,,not_found
9781620610090,"Opal (Lux, #3)",Jennifer L. Armentrout,,,not_found
9781453688940,"Switched (Trylle, #1)",Amanda Hocking,,,not_found
9780553214320,The Island of Dr. Moreau,H.G. Wells,,,not_found
9781934781630,Zeitoun,Dave Eggers,,,not_found
9780786818620,"Ptolemy's Gate (Bartimaeus, #3)",Jonathan Stroud,,,not_found
9781416971700,Out of My Mind,Sharon M. Draper,,,not_found
9781469216000,"Pines (Wayward Pines, #1)",Blake Crouch,,,not_found
9781476791460,Confess,Colleen Hoover,,,not_found
9780679774390,Doctor Zhivago,"Boris Pasternak, Max Hayward, Manya Harari, John Bayley",,,not_found
9780099303750,Disclosure,Michael Crichton,,,not_found
9780553380640,The Electric Kool-Aid Acid Test,Tom Wolfe,,,not_found
9780802140180,Naked Lunch,"William S. Burroughs, James Grauerholz, Barry  Miles",,,not_found
9780307959850,Death Comes to Pemberley,P.D. James,,,not_found
9781416935860,The Gift of the Magi,"O. Henry, Lisbeth Zwerger",,,not_found
9780385720110,A Map of the World,"Jane Hamilton, Frank  Muller, C.J. Critt",,,not_found
9780142437800,Ethan Frome,Edith Wharton,,,not_found
9781563892260,Dream Country (The Sandman #3),"Neil Gaiman, Kelley Jones, Charles Vess, Colleen Doran, Malcolm Jones III, Steve Erickson",,,not_found
9780441007320,The Left Hand of Darkness,"Ursula K. Le Guin, Lech Jęczmyk",,,not_found
9780385337940,A Painted House,John Grisham,,,not_found
9780142412140,Let It Snow: Three Holiday Romances,"John Green, Maureen Johnson, Lauren Myracle",,,not_found
9781439192570,"Full Dark, No Stars",Stephen King,,,not_found
9780805095160,Being Mortal: Medicine and What Matters in the End,Atul Gawande,,,not_found
9780553582920,Intensity,Dean Koontz,http://books.google.com/books/content?id=an4y0pwgllQC&printsec=frontcover&img=1&zoom=1&source=gbs_api,covers/9780553582920.jpg,ok_googlebooks
9780375760370,Hawaii,James A. Michener,,,not_found
9781406914830,A Doll's House,"Henrik Ibsen, Michael   Meyer",,,not_found
9780413757100,Revolutionary Road,Richard Yates,,,not_found
9780446552450,Chelsea Chelsea Bang Bang,Chelsea Handler,,,not_found
9780375835320,Nick & Norah's Infinite Playlist,"Rachel Cohn, David Levithan",,,not_found
9780545259090,"Forever (The Wolves of Mercy Falls, #3)",Maggie Stiefvater,,,not_found
9780802132760,Rosencrantz and Guildenstern Are Dead,"Tom Stoppard, Henry Popkin",,,not_found
9781573226520,The Beach,Alex Garland,,,not_found
9781416524360,Everything's Eventual: 14 Dark Tales,Stephen King,,,not_found
9780143145550,Saving CeeCee Honeycutt,"Beth Hoffman, Jenna Lamia",,,not_found
9780575096580,"Deadlocked (Sookie Stackhouse, #12)",Charlaine Harris,http://books.google.com/books/content?id=xL6fpwAACAAJ&printsec=frontcover&img=1&zoom=1&source=gbs_api,covers/9780575096580.jpg,ok_googlebooks
9780192750970,"Beezus and Ramona (Ramona, #1)",Beverly Cleary,,,not_found
9780553564940,"Magician: Apprentice (The Riftwar Saga, #1)",Raymond E. Feist,,,not_found
9780316548180,Long Walk to Freedom,Nelson Mandela,,,not_found
9780099556310,Airframe,Michael Crichton,,,not_found
9780312987860,Bet Me,Jennifer Crusie,,,not_found
9780385537150,Gray Mountain,John Grisham,,,not_found
9781416509650,"The Farthest Shore (Earthsea Cycle, #3)",Ursula K. Le Guin,,,not_found
9780752865330,The Maltese Falcon,Dashiell Hammett,,,not_found
9780345410050,"The Power of One (The Power of One, #1)",Bryce Courtenay,,,not_found
9780515128640,"Tripwire  (Jack Reacher, #3)",Lee Child,,,not_found
9780451463170,"Changes (The Dresden Files, #12)",Jim Butcher,,,not_found
9780670674240,The Story of Ferdinand,"Munro Leaf, Robert Lawson",,,not_found
9781416903570,"Impulse (Impulse, #1)",Ellen Hopkins,,,not_found
9780553804910,Emotional Intelligence: Why It Can Matter More Than IQ,Daniel Goleman,,,not_found
9780140436590,Ivanhoe,Walter Scott,,,not_found
9780446690450,"The Poet (Jack McEvoy, #1; Harry Bosch Universe, #5)",Michael Connelly,,,not_found
9780312364430,Night Road,Kristin Hannah,,,not_found
9780312936230,"Ten Big Ones (Stephanie Plum, #10)",Janet Evanovich,,,not_found
9780316087380,"Eclipse: The Complete Illustrated Movie Companion (The Twilight Saga: The Official Illustrated Movie Companion, #3)",Mark Cotta Vaz,,,not_found
9780061985840,"Paranormalcy (Paranormalcy, #1)",Kiersten White,,,not_found
,"Wool (Wool, #1)",Hugh Howey,,,not_found
9780061257090,The Shoemaker's Wife,Adriana Trigiani,,,not_found
9780307269200,What I Talk About When I Talk About Running,"Haruki Murakami, Philip Gabriel",,,not_found
9780307268200,Open,"Andre Agassi, J.R. Moehringer",,,not_found
9781590387430,"Rise of the Evening Star (Fablehaven, #2)",Brandon Mull,,,not_found
9781590860620,"Without Fail (Jack Reacher, #6)","Lee Child, Dick Hill",,,not_found
9781416995590,"We'll Always Have Summer (Summer, #3)",Jenny Han,,,not_found
9780142401650,"Stormbreaker (Alex Rider, #1)",Anthony Horowitz,,,not_found
9780316132910,"The Twilight Saga Complete Collection  (Twilight, #1-4 + 3.5)",Stephenie Meyer,,,not_found
9780842377510,"A Voice in the Wind (Mark of the Lion, #1)","Francine Rivers, Richard Ferrone",,,not_found
9781416534730,A Connecticut Yankee in King Arthur's Court,Mark Twain,,,not_found
9781594488850,Drive: The Surprising Truth About What Motivates Us,Daniel H. Pink,,,not_found
9780575076820,A Scanner Darkly,Philip K. Dick,,,not_found
9781563894700,Batman: The Long Halloween,"Jeph Loeb, Tim Sale, Gregory Wright, Richard Starkings",,,not_found
9780689845370,"The Tombs of Atuan (Earthsea Cycle, #2)",Ursula K. Le Guin,,,not_found
9780811201890,Nausea,"Jean-Paul Sartre, Lloyd Alexander, Hayden Carruth",,,not_found
9780785268830,Wild at Heart: Discovering the Secret of a Man's Soul,John Eldredge,,,not_found
9780312349490,"Twelve Sharp (Stephanie Plum, #12)",Janet Evanovich,,,not_found
9781606410420,"Secrets of the Dragon Sanctuary (Fablehaven, #4)",Brandon Mull,,,not_found
,تراب الماس,أحمد مراد,,,not_found
9780399219210,The Mitten,Jan Brett,,,not_found
9780451462560,"Turn Coat (The Dresden Files, #11)",Jim Butcher,,,not_found
9780963192550,"Memnoch the Devil (The Vampire Chronicles, #5)",Anne Rice,,,not_found
,"Ignite Me (Shatter Me, #3)",Tahereh Mafi,,,not_found
9780140439080,The Sign of Four,"Arthur Conan Doyle, Peter Ackroyd, Ed Glinert",,,not_found
9780385733590,"The Magician (The Secrets of the Immortal Nicholas Flamel, #2)",Michael Scott,,,not_found
9780441015660,"Iron Kissed (Mercy Thompson, #3)",Patricia Briggs,,,not_found
9780689832130,"Click, Clack, Moo: Cows That Type","Doreen Cronin, Betsy Lewin",,,not_found
9780380714760,The True Confessions of Charlotte Doyle,Avi,,,not_found
9780765328660,"Anna Dressed in Blood (Anna, #1)",Kendare Blake,,,not_found
,"Tangled (Tangled, #1)",Emma Chase,,,not_found
9780380729400,"Something Wicked This Way Comes (Green Town, #2)",Ray Bradbury,,,not_found
9781423321680,"Temple of the Winds (Sword of Truth, #4)","Terry Goodkind, Dick Hill",,,not_found
9780394298660,Red Storm Rising,Tom Clancy,,,not_found
9780802139250,Peace Like a River,Leif Enger,,,not_found
9781565125960,A Reliable Wife,Robert Goolrick,,,not_found
9781400033420,Song of Solomon,Toni Morrison,,,not_found
,"Warbreaker (Warbreaker, #1)",Brandon Sanderson,,,not_found
9780307021340,The Poky Little Puppy (A Little Golden Book),"Janette Sebring Lowrey, Gustaf Tenggren",,,not_found
9780385517870,Rant,Chuck Palahniuk,,,not_found
9781587263900,The Call of the Wild/White Fang,Jack London,,,not_found
9780812565960,"Shadow of the Hegemon (Ender's Shadow, #2)",Orson Scott Card,,,not_found
9780451464410,"Cold Days (The Dresden Files, #14)",Jim Butcher,,,not_found
9781423100060,"Cross My Heart and Hope to Spy (Gallagher Girls, #2)",Ally Carter,,,not_found
9780441014740,"Blood Bound (Mercy Thompson, #2)",Patricia Briggs,,,not_found
,"Beneath This Man (This Man, #2)",Jodi Ellen Malpas,,,not_found
9780312330870,All Things Bright and Beautiful (All Creatures Great and Small),James Herriot,,,not_found
9780316921180,Infinite Jest,David Foster Wallace,,,not_found
9781455806850,"The Next Always (Inn BoonsBoro, #1)","Nora Roberts, MacLeod Andrews",https://covers.openlibrary.org/b/isbn/9781455806850-L.jpg,covers/9781455806850.jpg,ok_openlibrary
9780812967130,The Day of the Triffids,John Wyndham,,,not_found
9780061922310,Secret Daughter,Shilpi Somaya Gowda,,,not_found
9780399154100,"The Friday Night Knitting Club (Friday Night Knitting Club, #1)",Kate Jacobs,,,not_found
9781903436580,Shakespeare's Sonnets,"William Shakespeare, Katherine Duncan-Jones",,,not_found
9789504915250,Brida,"Paulo Coelho, Montserrat Mira",,,not_found
9780141183530,A Room of One's Own,Virginia Woolf,,,not_found
9780670012950,What Happened to Goodbye,Sarah Dessen,,,not_found
9781627792130,"Six of Crows (Six of Crows, #1)",Leigh Bardugo,,,not_found
9780060541440,"13 Little Blue Envelopes (Little Blue Envelope, #1)",Maureen Johnson,,,not_found
9780849900420,Same Kind of Different as Me,"Ron Hall, Denver Moore, Lynn Vincent",,,not_found
9781250049550,Carry On,Rainbow Rowell,,,not_found
9780812973010,"Mountains Beyond Mountains: The Quest of Dr. Paul Farmer, A Man Who Would Cure the World",Tracy Kidder,,,not_found
9780385265710,The Book of Ruth,Jane Hamilton,,,not_found
9780007423290,"Prince of Thorns (The Broken Empire, #1)",Mark  Lawrence,,,not_found
9780060872980,Next,Michael Crichton,,,not_found
9780689852240,"The House of the Scorpion (Matteo Alacran, #1)",Nancy Farmer,,,not_found
9781416523710,Leaves of Grass,Walt Whitman,,,not_found
9780143039620,Lady Chatterley's Lover,"D.H. Lawrence, Doris Lessing, Chester Brown",,,not_found
9780440235590,Tara Road,Maeve Binchy,https://covers.openlibrary.org/b/isbn/9780440235590-L.jpg,covers/9780440235590.jpg,ok_openlibrary
9780749935340,"Blue Dahlia (In the Garden, #1)",Nora Roberts,,,not_found
9780434020800,"The Magician King (The Magicians, #2)",Lev Grossman,,,not_found
9780345403960,Belgarath the Sorcerer,"David Eddings, Leigh Eddings",,,not_found
,The Lake House,Kate Morton,,,not_found
9780140143450,Liar's Poker,Michael   Lewis,,,not_found
9780451205360,The Richest Man in Babylon,George S. Clason,,,not_found
,"Rule (Marked Men, #1)","Jay Crownover, Charlotte Connan de vries",,,not_found
9780743418710,Salem Falls,Jodi Picoult,,,not_found
9780575070710,The Great Dune Trilogy  ,Frank Herbert,,,not_found
9781400067700,My Name Is Lucy Barton,"Elizabeth Strout, Goran Skrobonja",,,not_found
9780553805480,"Garden Spells (Waverley Family, #1)",Sarah Addison Allen,,,not_found
9780345468640,"Pawn of Prophecy (The Belgariad, #1)",David Eddings,,,not_found
9781416947400,He's Just Not That Into You: The No-Excuses Truth to Understanding Guys,"Greg Behrendt, Liz Tuccillo",,,not_found
9781580495770,Narrative of the Life of Frederick Douglass,Frederick Douglass,,,not_found
9780451463790,"Ghost Story (The Dresden Files,  #13)",Jim Butcher,,,not_found
9780312349490,"Lean Mean Thirteen (Stephanie Plum, #13)",Janet Evanovich,,,not_found
9780451529760,The Jungle Books,"Rudyard Kipling, Alev Lytle Croutier",,,not_found
9780451219950,"Glass Houses (The Morganville Vampires, #1)",Rachel Caine,,,not_found
9780375822070,Fantastic Mr. Fox,"Roald Dahl, Quentin Blake",https://covers.openlibrary.org/b/isbn/9780375822070-L.jpg,covers/9780375822070.jpg,ok_openlibrary
9780785264700,Captivating: Unveiling the Mystery of a Woman's Soul,"John Eldredge, Stasi Eldredge",,,not_found
9780785121440,The Dark Tower: The Gunslinger Born,"Peter David, Robin Furth, Jae Lee, Richard Isanove, Stephen King",,,not_found
9780806527280,"I Hope They Serve Beer in Hell (Tucker Max, #1)",Tucker Max,,,not_found
9780385334140,Mother Night,Kurt Vonnegut Jr.,,,not_found
9780451526760,The Fall of the House of Usher and Other Tales ,"Edgar Allan Poe, Stephen Marlowe",,,not_found
9780061241900,Influence: The Psychology of Persuasion,Robert B. Cialdini,,,not_found
9780440416790,Harriet the Spy (Harriet the Spy #1),Louise Fitzhugh,,,not_found
9781594633120,The Paying Guests,Sarah Waters,,,not_found
9780767919390,At Home: A Short History of Private Life,Bill Bryson,,,not_found
9780553588260,"Forever Odd (Odd Thomas, #2)",Dean Koontz,,,not_found
,Alice's Adventures in Wonderland,"Lewis Carroll, John Tenniel",,,not_found
9780060555960,Sushi for Beginners,Marian Keyes,,,not_found
9780312948560,"Still Life (Chief Inspector Armand Gamache, #1)",Louise Penny,,,not_found
9780143038110,The Kitchen God's Wife,Amy Tan,,,not_found
,Seveneves,Neal Stephenson,,,not_found
9780099489990,"Watermelon (Walsh Family, #1)",Marian Keyes,,,not_found
9781847241700,Let the Right One In,John Ajvide Lindqvist,,,not_found
9780385731060,"The Second Summer of the Sisterhood (Sisterhood, #2)",Ann Brashares,,,not_found
9780670026630,A Tale for the Time Being,Ruth Ozeki,https://covers.openlibrary.org/b/isbn/9780670026630-L.jpg,covers/9780670026630.jpg,ok_openlibrary
9781593080650,Essential Tales and Poems,"Edgar Allan Poe, Benjamin F. Fisher",,,not_found
9780061974590,"The Rise of Nine (Lorien Legacies, #3)",Pittacus Lore,,,not_found
9780425181100,Phantoms,Dean Koontz,,,not_found
9781416990660,Amy & Roger's Epic Detour,Morgan Matson,,,not_found
9781586608290,My Utmost for His Highest,Oswald Chambers,,,not_found
9780062041260,The Sisters Brothers,"Patrick deWitt, Marcelo Barbão",,,not_found
9780060012380,"The Wee Free Men (Discworld, #30; Tiffany Aching, #1)",Terry Pratchett,,,not_found
9781904442490,"Dragon Rider (Dragon Rider, #1)",Cornelia Funke,,,not_found
9780399254830,Nightshade (Nightshade #1; Nightshade World #4),Andrea Cremer,,,not_found
9780385344430,"Written in My Own Heart's Blood (Outlander, #8)",Diana Gabaldon,,,not_found
9780671742520,"The Long Dark Tea-Time of the Soul (Dirk Gently, #2)",Douglas Adams,,,not_found
9780007151660,The Man in the Brown Suit,Agatha Christie,,,not_found
9780804179030,Uprooted,Naomi Novik,,,not_found
9780345503820,"The Desert Spear (Demon Cycle, #2)",Peter V. Brett,,,not_found
9780804137260,Armada,Ernest Cline,,,not_found
9780099448570,"South of the Border, West of the Sun","Haruki Murakami, Philip Gabriel",https://covers.openlibrary.org/b/isbn/9780099448570-L.jpg,covers/9780099448570.jpg,ok_openlibrary
9780385339600,The Summons,John Grisham,,,not_found
9780786706210,Endurance: Shackleton's Incredible Voyage,Alfred Lansing,,,not_found
9781101904220,Dark Matter,Blake Crouch,,,not_found
,"Reason to Breathe (Breathing, #1)",Rebecca Donovan,,,not_found
9780060525120,"Size 12 Is Not Fat (Heather Wells, #1)",Meg Cabot,,,not_found
9780385737420,When You Reach Me,Rebecca Stead,,,not_found
9780062310670,"Glass Sword (Red Queen, #2)",Victoria Aveyard,,,not_found
9780689862230,"Shiloh (Shiloh, #1)",Phyllis Reynolds Naylor,,,not_found
9780553381340,The Bonfire of the Vanities,Tom Wolfe,,,not_found
9781101875050,In the Unlikely Event,Judy Blume,,,not_found
9780553119220,"Death on the Nile (Hercule Poirot, #17)",Agatha Christie,,,not_found
9780805094600,"Siege and Storm (Shadow and Bone, #2)",Leigh Bardugo,,,not_found
9781843432170,"The Redbreast (Harry Hole, #3)","Jo Nesbø, Don Bartlett",,,not_found
9781416971730,"Leviathan (Leviathan, #1)",Scott Westerfeld,,,not_found
9780006498520,Hide and Seek,James Patterson,,,not_found
9780330488910,The Death and Life of Charlie St. Cloud,Ben Sherwood,,,not_found
9781416997860,"The Mortal Instruments Boxed Set: City of Bones; City of Ashes; City of Glass (The Mortal Instruments, #1-3)",Cassandra Clare,,,not_found
9780743470120,Goodnight Nobody,Jennifer Weiner,,,not_found
9780671035980,How to Stop Worrying and Start Living,Dale Carnegie,,,not_found
9780805448660,The Love Dare,"Stephen Kendrick, Alex Kendrick",,,not_found
9780060921150,Animal Dreams,Barbara Kingsolver,,,not_found
9783822858650,M.C. Escher: The Graphic Work,"M.C. Escher, Bruce Brooks Pfeiffer",,,not_found
9780345416260,Pope Joan,Donna Woolfolk Cross,,,not_found
,"Reckless (Thoughtless, #3)",S.C. Stephens,,,not_found
9780812576400,"Faith of the Fallen (Sword of Truth, #6)",Terry Goodkind,,,not_found
9780006479670,"If Tomorrow Comes (Tracy Whitney Series, #1)",Sidney Sheldon,,,not_found
9780345443280,While I Was Gone,Sue Miller,,,not_found
9781594202290,Moonwalking with Einstein: The Art and Science of Remembering Everything,Joshua Foer,,,not_found
9781606412380,"Keys to the Demon Prison (Fablehaven, #5)",Brandon Mull,,,not_found
9781423108370,"The Time Paradox (Artemis Fowl, #6)",Eoin Colfer,,,not_found
9780679776820,Birdsong,Sebastian Faulks,,,not_found
9780590442980,Clifford the Big Red Dog,Norman Bridwell,,,not_found
9780515114690,"Born in Fire (Born In Trilogy, #1)",Nora Roberts,https://covers.openlibrary.org/b/isbn/9780515114690-L.jpg,covers/9780515114690.jpg,ok_openlibrary
9780446613360,"4th of July (Women's Murder Club, #4)","James Patterson, Maxine Paetro",,,not_found
9780803734950,The Sky Is Everywhere,Jandy Nelson,,,not_found
9780803734740,"Bitterblue (Graceling Realm, #3)",Kristin Cashore,,,not_found
9780061020670,"Wyrd Sisters (Discworld, #6; Witches #2)",Terry Pratchett,,,not_found
,هيبتا,محمد صادق,,,not_found
9780983212550,"Playing for Keeps (Neighbor from Hell, #1)",R.L. Mathewson,,,not_found
9780064410140,"The Grim Grotto (A Series of Unfortunate Events, #11)","Lemony Snicket, Brett Helquist",,,not_found
9780062200570,NOS4A2,Joe Hill,,,not_found
9780965476030,"The Black Stallion (The Black Stallion, #1)","Walter Farley, Keith Ward",,,not_found
9780961454740,Art and Fear: Observations on the Perils (and Rewards) of Artmaking,"David Bayles, Ted Orland",,,not_found
9788424133500,Strega Nona,Tomie dePaola,,,not_found
9781301347940,"Real (Real, #1)",Katy Evans,,,not_found
9780140434740,The Tenant of Wildfell Hall,"Anne Brontë, Stevie Davies",,,not_found
9780385333870,Galápagos,Kurt Vonnegut Jr.,https://covers.openlibrary.org/b/isbn/9780385333870-L.jpg,covers/9780385333870.jpg,ok_openlibrary
9780452286030,"Bitten (Women of the Otherworld, #1)",Kelley Armstrong,,,not_found
9780060085900,Frida: A Biography of Frida Kahlo,Hayden Herrera,,,not_found
9781844280130,Don't Let the Pigeon Drive the Bus!,Mo Willems,,,not_found
9780486298570,The Yellow Wallpaper and Other Stories,Charlotte Perkins Gilman,,,not_found
9780486290720,The Raven,"Edgar Allan Poe, Gustave Doré",http://books.google.com/books/content?id=cmTZ3RMv_OwC&printsec=frontcover&img=1&zoom=1&edge=curl&source=gbs_api,covers/9780486290720.jpg,ok_googlebooks
9780312624680,"Born at Midnight (Shadow Falls, #1)",C.C. Hunter,,,not_found
9781455561780,Before the Fall,Noah Hawley,,,not_found
9780836204380,The Calvin and Hobbes Tenth Anniversary Book,Bill Watterson,,,not_found
9780545424940,"The Dream Thieves (The Raven Cycle, #2)",Maggie Stiefvater,,,not_found
9781596912850,"Austenland (Austenland, #1)",Shannon Hale,,,not_found
9780345498330,One Night at the Call Center,Chetan Bhagat,,,not_found
9780385523230,At the Water's Edge,Sara Gruen,,,not_found
9780141439630,The Portrait of a Lady,"Henry James, Patricia Crick",,,not_found
9780060913080,The Crying of Lot 49,Thomas Pynchon,,,not_found
9780451197960,The Running Man,"Richard Bachman, Stephen King",,,not_found
9781616201330,The Art Forger,B.A. Shapiro,http://books.google.com/books/content?id=ZMAuCgAAQBAJ&printsec=frontcover&img=1&zoom=1&edge=curl&source=gbs_api,covers/9781616201330.jpg,ok_googlebooks
9780525953100,"Edge of Eternity (The Century Trilogy, #3)",Ken Follett,,,not_found
9780312424400,"Gilead (Gilead, #1)",Marilynne Robinson,,,not_found
9780142401750,Dreamland,Sarah Dessen,,,not_found
9780099297700,"Hannibal (Hannibal Lecter, #3)",Thomas Harris,,,not_found
9788498000830,Ubik,"Philip K. Dick, David Alabort, Manuel Espín",,,not_found
9781423121310,"Demonglass (Hex Hall, #2)",Rachel Hawkins,,,not_found
9781857231520,"The Sword of Shannara (The Original Shannara Trilogy, #1)",Terry Brooks,,,not_found
9780061140980,"The Awakening / The Struggle (The Vampire Diaries, #1-2)",L.J. Smith,,,not_found
9781416974530,"Night World, No. 3 (Night World, #7-9)",L.J. Smith,,,not_found
9780060586130,Three Wishes,Liane Moriarty,,,not_found
9780743466520,Fall on Your Knees,Ann-Marie MacDonald,,,not_found
9780545224900,The Scorpio Races,Maggie Stiefvater,,,not_found
9780312986350,"Visions of Sugar Plums (Stephanie Plum, #8.5)",Janet Evanovich,,,not_found
9781250077000,Furiously Happy: A Funny Book About Horrible Things,Jenny  Lawson,,,not_found
9780345539850,"Morning Star (Red Rising, #3)",Pierce Brown,http://books.google.com/books/content?id=GJqVBgAAQBAJ&printsec=frontcover&img=1&zoom=1&edge=curl&source=gbs_api,covers/9780345539850.jpg,ok_googlebooks
9780553564940,"Magician: Master (The Riftwar Saga, #2)",Raymond E. Feist,,,not_found
9780441005760,"Mossflower (Redwall, #2)",Brian Jacques,http://books.google.com/books/content?id=MBiTEAAAQBAJ&printsec=frontcover&img=1&zoom=1&source=gbs_api,covers/9780441005760.jpg,ok_googlebooks
9780060890680,The Last Anniversary,Liane Moriarty,,,not_found
9781405910220,"On the Island (On the Island, #1)",Tracey Garvis-Graves,,,not_found
9780671662350,Anne Frank Remembered: The Story of the Woman Who Helped to Hide the Frank Family,"Miep Gies, Alison Leslie Gold",,,not_found
9780765317000,Redshirts,John Scalzi,,,not_found
9781439164630,Left Neglected,Lisa Genova,,,not_found
9780307209610,"Sahara (Dirk Pitt, #11)",Clive Cussler,,,not_found
9780061245090,"One Foot in the Grave (Night Huntress, #2)",Jeaniene Frost,,,not_found
,"Shift (Silo, #2)",Hugh Howey,,,not_found
9780061449060,"Hunger (Gone, #2)",Michael  Grant,,,not_found
9781400044160,Half of a Yellow Sun,Chimamanda Ngozi Adichie,https://covers.openlibrary.org/b/isbn/9781400044160-L.jpg,covers/9781400044160.jpg,ok_openlibrary
9780312349520,"Fearless Fourteen (Stephanie Plum, #14)",Janet Evanovich,,,not_found
9780440800460,"Ramona Quimby, Age 8 (Ramona, #6)",Beverly Cleary,,,not_found
9780060887340,"Flawless (Pretty Little Liars, #2)",Sara Shepard,,,not_found
9780007174160,"A Bear Called Paddington (Paddington, #1)","Michael Bond, Peggy Fortnum",http://books.google.com/books/content?id=U2ou-ikc6ugC&printsec=frontcover&img=1&zoom=1&source=gbs_api,covers/9780007174160.jpg,ok_googlebooks
9780451219430,The Omen,David Seltzer,,,not_found
9780446364800,The General's Daughter,Nelson DeMille,,,not_found
9781405206130,"The Hostile Hospital (A Series of Unfortunate Events, #8)","Lemony Snicket, Brett Helquist",,,not_found
9788129118810,"Revolution 2020: Love, Corruption, Ambition",Chetan Bhagat,,,not_found
9781569319480,"InuYasha: Turning Back Time (InuYasha, #1)",Rumiko Takahashi,,,not_found
9780312532760,"Blue Moon (The Immortals, #2)",Alyson Noel,,,not_found
9780446573000,"The Innocent (Will Robie, #1)",David Baldacci,,,not_found
9780425260940,The Hypnotist's Love Story,Liane Moriarty,http://books.google.com/books/content?id=noz8LgEACAAJ&printsec=frontcover&img=1&zoom=1&source=gbs_api,covers/9780425260940.jpg,ok_googlebooks
9781933718000,The Kissing Hand,"Audrey Penn, Ruth E. Harper, Nancy M. Leak",http://books.google.com/books/content?id=pJH2OsroXCcC&printsec=frontcover&img=1&zoom=1&edge=curl&source=gbs_api,covers/9781933718000.jpg,ok_googlebooks
9780060987510,"These Is My Words: The Diary of Sarah Agnes Prine, 1881-1901, Arizona Territories (Sarah Agnes Prine, #1)",Nancy E. Turner,,,not_found
9780060527990,"The Devil and Miss Prym (On the Seventh Day, #3)","Paulo Coelho, Amanda Hopkinson, Nick Caistor",,,not_found
9780312979970,Fantasy Lover (Dark-Hunterverse #1),Sherrilyn Kenyon,,,not_found
9780440339340,"Worth Dying For (Jack Reacher, #15)",Lee Child,,,not_found
9781401307460,Scar Tissue,"Anthony Kiedis, Larry Sloman",http://books.google.com/books/content?id=PhlpPgAACAAJ&printsec=frontcover&img=1&zoom=1&source=gbs_api,covers/9781401307460.jpg,ok_googlebooks
9780307395990,Look Me in the Eye: My Life with Asperger's,John Elder Robison,,,not_found
9783442723430,Alias Grace,"Margaret Atwood, Brigitte Walitzek",http://books.google.com/books/content?id=Oc9ZAAAACAAJ&printsec=frontcover&img=1&zoom=1&source=gbs_api,covers/9783442723430.jpg,ok_googlebooks
9780743418740,Perfect Match,Jodi Picoult,,,not_found
9780446402390,"Child 44 (Leo Demidov, #1)",Tom Rob Smith,,,not_found
9780142422950,"Just One Day (Just One Day, #1)",Gayle Forman,http://books.google.com/books/content?id=QaSMDQAAQBAJ&printsec=frontcover&img=1&zoom=1&edge=curl&source=gbs_api,covers/9780142422950.jpg,ok_googlebooks
9780812972350,Prep,Curtis Sittenfeld,,,not_found
9780425273870,"Captivated by You (Crossfire, #4)",Sylvia Day,,,not_found
9780316014780,Sundays at Tiffany's,"James Patterson, Gabrielle Charbonnet",,,not_found
9781439107960,The Emperor of All Maladies: A Biography of Cancer,Siddhartha Mukherjee,http://books.google.com/books/content?id=yDSPvgEACAAJ&printsec=frontcover&img=1&zoom=1&source=gbs_api,covers/9781439107960.jpg,ok_googlebooks
,"The Hangman's Daughter (The Hangman's Daughter, #1)","Oliver Pötzsch, Lee Chadeayne",,,not_found
9780316056630,"Soulless (Parasol Protectorate, #1)",Gail Carriger,,,not_found
9781416940910,"Glass (Crank, #2)",Ellen Hopkins,http://books.google.com/books/content?id=MHQZnwEACAAJ&printsec=frontcover&img=1&zoom=1&source=gbs_api,covers/9781416940910.jpg,ok_googlebooks
9780099427860,Illusions: The Adventures of a Reluctant Messiah,Richard Bach,,,not_found
9781416953580,"Wake (Wake, #1)",Lisa McMann,,,not_found
9780312315960,Magical Thinking: True Stories,Augusten Burroughs,http://books.google.com/books/content?id=gradmDrpz-gC&printsec=frontcover&img=1&zoom=1&edge=curl&source=gbs_api,covers/9780312315960.jpg,ok_googlebooks
9780307278490,Memories of My Melancholy Whores,"Gabriel García Márquez, Edith Grossman",,,not_found
9780312539560,"Only Time Will Tell (The Clifton Chronicles, #1)",Jeffrey Archer,,,not_found
9781878424110,The Seven Spiritual Laws of Success: A Practical Guide to the Fulfillment of Your Dreams,Deepak Chopra,,,not_found
9780446614830,"3rd Degree (Women's Murder Club, #3)","James Patterson, Andrew Gross",,,not_found
9780689878560,"In the Hand of the Goddess (Song of the Lioness, #2)",Tamora Pierce,,,not_found
9780385480020,Bird by Bird: Some Instructions on Writing and Life,Anne Lamott,,,not_found
9780805092520,"Ruby Red (Precious Stone Trilogy, #1)","Kerstin Gier, Anthea Bell",,,not_found
9780312590440,"Shadowland (The Immortals, #3)",Alyson Noel,,,not_found
9780553296130,Heir to the Empire (Star Wars: The Thrawn Trilogy #1),Timothy Zahn,,,not_found
9781594631570,The Vacationers,Emma Straub,,,not_found
9788176210780,You Can Heal Your Life,Louise L. Hay,,,not_found
9780425106880,"Outbreak (Dr. Marissa Blumenthal, #1)",Robin Cook,,,not_found
9780689878570,"Lioness Rampant (Song of the Lioness, #4)",Tamora Pierce,http://books.google.com/books/content?id=7ooJngEACAAJ&printsec=frontcover&img=1&zoom=1&source=gbs_api,covers/9780689878570.jpg,ok_googlebooks
9780515130970,"Running Blind (Jack Reacher, #4)",Lee Child,,,not_found
9780425205820,"Rules of Prey (Lucas Davenport, #1)",John Sandford,,,not_found
9780152045660,"Dealing with Dragons (Enchanted Forest Chronicles, #1)","Patricia C. Wrede, Peter de Sève",http://books.google.com/books/content?id=fosjh14Pf4gC&printsec=frontcover&img=1&zoom=1&edge=curl&source=gbs_api,covers/9780152045660.jpg,ok_googlebooks
9780007149830,The Yiddish Policemen's Union,Michael Chabon,http://books.google.com/books/content?id=GbqSzMoI3_oC&printsec=frontcover&img=1&zoom=1&edge=curl&source=gbs_api,covers/9780007149830.jpg,ok_googlebooks
9780553589180,"Ashes to Ashes (Kovac and Liska, #1)",Tami Hoag,,,not_found
9781857988090,I Am Legend,Richard Matheson,,,not_found
9780439598380,A Bad Case of Stripes,David Shannon,,,not_found
9780345528670,The Aviator's Wife,Melanie Benjamin,,,not_found
9780593065710,"The Affair (Jack Reacher, #16)",Lee Child,,,not_found
9780205313430,The Elements of Style,"William Strunk Jr., E.B. White",,,not_found
9780786939530,"Homeland (Forgotten Realms: The Dark Elf Trilogy, #1; Legend of Drizzt, #1)",R.A. Salvatore,,,not_found
9780140620610,The Turn of the Screw,Henry James,,,not_found
9780307595870,"The Snowman (Harry Hole, #7)","Jo Nesbø, Don Bartlett",,,not_found
9781590172000,Stoner,"John  Williams, John McGahern",,,not_found
9780743484860,As You Like It,William Shakespeare,,,not_found
9780743294290,Best Friends Forever,Jennifer Weiner,,,not_found
9781401308210,Wicked: The Grimmerie,"David Cote, Stephen Schwartz, Joan Marcus, Winnie Holzman",http://books.google.com/books/content?id=5Lk_PgAACAAJ&printsec=frontcover&img=1&zoom=1&source=gbs_api,covers/9781401308210.jpg,ok_googlebooks
9781568650550,The Mote in God's Eye,"Larry Niven, Jerry Pournelle",,,not_found
9781563892620,"Preacher, Volume 1: Gone to Texas","Garth Ennis, Steve Dillon, Joe R. Lansdale",,,not_found
,"Blood Song (Raven's Shadow, #1)",Anthony  Ryan,,,not_found
9781841496860,"Bone Crossed (Mercy Thompson, #4)",Patricia Briggs,,,not_found
9780385341650,"Dreamfever (Fever, #4)",Karen Marie Moning,,,not_found
9780374525640,"The Spirit Catches You and You Fall Down: A Hmong Child, Her American Doctors, and the Collision of Two Cultures",Anne Fadiman,,,not_found
9780451528930,Cyrano de Bergerac,"Edmond Rostand, Eteel Lawson, Lowell Bair",,,not_found
9780316010700,Case Histories (Jackson Brodie #1),Kate Atkinson,,,not_found
9780345544120,"Release Me (Stark Trilogy, #1)",J. Kenner,,,not_found
9781595143200,"The Indigo Spell (Bloodlines, #3)",Richelle Mead,,,not_found
9780812984280,Wedding Night,Sophie Kinsella,,,not_found
9781563892260,The Doll's House (The Sandman #2),"Neil Gaiman, Steve Parkhouse, Chris Bachalo, Michael Zulli, Mike Dringenberg, Malcolm Jones III, Todd Klein, Clive Barker",,,not_found
9781558745160,The Lost Boy (Dave Pelzer #2),Dave Pelzer,,,not_found
9780450610100,Nightmares and Dreamscapes,Stephen King,http://books.google.com/books/content?id=MYuBHAAACAAJ&printsec=frontcover&img=1&zoom=1&source=gbs_api,covers/9780450610100.jpg,ok_googlebooks
9780689849110,"Pollyanna (Pollyanna, #1)",Eleanor H. Porter,http://books.google.com/books/content?id=yrEAAAAACAAJ&printsec=frontcover&img=1&zoom=1&source=gbs_api,covers/9780689849110.jpg,ok_googlebooks
9781490904380,"Dust (Silo, #3)",Hugh Howey,,,not_found
9781439102760,Lone Wolf,Jodi Picoult,,,not_found
9780547887200,"Son (The Giver, #4)",Lois Lowry,,,not_found
9781401248960,The Sandman: Overture,"Neil Gaiman, J.H. Williams III, Dave Stewart, Todd Klein",,,not_found
9781595406550,The Merry Adventures of Robin Hood,Howard Pyle,,,not_found
9780393065790,Someone Knows My Name,Lawrence Hill,http://books.google.com/books/content?id=WUhJPgAACAAJ&printsec=frontcover&img=1&zoom=1&source=gbs_api,covers/9780393065790.jpg,ok_googlebooks
9780802720860,"Rules of Attraction (Perfect Chemistry, #2)",Simone Elkeles,,,not_found
9780385341680,"Shadowfever (Fever, #5)",Karen Marie Moning,,,not_found
9780679781490,Less Than Zero,Bret Easton Ellis,,,not_found
9780812972150,The Arabian Nights,"Anonymous, Richard Francis Burton, A.S. Byatt",,,not_found
9780670021870,"Faithful Place (Dublin Murder Squad, #3)",Tana French,,,not_found
9780802122550,Euphoria,Lily King,http://books.google.com/books/content?id=vioFBAAAQBAJ&printsec=frontcover&img=1&zoom=1&edge=curl&source=gbs_api,covers/9780802122550.jpg,ok_googlebooks
9780586008360,The Caves of Steel (Robot #1),Isaac Asimov,,,not_found
9780380709240,"The Mouse and the Motorcycle (Ralph S. Mouse, #1)","Beverly Cleary, Louis Darling, Tracy Dockray",,,not_found
9780736693420,"The Elfstones of Shannara  (The Original Shannara Trilogy, #2)",Terry Brooks,,,not_found
9780060090390,"Rachel's Holiday (Walsh Family, #2)",Marian Keyes,,,not_found
9780099448760,"Dance Dance Dance (The Rat, #4)",Haruki Murakami,,,not_found
,Kindle Paperwhite User's Guide,Amazon,,,not_found
9780375866590,"Dash & Lily's Book of Dares (Dash & Lily, #1)","Rachel Cohn, David Levithan",,,not_found
9780316074320,The Luminaries,Eleanor Catton,,,not_found
9780385517840,The Associate,John Grisham,,,not_found
9780060244060,If You Give a Moose a Muffin,"Laura Joffe Numeroff, Felicia Bond",,,not_found
9780553588260,Velocity,Dean Koontz,,,not_found
9781400064280,Made to Stick: Why Some Ideas Survive and Others Die,"Chip Heath, Dan Heath",http://books.google.com/books/content?id=7XGPEAAAQBAJ&printsec=frontcover&img=1&zoom=1&source=gbs_api,covers/9781400064280.jpg,ok_googlebooks
9780552152950,"Reaper Man (Discworld, #11; Death, #2)",Terry Pratchett,,,not_found
9780380003210,Alive: The Story of the Andes Survivors,Piers Paul Read,,,not_found
9780446691090,Battlefield of the Mind: Winning the Battle in Your Mind,Joyce Meyer,,,not_found
9780143037740,On Beauty,Zadie Smith,,,not_found
9780575090860,"The Forest of Hands and Teeth (The Forest of Hands and Teeth, #1)",Carrie Ryan,http://books.google.com/books/content?id=QKVzPwAACAAJ&printsec=frontcover&img=1&zoom=1&source=gbs_api,covers/9780575090860.jpg,ok_googlebooks
,My Sister's Grave (Tracy Crosswhite #1),Robert Dugoni,,,not_found
9780749932770,"Dance Upon the Air (Three Sisters Island, #1)",Nora Roberts,,,not_found
9780345469010,A Widow for One Year,John Irving,http://books.google.com/books/content?id=OCqe4dyB608C&printsec=frontcover&img=1&zoom=1&source=gbs_api,covers/9780345469010.jpg,ok_googlebooks
9781581345280,"Piercing the Darkness (Darkness, #2)",Frank E. Peretti,,,not_found
,"The Evolution of Mara Dyer (Mara Dyer, #2)",Michelle Hodkin,,,not_found
9780345335710,"Castle of Wizardry (The Belgariad, #4)",David Eddings,,,not_found
9780142404130,"Charlie and the Great Glass Elevator (Charlie Bucket, #2)","Roald Dahl, Quentin Blake",,,not_found
9780684853150,The Wasp Factory,Iain Banks,http://books.google.com/books/content?id=WmiobakY63oC&printsec=frontcover&img=1&zoom=1&edge=curl&source=gbs_api,covers/9780684853150.jpg,ok_googlebooks
9780385536970,Crazy Rich Asians (Crazy Rich Asians #1),Kevin Kwan,http://books.google.com/books/content?id=ZAS4ngEACAAJ&printsec=frontcover&img=1&zoom=1&source=gbs_api,covers/9780385536970.jpg,ok_googlebooks
9780451233160,"Lover Unleashed (Black Dagger Brotherhood, #9)",J.R. Ward,,,not_found
9780007157150,"Out of the Silent Planet (Space Trilogy, #1)",C.S. Lewis,,,not_found
9789953718060,أحببتك أكثر مما ينبغي,أثير عبدالله النشمي,,,not_found
9781400067890,Night Film,Marisha Pessl,,,not_found
9780385733410,"Rebel Angels (Gemma Doyle, #2)",Libba Bray,,,not_found
9780805093290,Stories I Only Tell My Friends,Rob Lowe,,,not_found
9780385339160,"Bloodfever (Fever, #2)",Karen Marie Moning,,,not_found
9780316779420,Barrel Fever: Stories and Essays,David Sedaris,,,not_found
9781401323820,"Heat Wave (Nikki Heat, #1)",Richard Castle,https://covers.openlibrary.org/b/isbn/9781401323820-L.jpg,covers/9781401323820.jpg,ok_openlibrary
9780486424540,Howards End,E.M. Forster,,,not_found
9780060266870,If You Give a Pig a Pancake ,"Laura Joffe Numeroff, Felicia Bond",,,not_found
9781594747590,"Library of Souls (Miss Peregrine's Peculiar Children, #3)",Ransom Riggs,,,not_found
9780385341640,"Faefever (Fever, #3)",Karen Marie Moning,,,not_found
9781423160920,"The Sword of Summer (Magnus Chase and the Gods of Asgard, #1)",Rick Riordan,,,not_found
9781593070950,"Hellboy, Vol. 1: Seed of Destruction (Hellboy, #1)","Mike Mignola, John Byrne",,,not_found
9780143039980,The Haunting of Hill House,"Shirley Jackson, Laura   Miller",,,not_found
9780140439240,"The Man in the Iron Mask (The D'Artagnan Romances, #3.3)","Alexandre Dumas, Francine du Plessix Gray, Joachim Neugroschel",,,not_found
9780684856480,The Rum Diary,Hunter S. Thompson,,,not_found
9780312181110,I Capture the Castle,Dodie Smith,http://books.google.com/books/content?id=MRW0QgAACAAJ&printsec=frontcover&img=1&zoom=1&source=gbs_api,covers/9780312181110.jpg,ok_googlebooks
9780312383280,"Finger Lickin' Fifteen (Stephanie Plum, #15)",Janet Evanovich,,,not_found
9780061177590,Women,Charles Bukowski,,,not_found
9780451200820,"North and South (North and South, #1)",John Jakes,,,not_found
9780441018190,"Silver Borne (Mercy Thompson, #5)",Patricia Briggs,,,not_found
9780752858490,"The Bourne Ultimatum (Jason Bourne, #3)",Robert Ludlum,,,not_found
9780060885430,"Little Town on the Prairie  (Little House, #7)","Laura Ingalls Wilder, Garth Williams",,,not_found
,"Naked (The Blackstone Affair, #1)",Raine Miller,,,not_found
9781905654870,"Destined (House of Night, #9)","P.C. Cast, Kristin Cast",,,not_found
,"Breathe (Sea Breeze, #1)",Abbi Glines,,,not_found
9780006486020,"Fool's Errand (Tawny Man, #1)",Robin Hobb,,,not_found
9780399167840,"The Young Elites (The Young Elites, #1)",Marie Lu,,,not_found
9780515126780,"Jewels of the Sun (Gallaghers of Ardmore, #1)",Nora Roberts,,,not_found
9780786849080,"Peter and the Starcatchers (Peter and the Starcatchers, #1)","Dave Barry, Ridley Pearson, Greg Call",,,not_found
9780140449330,Meditations,"Marcus Aurelius, Martin Hammond, Diskin Clay",,,not_found
9780143036560,Collapse: How Societies Choose to Fail or Succeed,Jared Diamond,,,not_found
9780425143320,"Without Remorse (Jack Ryan Universe, #1)",Tom Clancy,,,not_found
9780679735910,Possession,A.S. Byatt,,,not_found
9781566195770,The Interpretation of Dreams,Sigmund Freud,,,not_found
9780671685640,Ghost Story,Peter Straub,,,not_found
,"Forever Too Far (Rosemary Beach, #3; Too Far, #3)",Abbi Glines,,,not_found
9780064410170,"The End (A Series of Unfortunate Events, #13)","Lemony Snicket, Brett Helquist",http://books.google.com/books/content?id=jKNqPQAACAAJ&printsec=frontcover&img=1&zoom=1&source=gbs_api,covers/9780064410170.jpg,ok_googlebooks
9780767903820,I'm a Stranger Here Myself: Notes on Returning to America after Twenty Years Away,Bill Bryson,http://books.google.com/books/content?id=xb4wSmJLnhAC&printsec=frontcover&img=1&zoom=1&source=gbs_api,covers/9780767903820.jpg,ok_googlebooks
9780143035750,The Liars' Club,Mary Karr,,,not_found
9781937007880,"Dead Ever After (Sookie Stackhouse, #13)",Charlaine Harris,,,not_found
9780064410150,"The Penultimate Peril (A Series of Unfortunate Events, #12)","Lemony Snicket, Brett Helquist",,,not_found
9781423102280,"Revelations (Blue Bloods, #3)",Melissa de la Cruz,,,not_found
9781857231380,"Consider Phlebas (Culture, #1)",Iain M. Banks,https://covers.openlibrary.org/b/isbn/9781857231380-L.jpg,covers/9781857231380.jpg,ok_openlibrary
9780374104090,"Annihilation (Southern Reach, #1)",Jeff VanderMeer,,,not_found
9780553805380,The Grand Design,"Stephen Hawking, Leonard Mlodinow",,,not_found
9780385517230,The Innocent Man: Murder and Injustice in a Small Town,John Grisham,,,not_found
9781400069220,Zealot: The Life and Times of Jesus of Nazareth,Reza Aslan,,,not_found
9781590514630,The Art of Hearing Heartbeats,"Jan-Philipp Sendker, Kevin Wiliarty",,,not_found
9780060775830,The Runaway Bunny,"Margaret Wise Brown, Clement Hurd",,,not_found
9780812551500,"Soul of the Fire (Sword of Truth, #5)",Terry Goodkind,,,not_found
9780547628350,"Grave Mercy (His Fair Assassin, #1)",Robin LaFevers,,,not_found
9780671646780,The Magic of Thinking Big,David J. Schwartz,,,not_found
9780345434810,"The Vampire Armand (The Vampire Chronicles, #6)",Anne Rice,,,not_found
9780006479900,"A Storm of Swords: Steel and Snow (A Song of Ice and Fire, #3: Part 1 of 2)",George R.R. Martin,,,not_found
9780802131780,Tropic of Cancer,Henry Miller,,,not_found
9780061997820,Harry Potter: Film Wizardry,Brian Sibley,,,not_found
9781600964340,The Death of Ivan Ilych,"Leo Tolstoy, Aylmer Maude",,,not_found
9780452277760,The Bachman Books,"Richard Bachman, Stephen King",,,not_found
9781565075730,The Power of a Praying Wife,Stormie Omartian,http://books.google.com/books/content?id=sREMAAAACAAJ&printsec=frontcover&img=1&zoom=1&source=gbs_api,covers/9781565075730.jpg,ok_googlebooks
9780140382620,Pinocchio,"Carlo Collodi, John Boyne, Monteiro Lobato, Unknown",http://books.google.com/books/content?id=-i5noBF1HAsC&printsec=frontcover&img=1&zoom=1&source=gbs_api,covers/9780140382620.jpg,ok_googlebooks
9780060393500,The Hour I First Believed,Wally Lamb,,,not_found
9780142000700,Travels with Charley: In Search of America,John Steinbeck,,,not_found
9780553804690,"The Republic of Thieves (Gentleman Bastard, #3)",Scott Lynch,,,not_found
9781451617470,The Dovekeepers,Alice Hoffman,,,not_found
9780345534190,Circling the Sun,Paula McLain,,,not_found
9780553804800,"Brother Odd (Odd Thomas, #3)",Dean Koontz,,,not_found
9781444778530,"World After (Penryn & the End of Days, #2)",Susan Ee,,,not_found
9781903434770,The Thief Lord,Cornelia Funke,,,not_found
9780451208640,Black Like Me,John Howard Griffin,,,not_found
9780345466600,"When the Bough Breaks (Alex Delaware, #1)",Jonathan Kellerman,,,not_found
9780446364490,The Bridges of Madison County,Robert James Waller,,,not_found
9780385517880,Snuff,Chuck Palahniuk,,,not_found
9780007127740,The Illustrated Man,Ray Bradbury,https://covers.openlibrary.org/b/isbn/9780007127740-L.jpg,covers/9780007127740.jpg,ok_openlibrary
9780593057060,"Gone Tomorrow (Jack Reacher, #13)",Lee Child,,,not_found
,عزازيل,يوسف زيدان,,,not_found
9780446692660,"Jack & Jill (Alex Cross, #3)",James Patterson,,,not_found
9781400076190,Saturday,Ian McEwan,http://books.google.com/books/content?id=tXOPEAAAQBAJ&printsec=frontcover&img=1&zoom=1&source=gbs_api,covers/9781400076190.jpg,ok_googlebooks
9780385735290,"The Sorceress (The Secrets of the Immortal Nicholas Flamel, #3)",Michael Scott,,,not_found
9780545060390,"The Maze of Bones  (The 39 Clues, #1)",Rick Riordan,,,not_found
9780028610110,How to Cook Everything: Simple Recipes for Great Food,Mark Bittman,,,not_found
9780486234110,Concerning the Spiritual in Art,Wassily Kandinsky,,,not_found
,"Losing Hope (Hopeless, #2)",Colleen Hoover,,,not_found
9780316003730,"The Twilight Collection (Twilight, #1-3)",Stephenie Meyer,,,not_found
9780679720220,The Fall,"Albert Camus, Justin O'Brien",,,not_found
9780088619450,If on a Winter's Night a Traveler,"Italo Calvino, William Weaver",,,not_found
9780375757850,The Moonstone,"Wilkie Collins, Carolyn G. Heilbrun",,,not_found
9781842430250,Even Cowgirls Get the Blues,Tom Robbins,http://books.google.com/books/content?id=QJjAswEACAAJ&printsec=frontcover&img=1&zoom=1&source=gbs_api,covers/9781842430250.jpg,ok_googlebooks
9780060747220,"Son of a Witch (The Wicked Years, #2)","Gregory Maguire, Douglas Smith",http://books.google.com/books/content?id=5-3f3naMQ6QC&printsec=frontcover&img=1&zoom=1&edge=curl&source=gbs_api,covers/9780060747220.jpg,ok_googlebooks
9780224081180,On Chesil Beach,Ian McEwan,,,not_found
9780743453260,"Forrest Gump (Forrest Gump, #1)",Winston Groom,,,not_found
9780449223600,"M is for Malice (Kinsey Millhone, #13)",Sue Grafton,,,not_found
9780618062420,"Sarah, Plain and Tall (Sarah, Plain and Tall, #1)",Patricia MacLachlan,,,not_found
9780060735420,"Bloodsucking Fiends (A Love Story, #1)",Christopher Moore,,,not_found
9780062491790,Commonwealth,Ann Patchett,,,not_found
9781592858490,The Gifts of Imperfection: Let Go of Who You Think You're Supposed to Be and Embrace Who You Are,Brené Brown,http://books.google.com/books/content?id=5DT91ar7MwkC&printsec=frontcover&img=1&zoom=1&edge=curl&source=gbs_api,covers/9781592858490.jpg,ok_googlebooks
9781423102270,"The Van Alen Legacy (Blue Bloods, #4)",Melissa de la Cruz,,,not_found
9780061092190,"Men at Arms (Discworld, #15; City Watch #2)",Terry Pratchett,,,not_found
9780751530480,"Point of Origin (Kay Scarpetta, #9)",Patricia Cornwell,,,not_found
9781451695200,Proof of Heaven: A Neurosurgeon's Journey into the Afterlife,Eben Alexander,,,not_found
9780316038390,Squirrel Seeks Chipmunk: A Modest Bestiary,"David Sedaris, Ian Falconer",,,not_found
9780743289410,Lisey's Story,Stephen King,,,not_found
9780743291480,The Year of Living Biblically: One Man's Humble Quest to Follow the Bible as Literally as Possible,A.J. Jacobs,,,not_found
9780553381660,"The Valley of Horses (Earth's Children, #2)",Jean M. Auel,http://books.google.com/books/content?id=cxI3snAr_7IC&printsec=frontcover&img=1&zoom=1&edge=curl&source=gbs_api,covers/9780553381660.jpg,ok_googlebooks
9780575075060,God Emperor of Dune (Dune Chronicles #4),Frank Herbert,,,not_found
9780525953490,Six Years,Harlan Coben,,,not_found
9780192750980,"Ramona the Pest (Ramona, #2)",Beverly Cleary,,,not_found
9780375713350,Geek Love,Katherine Dunn,,,not_found
9781416974510,"Night World, No. 2 (Night World, #4-6)",L.J. Smith,,,not_found
9780670175920,Blueberries for Sal,Robert McCloskey,,,not_found
9780156027650,"The Oedipus Cycle: Oedipus Rex/Oedipus at Colonus/Antigone (The Theban Plays, #1–3)","Sophocles, Dudley Fitts, Elena Bono, Robert Fitzgerald",,,not_found
9780156004800,All the King's Men,Robert Penn Warren,,,not_found
9780553375930,"Girls in Pants: The Third Summer of the Sisterhood (Sisterhood, #3)",Ann Brashares,,,not_found
9780525950130,The Woods,Harlan Coben,,,not_found
9781444729700,The Litigators,John Grisham,,,not_found
9781416595180,"American Assassin (Mitch Rapp, #1)",Vince Flynn,,,not_found
9781501115070,My Grandmother Asked Me to Tell You She's Sorry,"Fredrik Backman, Henning Koch",,,not_found
9781841492610,"New Spring (Wheel of Time, #0)",Robert Jordan,http://books.google.com/books/content?id=tUpaPwAACAAJ&printsec=frontcover&img=1&zoom=1&source=gbs_api,covers/9781841492610.jpg,ok_googlebooks
9780316243920,Burial Rites,Hannah Kent,,,not_found
9781573229720,Fingersmith,Sarah Waters,,,not_found
9780679731150,A Year in Provence,Peter Mayle,,,not_found
9780763625890,The Miraculous Journey of Edward Tulane,"Kate DiCamillo, Bagram Ibatoulline",,,not_found
9780345546890,The One & Only,Emily Giffin,https://covers.openlibrary.org/b/isbn/9780345546890-L.jpg,covers/9780345546890.jpg,ok_openlibrary
9780670022810,The Last Letter from Your Lover,Jojo Moyes,,,not_found
,The Qur'an / القرآن الكريم,Anonymous,,,not_found
9780345298350,"Gorky Park (Arkady Renko, #1)",Martin Cruz Smith,,,not_found
9780060851990,"Queen of Babble (Queen of Babble, #1)",Meg Cabot,,,not_found
9780439771280,Out of the Dust,Karen Hesse,,,not_found
9781419705850,"The Third Wheel (Diary of a Wimpy Kid, #7)",Jeff Kinney,,,not_found
9780062207400,The House Girl,Tara Conklin,,,not_found
9780006472610,Master of the Game,Sidney Sheldon,,,not_found
9780425201440,"The Body Farm (Kay Scarpetta, #5)",Patricia Cornwell,,,not_found
9781416903540,"Burned (Burned, #1)",Ellen Hopkins,,,not_found
9780141026280,The Epic of Gilgamesh,"Anonymous, N.K. Sandars",,,not_found
9780060845540,"The Boy Next Door (Boy, #1)",Meg Cabot,,,not_found
9780061345660,"The Luxe (Luxe, #1)",Anna Godbersen,,,not_found
9780099771810,"American Pastoral (The American Trilogy, #1)",Philip Roth,,,not_found
9780451464390,"Skin Game (The Dresden Files, #15)",Jim Butcher,,,not_found
9780805090030,"Bring Up the Bodies (Thomas Cromwell, #2)",Hilary Mantel,,,not_found
9780061474100,Anathem,Neal Stephenson,,,not_found
9780373772470,The Darkest Night (Lords of the Underworld #1),Gena Showalter,,,not_found
9780345435160,Open House,Elizabeth Berg,,,not_found
,Batman: The Dark Knight Returns #1,Frank Miller,,,not_found
9780552154280,"Hogfather (Discworld, #20; Death, #4)",Terry Pratchett,,,not_found
9781451661510,The Silver Star,Jeannette Walls,,,not_found
9780723258050,The Complete Tales,Beatrix Potter,,,not_found
9780060852570,The Lacuna,Barbara Kingsolver,,,not_found
9780552992090,The Hotel New Hampshire,John Irving,,,not_found
,"This Man Confessed (This Man, #3)",Jodi Ellen Malpas,,,not_found
9781405258210,"Code Name Verity (Code Name Verity, #1)",Elizabeth Wein,https://covers.openlibrary.org/b/isbn/9781405258210-L.jpg,covers/9781405258210.jpg,ok_openlibrary
9780515136290,"Key of Light (Key Trilogy, #1)",Nora Roberts,,,not_found
9780307932240,"Smokin' Seventeen (Stephanie Plum, #17)","Janet Evanovich, Lorelei King",,,not_found
9781416950060,Identical,Ellen Hopkins,,,not_found
9780425204660,"The Laughing Corpse (Anita Blake, Vampire Hunter, #2)",Laurell K. Hamilton,,,not_found
9780785136220,The Stand: Soul Survivors,"Roberto Aguirre-Sacasa, Mike Perkins, Laura       Martin, Stephen King",,,not_found
9780007158510,The Sneetches and Other Stories,Dr. Seuss,,,not_found
9780805053880,"Polar Bear, Polar Bear, What Do You Hear?","Bill Martin Jr., Eric Carle",,,not_found
9783518367060,Demian. Die Geschichte von Emil Sinclairs Jugend,Hermann Hesse,,,not_found
9781421505860,"Skip Beat!, Vol. 01","Yoshiki Nakamura, Tomo Kimura",,,not_found
9780525425630,"Isla and the Happily Ever After (Anna and the French Kiss, #3)",Stephanie Perkins,http://books.google.com/books/content?id=z_C_MgEACAAJ&printsec=frontcover&img=1&zoom=1&source=gbs_api,covers/9780525425630.jpg,ok_googlebooks
9781594634710,Big Magic: Creative Living Beyond Fear,Elizabeth Gilbert,https://covers.openlibrary.org/b/isbn/9781594634710-L.jpg,covers/9781594634710.jpg,ok_openlibrary
9781597801580,The Windup Girl,Paolo Bacigalupi,,,not_found
9780439249550,"The Harry Potter Collection 1-4 (Harry Potter, #1-4)","J.K. Rowling, Mary GrandPré",,,not_found
9780140436070,The Importance of Being Earnest and Other Plays,"Oscar Wilde, Richard Allen Cave",,,not_found
9780385333470,"God Bless You, Mr. Rosewater",Kurt Vonnegut Jr.,,,not_found
9780140446750,The Letters of Vincent van Gogh,"Vincent van Gogh, Ronald de Leeuw, Mark Roskill, Arnold J. Pomerans",http://books.google.com/books/content?id=KYOMEAAAQBAJ&printsec=frontcover&img=1&zoom=1&source=gbs_api,covers/9780140446750.jpg,ok_googlebooks
9780441014900,"Magic Bites (Kate Daniels, #1)",Ilona Andrews,,,not_found
9781400096280,Suite Française,"Irène Némirovsky, Sandra Smith",,,not_found
9781932664130,"Scott Pilgrim, Volume 2: Scott Pilgrim vs. The World",Bryan Lee O'Malley,,,not_found
9781401204260,Batman: Arkham Asylum - A Serious House on Serious Earth,"Grant Morrison, Dave McKean",,,not_found
9780061020670,"Sourcery (Discworld, #5; Rincewind #3)",Terry Pratchett,,,not_found
9781442426730,"P.S. I Still Love You (To All the Boys I've Loved Before, #2)",Jenny Han,,,not_found
9781565125700,Mudbound,Hillary Jordan,,,not_found
9781455559820,"Memory Man (Amos Decker, #1)",David Baldacci,,,not_found
9780385743590,"Firefight (The Reckoners, #2)",Brandon Sanderson,,,not_found
9780765376460,"A Darker Shade of Magic (Shades of Magic, #1)","V.E. Schwab, Victoria Schwab",,,not_found
9781841493140,"The Magicians' Guild (Black Magician Trilogy, #1)",Trudi Canavan,,,not_found
9780385905170,"The Necromancer  (The Secrets of the Immortal Nicholas Flamel, #4)",Michael Scott,http://books.google.com/books/content?id=lwWhcQAACAAJ&printsec=frontcover&img=1&zoom=1&source=gbs_api,covers/9780385905170.jpg,ok_googlebooks
9780385513530,The Lost City of Z: A Tale of Deadly Obsession in the Amazon,David Grann,,,not_found
9780871137390,Black Hawk Down,Mark Bowden,,,not_found
9780224064900,George's Marvellous Medicine,"Roald Dahl, Quentin Blake",,,not_found
,Elon Musk: Inventing the Future,Ashlee Vance,,,not_found
9781592407330,"Daring Greatly: How the Courage to Be Vulnerable Transforms the Way We Live, Love, Parent, and Lead",Brené Brown,,,not_found
9780439324600,Cut,Patricia McCormick,,,not_found
9780805080480,"The Book of Three (The Chronicles of Prydain, #1)",Lloyd Alexander,,,not_found
9780689829540,Olivia,Ian Falconer,http://books.google.com/books/content?id=RQDUAAAAQBAJ&printsec=frontcover&img=1&zoom=1&edge=curl&source=gbs_api,covers/9780689829540.jpg,ok_googlebooks
9780441016150,"Cry Wolf (Alpha & Omega, #1)",Patricia Briggs,,,not_found
9781560974280,Ghost World,Daniel Clowes,,,not_found
9780375705850,"Plainsong (Plainsong, #1)",Kent Haruf,http://books.google.com/books/content?id=MKEhEAAAQBAJ&printsec=frontcover&img=1&zoom=1&edge=curl&source=gbs_api,covers/9780375705850.jpg,ok_googlebooks
9781400033840,A Thousand Acres,Jane Smiley,,,not_found
9780451529700,Fathers and Sons,"Ivan Turgenev, George Reavy, Jane Costlow",,,not_found
9780884271790,The Goal: A Process of Ongoing Improvement,"Eliyahu M. Goldratt, Jeff Cox",,,not_found
9781250006320,"Torn (Trylle, #2)",Amanda Hocking,,,not_found
,Saga #1,"Brian K. Vaughan, Fiona Staples",,,not_found
9780670021050,Caleb's Crossing,Geraldine Brooks,,,not_found
9780061284400,"Evernight (Evernight, #1)",Claudia Gray,,,not_found
9780385340560,"Bad Luck and Trouble (Jack Reacher, #11)",Lee Child,,,not_found
9780452286540,The Jane Austen Book Club,Karen Joy Fowler,,,not_found
9780739377730,"Sizzling Sixteen (Stephanie Plum, #16)",Janet Evanovich,http://books.google.com/books/content?id=zKgFkgAACAAJ&printsec=frontcover&img=1&zoom=1&source=gbs_api,covers/9780739377730.jpg,ok_googlebooks
9780385539710,The Children Act,Ian McEwan,,,not_found
9781841499900,"Caliban's War (The Expanse, #2)",James S.A. Corey,,,not_found
9780147712550,The Iliad/The Odyssey,"Homer, Robert Fagles, Bernard Knox",,,not_found
9780061120660,Papillon,Henri Charrière,,,not_found
9780316201580,"The Wishing Spell (The Land of Stories, #1)","Chris Colfer, Brandon Dorman",,,not_found
9781573227890,Tipping the Velvet,Sarah Waters,,,not_found
9781400063970,The 19th Wife,David Ebershoff,,,not_found
9781452440030,"Barely Breathing (Breathing, #2)",Rebecca Donovan,,,not_found
9780743493920,"Body of Evidence (Kay Scarpetta, #2)",Patricia Cornwell,,,not_found
9780064407310,Monster,Walter Dean Myers,,,not_found
9780345529050,"A Song of Ice and Fire (A Song of Ice and Fire, #1-4)",George R.R. Martin,,,not_found
9780060887380,"Perfect (Pretty Little Liars, #3)",Sara Shepard,,,not_found
9781939045010,"The Secret of Ella and Micha (The Secret, #1)",Jessica Sorensen,,,not_found
9780345522470,"Hounded (The Iron Druid Chronicles, #1)",Kevin Hearne,,,not_found
9780743211380,From a Buick 8,Stephen King,,,not_found
9781593083250,The Time Machine/The Invisible Man,"H.G. Wells, Alfred MacAdam",,,not_found
9780515121840,"Sea Swept (Chesapeake Bay Saga, #1)",Nora Roberts,,,not_found
9780761121330,What to Expect When You're Expecting,"Heidi Murkoff, Arlene Eisenberg, Sandee Hathaway",http://books.google.com/books/content?id=f8EdAQAAMAAJ&printsec=frontcover&img=1&zoom=1&source=gbs_api,covers/9780761121330.jpg,ok_googlebooks
9780399244570,"The Icebound Land (Ranger's Apprentice, #3)",John Flanagan,http://books.google.com/books/content?id=uXCNEAAAQBAJ&printsec=frontcover&img=1&zoom=1&source=gbs_api,covers/9780399244570.jpg,ok_googlebooks
9780553560730,"Red Mars (Mars Trilogy, #1)",Kim Stanley Robinson,,,not_found
9780446573640,An Object of Beauty,Steve Martin,http://books.google.com/books/content?id=D1WZlwEACAAJ&printsec=frontcover&img=1&zoom=1&source=gbs_api,covers/9780446573640.jpg,ok_googlebooks
,"The Deal (Off-Campus, #1)",Elle Kennedy,,,not_found
9781563893310,Kingdom Come,"Mark Waid, Alex Ross, Elliot S. Maggin",,,not_found
9781442435000,Since You've Been Gone,Morgan Matson,,,not_found
9780316079910,"The Blinding Knife (Lightbringer, #2)",Brent Weeks,,,not_found
9780804139300,"Zero to One: Notes on Startups, or How to Build the Future","Peter Thiel, Blake  Masters",,,not_found
9781619636070,"Empire of Storms (Throne of Glass, #5)",Sarah J. Maas,,,not_found
9781593080330,"A Christmas Carol, The Chimes and The Cricket on the Hearth","Charles Dickens, Katharine Kroeber Wiley",http://books.google.com/books/content?id=ihip2xp3CEwC&printsec=frontcover&img=1&zoom=1&source=gbs_api,covers/9781593080330.jpg,ok_googlebooks
,"Bully (Fall Away, #1)",Penelope Douglas,,,not_found
9780804188980,The Grownup,Gillian Flynn,,,not_found
9781558611580,The Yellow Wall-Paper,"Charlotte Perkins Gilman, Elaine Hedges",https://covers.openlibrary.org/b/isbn/9781558611580-L.jpg,covers/9781558611580.jpg,ok_openlibrary
9780380789020,Smoke and Mirrors: Short Fiction and Illusions,Neil Gaiman,,,not_found
9789382618350,"The Oath of the Vayuputras (Shiva Trilogy, #3)",Amish Tripathi,,,not_found
9780385333500,Welcome to the Monkey House,Kurt Vonnegut Jr.,,,not_found
,Faeries,"Brian Froud, Alan Lee",,,not_found
9780385349060,Dad Is Fat,Jim Gaffigan,,,not_found
9780062392180,"The Crown (The Selection, #5)",Kiera Cass,http://books.google.com/books/content?id=cmdRvgAACAAJ&printsec=frontcover&img=1&zoom=1&source=gbs_api,covers/9780062392180.jpg,ok_googlebooks
9780061240850,"Anybody Out There? (Walsh Family, #4)",Marian Keyes,https://covers.openlibrary.org/b/isbn/9780061240850-L.jpg,covers/9780061240850.jpg,ok_openlibrary
9780671869200,Truman,David McCullough,,,not_found
9780143034760,Alexander Hamilton,Ron Chernow,,,not_found
9780807218730,The Cat in the Hat and Other Dr. Seuss Favorites,"Dr. Seuss, Various",,,not_found
9780446573020,"Zero Day (John Puller, #1)",David Baldacci,,,not_found
9781451533960,"Love Unscripted (Love, #1)",Tina Reber,,,not_found
9780802136830,The Six Wives of Henry VIII,Alison Weir,,,not_found
9780446608820,"Pop Goes the Weasel (Alex Cross, #5)",James Patterson,,,not_found
9780140448080,Dead Souls,"Nikolai Gogol, Robert A. Maguire",,,not_found
9780140185850,We,"Yevgeny Zamyatin, Clarence Brown",,,not_found
9780571171780,Pigs in Heaven,Barbara Kingsolver,,,not_found
,Sapiens: A Brief History of Humankind,Yuval Noah Harari,,,not_found
9781416974500,"Night World, No. 1 (Night World, #1-3)",L.J. Smith,,,not_found
9780765354070,"The Ghost Brigades (Old Man's War, #2)",John Scalzi,,,not_found
9780060987530,Confessions of an Ugly Stepsister,Gregory Maguire,,,not_found
9783426615360,How to Be Good,Nick Hornby,,,not_found
9780743261950,"Cry, the Beloved Country",Alan Paton,,,not_found
9781442468350,"Lady Midnight (The Dark Artifices, #1)",Cassandra Clare,,,not_found
9781905294720,"Inkdeath (Inkworld, #3)",Cornelia Funke,,,not_found
9780553293390,Foundation's Edge (Foundation #4),Isaac Asimov,,,not_found
9780345335650,"Queen of Sorcery (The Belgariad, #2)",David Eddings,,,not_found
9780374529540,The Lottery and Other Stories,Shirley Jackson,,,not_found
9780061668040,"Wings (Wings, #1)",Aprilynne Pike,,,not_found
9780545060510,"Into the Gauntlet (The 39 Clues, #10)",Margaret Peterson Haddix,,,not_found
9780553271980,The Odessa File,Frederick Forsyth,,,not_found
9781609411150,Lies That Chelsea Handler Told Me,"Chelsea Handler, Johnny Kansas, Stephanie Stehling, Heather McDonald, Roy Handler, Brad Wollack, Amber Mazzola, Josh Wolf, Shoshanna Handler, Eva Magdalenski, Amy Meyer, Glen Handler, Dave Mallow, Sarah Colonna",,,not_found
9781400067690,The Burgess Boys,Elizabeth Strout,,,not_found
9780312367480,Tikki Tikki Tembo,"Arlene Mosel, Blair Lent",https://covers.openlibrary.org/b/isbn/9780312367480-L.jpg,covers/9780312367480.jpg,ok_openlibrary
9781444705100,"Broken Harbour (Dublin Murder Squad, #4)",Tana French,,,not_found
9780517053610,The Complete Works,William Shakespeare,,,not_found
9780061054880,The Dispossessed,Ursula K. Le Guin,,,not_found
9781400031570,"Faceless Killers (Kurt Wallander, #1)","Henning Mankell, Steven T. Murray",,,not_found
9780385528050,The Confession,John Grisham,,,not_found
9780425192030,Lightning,Dean Koontz,,,not_found
,Solaris,Stanisław Lem,,,not_found
9781301716720,"Down to You (The Bad Boys, #1)",M. Leighton,,,not_found
9780385340590,"61 Hours (Jack Reacher, #14)",Lee Child,,,not_found
9781570425780,"Cat and Mouse (Alex Cross, #4)","James Patterson, Keith David, Anthony Heald",,,not_found
9780142408800,"Superfudge (Fudge, #3)",Judy Blume,,,not_found
9780735221090,The Couple Next Door,Shari Lapena,,,not_found
9780061996180,"Hallowed (Unearthly, #2)",Cynthia Hand,,,not_found
9780316246620,Ancillary Justice (Imperial Radch #1),Ann Leckie,,,not_found
9781595547160,Fireproof,Eric Wilson,,,not_found
9781616149990,The Life We Bury,Allen Eskens,,,not_found
9780060566100,Built to Last: Successful Habits of Visionary Companies,"James C. Collins, Jerry I. Porras",,,not_found
9780140273340,"The Eagle Has Landed (Liam Devlin, #1)",Jack Higgins,,,not_found
9780316910330,"Gossip Girl (Gossip Girl, #1)",Cecily von Ziegesar,https://covers.openlibrary.org/b/isbn/9780316910330-L.jpg,covers/9780316910330.jpg,ok_openlibrary
9780978970760,"John Dies at the End (John Dies at the End, #1)",David Wong,http://books.google.com/books/content?id=gnbZwAEACAAJ&printsec=frontcover&img=1&zoom=1&source=gbs_api,covers/9780978970760.jpg,ok_googlebooks
9780425201370,"The Lunatic Cafe (Anita Blake, Vampire Hunter #4)",Laurell K. Hamilton,,,not_found
,The Good Neighbor,A.J. Banner,,,not_found
9780345409460,The Demon-Haunted World: Science as a Candle in the Dark,"Carl Sagan, Ann Druyan",,,not_found
9781906427140,Stolen: A Letter to My Captor,Lucy Christopher,,,not_found
9781573225120,Prozac Nation,Elizabeth Wurtzel,,,not_found
9780525949700,This Is Your Brain on Music: The Science of a Human Obsession,Daniel J. Levitin,,,not_found
9781400065750,Still Life with Bread Crumbs,Anna Quindlen,http://books.google.com/books/content?id=hpOLDQAAQBAJ&printsec=frontcover&img=1&zoom=1&edge=curl&source=gbs_api,covers/9781400065750.jpg,ok_googlebooks
9780310902710,Holy Bible: New International Version,Anonymous,http://books.google.com/books/content?id=xoLLRQAACAAJ&printsec=frontcover&img=1&zoom=1&source=gbs_api,covers/9780310902710.jpg,ok_googlebooks
9780451235850,"Lover Reborn (Black Dagger Brotherhood, #10)",J.R. Ward,http://books.google.com/books/content?id=D-ONZwEACAAJ&printsec=frontcover&img=1&zoom=1&source=gbs_api,covers/9780451235850.jpg,ok_googlebooks
9780765340740,"The Pillars of Creation (Sword of Truth, #7)",Terry Goodkind,https://covers.openlibrary.org/b/isbn/9780765340740-L.jpg,covers/9780765340740.jpg,ok_openlibrary
9781579126250,"The A.B.C. Murders (Hercule Poirot, #13)",Agatha Christie,http://books.google.com/books/content?id=gXWnYlqSrnAC&printsec=frontcover&img=1&zoom=1&source=gbs_api,covers/9781579126250.jpg,ok_googlebooks
9780312426810,Possible Side Effects,Augusten Burroughs,,,not_found
9780062294370,The First Phone Call from Heaven,Mitch Albom,,,not_found
9780786930710,"Dragons of Spring Dawning (Dragonlance: Chronicles, #3)","Margaret Weis, Tracy Hickman",,,not_found
9780380800830,"The Duke and I (Bridgertons, #1)",Julia Quinn,,,not_found
9780375508330,A Raisin in the Sun,Lorraine Hansberry,,,not_found
9780425184230,"The Sum of All Fears (Jack Ryan Universe, #7)",Tom Clancy,,,not_found
9780345457690,"Altered Carbon (Takeshi Kovacs, #1)",Richard K. Morgan,,,not_found
9781607066930,"Saga, Vol. 2 (Saga, #2)","Brian K. Vaughan, Fiona Staples",,,not_found
9780440241010,"The Enemy (Jack Reacher, #8)",Lee Child,http://books.google.com/books/content?id=dlR8w8dZc_QC&printsec=frontcover&img=1&zoom=1&edge=curl&source=gbs_api,covers/9780440241010.jpg,ok_googlebooks
9780375701210,The Diving Bell and the Butterfly,"Jean-Dominique Bauby, Jeremy Leggatt",,,not_found
9780805096670,Killing Kennedy: The End of Camelot,"Bill O'Reilly, Martin Dugard",http://books.google.com/books/content?id=p0BJt71jT9YC&printsec=frontcover&img=1&zoom=1&edge=curl&source=gbs_api,covers/9780805096670.jpg,ok_googlebooks
9780312595680,Still Missing,Chevy Stevens,,,not_found
9780767919360,The Life and Times of the Thunderbolt Kid,Bill Bryson,,,not_found
9781250060560,"Fairest (The Lunar Chronicles, #3.5)",Marissa Meyer,http://books.google.com/books/content?id=FOJNBAAAQBAJ&printsec=frontcover&img=1&zoom=1&edge=curl&source=gbs_api,covers/9781250060560.jpg,ok_googlebooks
9780385539430,Rogue Lawyer,John Grisham,,,not_found
9780006551810,"'Tis (Frank McCourt, #2)",Frank McCourt,http://books.google.com/books/content?id=Q3BhQgAACAAJ&printsec=frontcover&img=1&zoom=1&source=gbs_api,covers/9780006551810.jpg,ok_googlebooks
9781400032050,1491: New Revelations of the Americas Before Columbus,Charles C. Mann,,,not_found
9780679763310,An Unquiet Mind: A Memoir of Moods and Madness,Kay Redfield Jamison,,,not_found
9781591451880,Jesus Calling: Enjoying Peace in His Presence,Sarah  Young,,,not_found
9780451218600,Who's Afraid of Virginia Woolf?,Edward Albee,http://books.google.com/books/content?id=8LmMDQAAQBAJ&printsec=frontcover&img=1&zoom=1&edge=curl&source=gbs_api,covers/9780451218600.jpg,ok_googlebooks
,The Butterfly Garden (The Collector #1),Dot Hutchison,,,not_found
9780575077840,"The Last Wish (The Witcher, #1)",Andrzej Sapkowski,http://books.google.com/books/content?id=C0kDPQAACAAJ&printsec=frontcover&img=1&zoom=1&source=gbs_api,covers/9780575077840.jpg,ok_googlebooks
9780486452430,Jude the Obscure,Thomas Hardy,,,not_found
,"In Flight (Up in the Air, #1)",R.K. Lilley,,,not_found
9780330493740,"Kushiel's Dart (Phèdre's Trilogy, #1)",Jacqueline Carey,,,not_found
9781594831120,"The 5th Horseman (Women's Murder Club, #5)","James Patterson, Maxine Paetro",,,not_found
9780156032970,Foucault's Pendulum,"Umberto Eco, William Weaver",,,not_found
9780670561730,A Pocket for Corduroy,Don Freeman,,,not_found
9781595551380,"Bonhoeffer: Pastor, Martyr, Prophet, Spy",Eric Metaxas,,,not_found
9780345527710,"Explosive Eighteen (Stephanie Plum, #18)",Janet Evanovich,,,not_found
9780393244660,Flash Boys: A Wall Street Revolt,Michael   Lewis,,,not_found
9780373210370,"The Iron Knight (The Iron Fey, #4)",Julie Kagawa,,,not_found
9780805080490,The Black Cauldron (The Chronicles of Prydain #2),Lloyd Alexander,https://covers.openlibrary.org/b/isbn/9780805080490-L.jpg,covers/9780805080490.jpg,ok_openlibrary
9780061449090,"Lies (Gone, #3)",Michael  Grant,,,not_found
9780875093670,The Pursuit of God,A.W. Tozer,,,not_found
9780586217830,"Magician (The Riftwar Saga, #1-2)",Raymond E. Feist,,,not_found
9780385729370,"Forever in Blue: The Fourth Summer of the Sisterhood (Sisterhood, #4)",Ann Brashares,,,not_found
9780142004330,"Maisie Dobbs (Maisie Dobbs, #1)",Jacqueline Winspear,,,not_found
9780552153260,"Feet of Clay (Discworld, #19; City Watch, #3)",Terry Pratchett,,,not_found
9780307594780,"The Millennium Trilogy (Millennium Trilogy, #1-3)","Stieg Larsson, Reg Keeland",,,not_found
9781842430350,Skinny Legs and All,Tom Robbins,,,not_found
9780061583220,"Destined for an Early Grave (Night Huntress, #4)",Jeaniene Frost,,,not_found
9780316159790,"Cross (Alex Cross, #12)",James Patterson,,,not_found
9780064472780,"All-American Girl (All-American Girl, #1)",Meg Cabot,,,not_found
9780380713810,Neither Here nor There: Travels in Europe,Bill Bryson,,,not_found
9780375832990,Boy Meets Boy,David Levithan,,,not_found
9780061941020,We Are Water,Wally Lamb,,,not_found
9780316002900,"Max (Maximum Ride, #5)",James Patterson,,,not_found
9780312656260,"Halo (Halo, #1)",Alexandra Adornetto,,,not_found
9780064404780,Beauty: A Retelling of the Story of Beauty and the Beast,Robin McKinley,http://books.google.com/books/content?id=COICVO9_y5sC&printsec=frontcover&img=1&zoom=1&edge=curl&source=gbs_api,covers/9780064404780.jpg,ok_googlebooks
9780802142820,The Inheritance of Loss,Kiran Desai,,,not_found
9780586066880,"A Darkness At Sethanon (The Riftwar Saga, #4)",Raymond E. Feist,,,not_found
9780375759000,Don't Let's Go to the Dogs Tonight,Alexandra Fuller,,,not_found
9786140105230,ساق البامبو,"سعود السنعوسي, Saud Alsanousi",,,not_found
9780312650090,"Enclave (Razorland, #1)",Ann Aguirre,,,not_found
9780062026480,"The Girl of Fire and Thorns (Fire and Thorns, #1)",Rae Carson,,,not_found
9780316069910,Eating Animals,Jonathan Safran Foer,,,not_found
9780802714630,Longitude: The True Story of a Lone Genius Who Solved the Greatest Scientific Problem of His Time,"Dava Sobel, Neil Armstrong",,,not_found
9780751530490,"Unnatural Exposure (Kay Scarpetta, #8)",Patricia Cornwell,,,not_found
9780553582470,"Fool's Fate (Tawny Man, #3)",Robin Hobb,http://books.google.com/books/content?id=T1Zq9_2EVLAC&printsec=frontcover&img=1&zoom=1&source=gbs_api,covers/9780553582470.jpg,ok_googlebooks
,"The Magician's Land (The Magicians, #3)",Lev Grossman,,,not_found
9780553213480,Faust: First Part,"Johann Wolfgang von Goethe, Peter Salm",,,not_found
9781406310270,"The Ask and the Answer (Chaos Walking, #2)",Patrick Ness,,,not_found
9780684818860,Lies My Teacher Told Me,James W. Loewen,,,not_found
9780061583070,"At Grave's End (Night Huntress, #3)",Jeaniene Frost,https://covers.openlibrary.org/b/isbn/9780061583070-L.jpg,covers/9780061583070.jpg,ok_openlibrary
9780446363260,Scarlett,Alexandra Ripley,,,not_found
9780425205680,"Bloody Bones (Anita Blake, Vampire Hunter #5)",Laurell K. Hamilton,,,not_found
9780060572990,"Every Which Way But Dead (The Hollows, #3)",Kim Harrison,,,not_found
9780684843780,This Side of Paradise,F. Scott Fitzgerald,,,not_found
9781400068330,"Eligible: A Modern Retelling of Pride and Prejudice (The Austen Project, #4)",Curtis Sittenfeld,,,not_found
9780670023320,Escape from Camp 14: One Man's Remarkable Odyssey from North Korea to Freedom in the West,Blaine Harden,,,not_found
9780812969900,The Sorrows of Young Werther,"Johann Wolfgang von Goethe, Burton Pike",https://covers.openlibrary.org/b/isbn/9780812969900-L.jpg,covers/9780812969900.jpg,ok_openlibrary
9780393337130,Seven Days in the Art World,Sarah Thornton,,,not_found
9780007246230,The Children of Húrin,"J.R.R. Tolkien, Christopher Tolkien, Alan Lee",,,not_found
9780316058440,Mr. Popper's Penguins,"Richard Atwater, Florence Atwater, Robert Lawson",,,not_found
9780785289080,The Total Money Makeover: A Proven Plan for Financial Fitness,Dave Ramsey,,,not_found
9780765340050,"Shadow Puppets (Ender's Shadow, #3)",Orson Scott Card,,,not_found
,"Mile High (Up in the Air, #2)",R.K. Lilley,,,not_found
9780679732270,Light in August,William Faulkner,,,not_found
,"Everything We Keep (Everything We Keep, #1)",Kerry Lonsdale,,,not_found
,"The Mighty Storm (The Storm, #1)",Samantha Towle,,,not_found
9780812993810,Tenth of December,George Saunders,,,not_found
9780064408680,The Trumpet of the Swan,"E.B. White, Fred Marcellino",,,not_found
9780312593550,"Night Pleasures (Dark-Hunter, #1)",Sherrilyn Kenyon,,,not_found
9780671015210,The Millionaire Next Door: The Surprising Secrets of Americas Wealthy,"Thomas J. Stanley, William D. Danko",,,not_found
9780060920080,The Lost Continent: Travels in Small Town America,Bill Bryson,,,not_found
9780743244590,"Chronicles, Vol. 1",Bob Dylan,,,not_found
9781400067120,Dreams of Joy (Shanghai Girls #2),Lisa See,,,not_found
9780060885410,"By the Shores of Silver Lake  (Little House, #5)","Laura Ingalls Wilder, Garth Williams",,,not_found
9780446607210,Tell Me Your Dreams,Sidney Sheldon,http://books.google.com/books/content?id=ygOlHAAACAAJ&printsec=frontcover&img=1&zoom=1&source=gbs_api,covers/9780446607210.jpg,ok_googlebooks
9780061053570,"The Player of Games (Culture, #2)",Iain M. Banks,,,not_found
9780440228900,The Cricket in Times Square,"George Selden, Garth Williams",,,not_found
9781423116390,"Don't Judge a Girl by Her Cover (Gallagher Girls, #3)",Ally Carter,,,not_found
9780787960760,The Five Dysfunctions of a Team: A Leadership Fable,Patrick Lencioni,,,not_found
9780060577360,"Flyte (Septimus Heap, #2)","Angie Sage, Mark Zug",https://covers.openlibrary.org/b/isbn/9780060577360-L.jpg,covers/9780060577360.jpg,ok_openlibrary
,Yellow Crocus,Laila Ibrahim,,,not_found
9780140157350,Getting to Yes: Negotiating an Agreement Without Giving In,"Roger Fisher, William Ury, Bruce Patton",,,not_found
9780142003170,Junky,"William S. Burroughs, Oliver  Harris, Allen Ginsberg",,,not_found
9781600102370,"Locke & Key, Vol. 1: Welcome to Lovecraft","Joe Hill, Gabriel Rodríguez",,,not_found
9781408816040,The Song of Achilles,Madeline Miller,,,not_found
9781501110340,November 9,Colleen Hoover,,,not_found
9780143039840,The New York Trilogy,"Paul Auster, Art Spiegelman",,,not_found
9781501139890,The Girl with the Lower Back Tattoo,Amy Schumer,,,not_found
9780140449180,The Bhagavad Gita,"Krishna-Dwaipayana Vyasa, Simon Brodbeck, Juan Mascaró",,,not_found
9780316766940,"Raise High the Roof Beam, Carpenters & Seymour: An Introduction",J.D. Salinger,,,not_found
9780439120420,Esperanza Rising,Pam Muñoz Ryan,http://books.google.com/books/content?id=Ly6KPrawvqIC&printsec=frontcover&img=1&zoom=1&edge=curl&source=gbs_api,covers/9780439120420.jpg,ok_googlebooks
9780425209070,"The Killing Dance (Anita Blake, Vampire Hunter, #6)",Laurell K. Hamilton,,,not_found
9780140449240,Beyond Good and Evil,"Friedrich Nietzsche, R.J. Hollingdale, Michael Tanner",,,not_found
9780876852640,Factotum,Charles Bukowski,,,not_found
9780440228000,The Watsons Go to Birmingham - 1963,Christopher Paul Curtis,,,not_found
9780373210510,"The Immortal Rules (Blood of Eden, #1)",Julie Kagawa,,,not_found
,"The Vincent Boys (The Vincent Boys, #1)",Abbi Glines,,,not_found
9780446546940,Columbine,Dave Cullen,,,not_found
9780099471430,"Lasher (Lives of the Mayfair Witches, #2)",Anne Rice,,,not_found
9780525953720,No Easy Day: The Firsthand Account of the Mission That Killed Osama Bin Laden,"Mark Owen, Kevin Maurer",,,not_found
9780684193950,"All That Remains (Kay Scarpetta, #3)",Patricia Cornwell,,,not_found
9781594487020,The Chaperone,Laura Moriarty,,,not_found
9780316013930,Judge & Jury,"James Patterson, Andrew Gross",,,not_found
9780451191010,The Regulators,"Richard Bachman, Stephen King",http://books.google.com/books/content?id=1QVnuvon5DUC&printsec=frontcover&img=1&zoom=1&edge=curl&source=gbs_api,covers/9780451191010.jpg,ok_googlebooks
9781416500350,Silas Marner,George Eliot,,,not_found
9781622660760,"Origin (Lux, #4)",Jennifer L. Armentrout,,,not_found
9781563890350,Season of Mists (The Sandman #4),"Neil Gaiman, Matt Wagner, George Pratt, Dick Giordano, Kelley Jones, P. Craig Russell, Mike Dringenberg, Malcolm Jones III, Todd Klein, Harlan Ellison",,,not_found
9780316123530,"Beautiful Redemption (Caster Chronicles, #4)","Kami Garcia, Margaret Stohl",,,not_found
9781439152780,The Distant Hours,Kate Morton,,,not_found
9780375760400,The Botany of Desire: A Plant's-Eye View of the World,Michael Pollan,,,not_found
9780439295790,"Kidnapped (David Balfour, #1)",Robert Louis Stevenson,,,not_found
9780751554150,I Let You Go,Clare Mackintosh,,,not_found
9780618683350,Beautiful Boy: A Father's Journey Through His Son's Addiction,David Sheff,,,not_found
9781594561860,The Cask of Amontillado,Edgar Allan Poe,,,not_found
9780306814260,"Friday Night Lights: A Town, a Team, and a Dream",H.G. Bissinger,,,not_found
9780140447900,Metamorphoses,"Ovid, David Raeburn, Denis Feeney",,,not_found
9780452274430,In the Time of the Butterflies,Julia Alvarez,,,not_found
9780743203630,Gap Creek,Robert Morgan,,,not_found
9780983157200,"Half-Blood (Covenant, #1)",Jennifer L. Armentrout,,,not_found
9781582404110,The Legend of Sleepy Hollow (Graphic Novel),"Bo Hampton, Tracey Hampton, Washington Irving",,,not_found
9780451217610,"Bitter Is the New Black: Confessions of a Condescending, Egomaniacal, Self-Centered Smartass, Or, Why You Should Never Carry A Prada Bag to the Unemployment Office",Jen Lancaster,,,not_found
9780399159370,The Witness,Nora Roberts,,,not_found
9780446617680,Sex and the City,Candace Bushnell,https://covers.openlibrary.org/b/isbn/9780446617680-L.jpg,covers/9780446617680.jpg,ok_openlibrary
9780743457900,"Tinker, Tailor, Soldier, Spy",John le Carré,,,not_found
9780140169300,Angle of Repose,Wallace Stegner,,,not_found
9780380820890,"Blindsighted (Grant County, #1)",Karin Slaughter,,,not_found
9780142501110,"Lord Brocktree (Redwall, #13)",Brian Jacques,,,not_found
,"Never Never (Never Never, #1)","Colleen Hoover, Tarryn Fisher",,,not_found
9780062072060,"Through the Ever Night (Under the Never Sky, #2)",Veronica Rossi,,,not_found
9780316018590,Barefoot,Elin Hilderbrand,,,not_found
9781594481960,My Friend Leonard,James Frey,,,not_found
9780811216010,Cat on a Hot Tin Roof,Tennessee Williams,,,not_found
9780316002870,"The Final Warning (Maximum Ride, #4)",James Patterson,,,not_found
9780553582450,"Golden Fool (Tawny Man, #2)",Robin Hobb,,,not_found
9781589190630,"At Home in Mitford (Mitford Years, #1)",Jan Karon,http://books.google.com/books/content?id=d-hJPgAACAAJ&printsec=frontcover&img=1&zoom=1&source=gbs_api,covers/9781589190630.jpg,ok_googlebooks
9780756402690,"The Dragonbone Chair (Memory, Sorrow, and Thorn, #1)",Tad Williams,,,not_found
,"Seraphina (Seraphina, #1)",Rachel Hartman,,,not_found
9782844140590,"Persepolis, Volume 1",Marjane Satrapi,,,not_found
9780545060420,"One False Note (The 39 Clues, #2)",Gordon Korman,,,not_found
9780316069360,"The Fifth Witness (Mickey Haller, #5; Harry Bosch Universe, #20)",Michael Connelly,,,not_found
9780446563050,"Delivering Happiness: A Path to Profits, Passion, and Purpose",Tony Hsieh,,,not_found
9780525953500,The Stranger,Harlan Coben,https://covers.openlibrary.org/b/isbn/9780525953500-L.jpg,covers/9780525953500.jpg,ok_openlibrary
9780689867040,"Tithe (Modern Faerie Tales, #1)",Holly Black,,,not_found
9780515133320,"Echo Burning (Jack Reacher, #5)",Lee Child,http://books.google.com/books/content?id=k_gWAAAACAAJ&printsec=frontcover&img=1&zoom=1&source=gbs_api,covers/9780515133320.jpg,ok_googlebooks
,"The Wind Through the Keyhole (The Dark Tower, #4.5)","Stephen King, Jae Lee",,,not_found
9780062290370,"The Queen of the Tearling (The Queen of the Tearling, #1)",Erika Johansen,,,not_found
9780142405790,"Scorpia (Alex Rider, #5)",Anthony Horowitz,,,not_found
9780062197270,Into the Darkest Corner,Elizabeth Haynes,,,not_found
9780061140980,"The Fury / Dark Reunion (The Vampire Diaries, #3-4)",L.J. Smith,,,not_found
9780446605490,"Roses are Red (Alex Cross, #6)",James Patterson,,,not_found
9780140079070,The Further Adventures of Sherlock Holmes: After Sir Arthur Conan Doyle (Classic Crime),"Richard Lancelyn Green, Ronald Knox, Julian Symons, Various",,,not_found
9780765344300,"Naked Empire (Sword of Truth, #8)",Terry Goodkind,,,not_found
9780060765250,"Map of Bones (Sigma Force, #2)",James Rollins,,,not_found
9780446614450,"Split Second (Sean King & Michelle Maxwell, #1)",David Baldacci,https://covers.openlibrary.org/b/isbn/9780446614450-L.jpg,covers/9780446614450.jpg,ok_openlibrary
9780553381640,"The Mammoth Hunters (Earth's Children, #3)",Jean M. Auel,,,not_found
9780141441160,A Passage to India,"E.M. Forster, Oliver Stallybrass, Pankaj Mishra",,,not_found
9780515141660,"Morrigan's Cross (Circle Trilogy, #1)",Nora Roberts,,,not_found
9780688147330,Chrysanthemum,Kevin Henkes,,,not_found
9780060887390,"Unbelievable (Pretty Little Liars, #4)",Sara Shepard,,,not_found
9780380017610,"Love Story (Love Story, #1)",Erich Segal,,,not_found
9780062085610,"Sweet Evil (Sweet, #1)",Wendy Higgins,,,not_found
9780316952670,"The Winds of War (The Henry Family, #1)",Herman Wouk,,,not_found
9780887307290,The E-Myth Revisited: Why Most Small Businesses Don't Work and What to Do About It,Michael E. Gerber,,,not_found
9781416928170,"Bunnicula (Bunnicula, #1)","James Howe, Deborah Howe, Alan Daniel",,,not_found
9780786939830,"Exile (Forgotten Realms: The Dark Elf Trilogy, #2; Legend of Drizzt, #2)",R.A. Salvatore,,,not_found
9780441016390,"Princeps' Fury (Codex Alera, #5)",Jim Butcher,,,not_found
9780517405090,Of Love and Other Demons,Gabriel García Márquez,,,not_found
9781250006330,"Ascend (Trylle, #3)",Amanda Hocking,,,not_found
9780525952480,"The Keeper of Lost Causes (Department Q, #1)","Jussi Adler-Olsen, Lisa Hartford",,,not_found
,"This Girl (Slammed, #3)",Colleen Hoover,,,not_found
9781423121660,The Demigod Files (Percy Jackson and the Olympians),Rick Riordan,,,not_found
9780676979790,Musicophilia: Tales of Music and the Brain,Oliver Sacks,,,not_found
9781501129740,"End of Watch (Bill Hodges Trilogy, #3)",Stephen King,,,not_found
9780743298860,The Book of Lost Things,John Connolly,,,not_found
9780060590310,Fool,Christopher Moore,,,not_found
,"Collide (Collide, #1)",Gail McHugh,,,not_found
9780060887190,"The Last Kingdom (The Saxon Stories, #1)",Bernard Cornwell,,,not_found
9781400030030,My Life,Bill Clinton,,,not_found
9780440241000,"Persuader (Jack Reacher, #7)",Lee Child,,,not_found
9781569714030,300,"Frank Miller, Lynn Varley",,,not_found
9780545060490,"Storm Warning (The 39 Clues, #9)",Linda Sue Park,,,not_found
9781423128200,"Only the Good Spy Young (Gallagher Girls, #4)",Ally Carter,,,not_found
,The Sea of Tranquility,Katja Millay,,,not_found
9788203180730,"Flaggermusmannen (Harry Hole, #1)","Jo Nesbø, Don Bartlett",,,not_found
9780425212900,"Grave Sight (Harper Connelly, #1)",Charlaine Harris,,,not_found
9780515143800,"Blood Brothers (Sign of Seven, #1)",Nora Roberts,,,not_found
9780425185510,Picture Perfect,Jodi Picoult,,,not_found
9781591162210,"Rurouni Kenshin, Vol. 1: Meiji Swordsman Romantic Story (Rurouni Kenshin, #1)","Nobuhiro Watsuki, Kenichiro Yagi",,,not_found
9781402262270,Catching Jordan,Miranda Kenneally,,,not_found
9780670869400,There Was an Old Lady Who Swallowed a Fly,Simms Taback,,,not_found
9780060730550,Touching the Void: The True Story of One Man's Miraculous Survival,Joe Simpson,,,not_found
9780312270830,The Satanic Verses,Salman Rushdie,,,not_found
9781932073200,Way of the Peaceful Warrior: A Book That Changes Lives,Dan Millman,,,not_found
9780385523900,Nothing to Envy: Ordinary Lives in North Korea,Barbara Demick,,,not_found
9780060753950,Winning,"Jack Welch, Suzy Welch",,,not_found
9780618620110,How We Decide,Jonah Lehrer,http://books.google.com/books/content?id=f9LqaUbde2QC&printsec=frontcover&img=1&zoom=1&edge=curl&source=gbs_api,covers/9780618620110.jpg,ok_googlebooks
9780394805760,The Story of Babar,"Jean de Brunhoff, Merle S. Haas",,,not_found
9780553381530,"The Beekeeper's Apprentice (Mary Russell, #1)",Laurie R. King,,,not_found
9780385343660,The Imperfectionists,Tom Rachman,,,not_found
9780385735340,"The Warlock (The Secrets of the Immortal Nicholas Flamel, #5)",Michael Scott,,,not_found
9780061020650,"Pyramids (Discworld, #7)",Terry Pratchett,,,not_found
9781421540320,"Blue Exorcist, Vol. 1  (Blue Exorcist, #1)","Kazue Kato, John Werry",https://covers.openlibrary.org/b/isbn/9781421540320-L.jpg,covers/9781421540320.jpg,ok_openlibrary
9780375714660,"Persepolis 2: The Story of a Return (Persepolis, #2)","Marjane Satrapi, Anjali Singh",,,not_found
9780142401770,Keeping the Moon,Sarah Dessen,,,not_found
9780385613460,Before I Die,Jenny Downham,,,not_found
9780586064180,"Silverthorn (The Riftwar Saga, #3)",Raymond E. Feist,,,not_found
9780375413410,Mastering the Art of French Cooking,"Julia Child, Simone Beck, Louisette Bertholle",http://books.google.com/books/content?id=yAN2AAAAMAAJ&printsec=frontcover&img=1&zoom=1&source=gbs_api,covers/9780375413410.jpg,ok_googlebooks
9780670021660,Committed: A Skeptic Makes Peace with Marriage,Elizabeth Gilbert,,,not_found
9780765344310,"Chainfire (Sword of Truth, #9)",Terry Goodkind,,,not_found
9780545284130,The False Prince (The Ascendance Trilogy #1),Jennifer A. Nielsen,,,not_found
9780765315240,"Confessor (Sword of Truth, #11)",Terry Goodkind,,,not_found
9780062285640,"The Transfer (Divergent, #0.1)",Veronica Roth,,,not_found
9780449911660,"Rabbit, Run (Rabbit Angstrom #1)",John Updike,,,not_found
9780156948780,The Waste Land and Other Poems,T.S. Eliot,,,not_found
9781400077430,Stumbling on Happiness,Daniel Todd Gilbert,,,not_found
9780441017690,"First Lord's Fury (Codex Alera, #6)",Jim Butcher,,,not_found
9780151013040,The Reluctant Fundamentalist,Mohsin Hamid,,,not_found
9780146000120,The Pit and the Pendulum,Edgar Allan Poe,,,not_found
9780590319680,Little Bear,"Else Holmelund Minarik, Maurice Sendak",,,not_found
9781601422220,Radical: Taking Back Your Faith from the American Dream,David Platt,,,not_found
9780552153160,"Lords and Ladies (Discworld, #14; Witches #4)",Terry Pratchett,,,not_found
9780552152680,"Thud! (Discworld, #34; City Watch #7)",Terry Pratchett,,,not_found
9780142401120,"My Side of the Mountain (Mountain, #1)",Jean Craighead George,,,not_found
9780345481280,"His Majesty's Dragon (Temeraire, #1)",Naomi Novik,,,not_found
9780140280200,The 48 Laws of Power,"Robert Greene, Joost Elffers",,,not_found
9780545135700,"The Sword Thief (The 39 Clues, #3)",Peter Lerangis,,,not_found
9780451159530,Coma,Robin Cook,,,not_found
9780749080980,"The Winter Sea (Slains, #1)","Susanna Kearsley, Rosalyn Landor",,,not_found
9780061284200,"Into the Wild (Warriors, #1)",Erin Hunter,,,not_found
9780805066690,Bury My Heart at Wounded Knee: An Indian History of the American West,Dee Brown,,,not_found
9781560252480,Requiem for a Dream,"Hubert Selby Jr., Darren Aronofsky, Richard Price",,,not_found
9780425267040,"Rush (Breathless, #1)",Maya Banks,,,not_found
9781411415940,The Picture of Dorian Gray: A Graphic Novel,"Ian Edginton, Oscar Wilde, I.N.J. Culbard",,,not_found
9781599903380,"Need (Need, #1)",Carrie Jones,,,not_found
,"Notorious Nineteen (Stephanie Plum, #19)",Janet Evanovich,,,not_found
9780307271040,The Buried Giant,Kazuo Ishiguro,,,not_found
9780345459400,"Perdido Street Station (Bas-Lag, #1)",China Miéville,,,not_found
9780671741040,Swan Song,Robert McCammon,,,not_found
9780061020610,"Witches Abroad (Discworld, #12; Witches #3)",Terry Pratchett,,,not_found
9780441328000,Heretics of Dune (Dune Chronicles #5),Frank Herbert,,,not_found
9780441015280,"Captain's Fury (Codex Alera, #4)",Jim Butcher,,,not_found
,"The Atlantis Gene (The Origin Mystery, #1)",A.G. Riddle,,,not_found
9780515090250,The Cross and the Switchblade,"David Wilkerson, John Sherrill, Elizabeth Sherrill",,,not_found
9780140437690,The Legend of Sleepy Hollow and Other Stories,"Geoffrey Crayon, Washington Irving, William L. Hedges",http://books.google.com/books/content?id=6Mr9ooqkqJMC&printsec=frontcover&img=1&zoom=1&edge=curl&source=gbs_api,covers/9780140437690.jpg,ok_googlebooks
9780385671100,"Damned (Damned, #1)",Chuck Palahniuk,,,not_found
9780439443820,Rules,Cynthia Lord,,,not_found
9780307264000,Swamplandia!,Karen Russell,,,not_found
9780142001620,Salt: A World History,Mark Kurlansky,,,not_found
9780752809440,"The Last Coyote (Harry Bosch, #4; Harry Bosch Universe, #4)",Michael Connelly,,,not_found
9780375758510,Villette,"Charlotte Brontë, A.S. Byatt, Μαρία Λαϊνά, Ignes Sodre",,,not_found
9780575066890,"Soul Music (Discworld, #16; Death, #3)",Terry Pratchett,,,not_found
9780061977960,Reamde,Neal Stephenson,,,not_found
9780553277580,The Greatest Salesman in the World,Og Mandino,,,not_found
9781593072930,"Sin City, Vol. 1: The Hard Goodbye (Sin City, #1)",Frank Miller,,,not_found
9780142002020,"Casino Royale (James Bond, #1)",Ian Fleming,,,not_found
9780593061730,The Greatest Show on Earth: The Evidence for Evolution,Richard Dawkins,,,not_found
9780006513220,"The Bronze Horseman (The Bronze Horseman, #1)",Paullina Simons,,,not_found
9780452283860,Sula,Toni Morrison,,,not_found
9780425233380,"Something About You (FBI/US Attorney, #1)",Julie James,,,not_found
9781416563720,"The Red Queen (The Plantagenet and Tudor Novels, #3)",Philippa Gregory,,,not_found
9780007169920,Mr. Brown Can Moo! Can You?,Dr. Seuss,,,not_found
9780743270370,"Act of Treason (Mitch Rapp, #9)",Vince Flynn,,,not_found
9780785123120,Marvel 1602,"Neil Gaiman, Andy Kubert, Richard Isanove, Peter Sanderson",,,not_found
9780743442530,The Spy Who Came In from the Cold,John le Carré,,,not_found
9780441013400,"Academ's Fury (Codex Alera, #2)",Jim Butcher,,,not_found
9784103534230,"1Q84 BOOK 1 (1Q84, #1)","Haruki Murakami, 村上 春樹",,,not_found
9780446676430,"When the Wind Blows (When the Wind Blows, #1)",James Patterson,,,not_found
9780722534880,The Pilgrimage,"Paulo Coelho, Alan R. Clarke",,,not_found
9780385336700,"The Hard Way (Jack Reacher, #10)",Lee Child,,,not_found
9780143036660,March,Geraldine Brooks,,,not_found
9780440226700,The Incredible Journey,Sheila Burnford,,,not_found
9780307749600,"A Wanted Man (Jack Reacher, #17)","Lee Child, Dick Hill",,,not_found
9780425259860,"Dark Witch (The Cousins O'Dwyer Trilogy, #1)",Nora Roberts,,,not_found
9781401209150,"All-Star Superman, Vol. 1","Grant Morrison, Frank Quitely",,,not_found
9781780484260,"A Song of Ice and Fire (A Song of Ice and Fire, #1-5)",George R.R. Martin,,,not_found
9780345470640,"Black House (The Talisman, #2)","Stephen King, Peter Straub",,,not_found
9780307959940,The Dog Stars,Peter Heller,,,not_found
9780689859370,"The Field Guide (The Spiderwick Chronicles, #1)","Holly Black, Tony DiTerlizzi",,,not_found
9781101990260,The Widow,Fiona Barton,,,not_found
9780062248170,"The Prince (The Selection, #0.5)",Kiera Cass,,,not_found
9781609451350,The Story of a New Name (The Neapolitan Novels #2),"Elena Ferrante, Ann Goldstein",,,not_found
9780374384680,"The Winner's Curse (The Winner's Trilogy, #1)",Marie Rutkoski,,,not_found
9780759530010,"Soul Eater, Vol. 01 (Soul Eater, #1)",Atsushi Ohkubo,,,not_found
9780679766760,Push,Sapphire,,,not_found
9780345413970,"2010: Odyssey Two (Space Odyssey, #2)",Arthur C. Clarke,,,not_found
9780446611770,Last Man Standing,David Baldacci,,,not_found
,"Monstrous Regiment (Discworld, #31; Industrial Revolution, #3)",Terry Pratchett,,,not_found
9780575067080,"The Pianist: The Extraordinary Story of One Man's Survival in Warsaw, 1939–45","Władysław Szpilman, Anthea Bell",https://covers.openlibrary.org/b/isbn/9780575067080-L.jpg,covers/9780575067080.jpg,ok_openlibrary
9781451645830,Ordinary Grace,William Kent Krueger,,,not_found
9781596431520,American Born Chinese,Gene Luen Yang,,,not_found
9780307001050,Peter Pan (A Little Golden Book),"Eugene Bradley Coco, Ron Dias, Walt Disney Company",,,not_found
9780991686000,"Ten Tiny Breaths (Ten Tiny Breaths, #1)",K.A. Tucker,,,not_found
9780545060460,"The Black Circle (The 39 Clues, #5)",Patrick Carman,,,not_found
9781400065460,The Thousand Autumns of Jacob de Zoet,David Mitchell,,,not_found
,"The Perfect Game (The Perfect Game, #1)",J. Sterling,,,not_found
9780312984830,Dance with the Devil (Dark-Hunter #3),Sherrilyn Kenyon,,,not_found
9780786887070,Lipstick Jungle,Candace Bushnell,,,not_found
9780486282080,Dr. Faustus,Christopher Marlowe,,,not_found
9780671791540,"Awaken the Giant Within: How to Take Immediate Control of Your Mental, Emotional, Physical and Financial Destiny!","Anthony Robbins, Tony Robbins, Frederick L. Covan",,,not_found
9780446611210,"Violets Are Blue (Alex Cross, #7)",James Patterson,,,not_found
9780515134450,"Blue Moon (Anita Blake, Vampire Hunter, #8)",Laurell K. Hamilton,,,not_found
9780515134480,"Burnt Offerings (Anita Blake, Vampire Hunter, #7)",Laurell K. Hamilton,,,not_found
9781250010710,"The Silent Sister (Riley MacPherson, #1)",Diane Chamberlain,,,not_found
9780385333790,Player Piano,Kurt Vonnegut Jr.,,,not_found
9780812967260,"The Lost World (Professor Challenger, #1)",Arthur Conan Doyle,,,not_found
9780312590970,"Dark Flame (The Immortals, #4)",Alyson Noel,https://covers.openlibrary.org/b/isbn/9780312590970-L.jpg,covers/9780312590970.jpg,ok_openlibrary
9780310247460,"Boundaries: When to Say Yes, How to Say No to Take Control of Your Life","Henry Cloud, John Townsend",,,not_found
9780060885430,"The Long Winter (Little House, #6)","Laura Ingalls Wilder, Garth Williams",,,not_found
9780807083700,Kindred,Octavia E. Butler,,,not_found
9780099399020,Portnoy's Complaint,"Philip Roth, Luca Marinelli",,,not_found
9780545424970,"Blue Lily, Lily Blue (The Raven Cycle, #3)",Maggie Stiefvater,,,not_found
9780385491020,Cat's Eye,Margaret Atwood,,,not_found
9781406310280,"Monsters of Men (Chaos Walking, #3)",Patrick Ness,,,not_found
9781841492060,"Shadow of the Giant (Ender's Shadow, #4)",Orson Scott Card,,,not_found
9780785274320,The 21 Irrefutable Laws of Leadership: Follow Them and People Will Follow You,"John C. Maxwell, Zig Ziglar",,,not_found
9781442429990,"Blood Red Road (Dust Lands, #1)",Moira Young,,,not_found
9780446519140,Simple Abundance:  A Daybook of Comfort and Joy,Sarah Ban Breathnach,,,not_found
9780316014790,"The 6th Target (Women's Murder Club, #6)","James Patterson, Maxine Paetro",,,not_found
9780143104890,"A Princess of Mars (Barsoom, #1)","Edgar Rice Burroughs, John Seelye",,,not_found
9780385528790,"MaddAddam (MaddAddam, #3)",Margaret Atwood,,,not_found
,يوتوبيا,أحمد خالد توفيق,,,not_found
9780812971420,Color: A Natural History of the Palette,Victoria Finlay,,,not_found
9780060264800,"These Happy Golden Years (Little House, #8)","Laura Ingalls Wilder, Garth Williams",,,not_found
9780099481680,Skipping Christmas,John Grisham,,,not_found
9780446613450,"The Black Ice (Harry Bosch, #2; Harry Bosch Universe, #2)",Michael Connelly,,,not_found
9780312577210,Home Front,Kristin Hannah,,,not_found
9781476731540,"Beautiful Stranger (Beautiful Bastard, #2)",Christina Lauren,,,not_found
9780385730300,"The Sweet Far Thing (Gemma Doyle, #3)",Libba Bray,,,not_found
9781455520620,See Me,Nicholas Sparks,,,not_found
9780375702710,A Lesson Before Dying,Ernest J. Gaines,,,not_found
9780349119760,SantaLand Diaries,David Sedaris,,,not_found
9780385342050,"Mini Shopaholic (Shopaholic, #6)",Sophie Kinsella,,,not_found
9780156262250,Down and Out in Paris and London,George Orwell,,,not_found
9781451617790,All Fall Down,Jennifer Weiner,,,not_found
9780060268660,Harry the Dirty Dog,"Gene Zion, Margaret Bloy Graham",,,not_found
9781427814040,"Maid-sama! Vol. 01 (Maid-sama!, #1)",Hiro Fujiwara,,,not_found
9781551924010,Griffin and Sabine (Griffin & Sabine #1),Nick Bantock,,,not_found
9780743294260,Certain Girls (Cannie Shapiro #2),Jennifer Weiner,,,not_found
9780307949320,Tiny Beautiful Things: Advice on Love and Life from Dear Sugar,Cheryl Strayed,,,not_found
9780805094620,"Ruin and Rising (Shadow and Bone, #3)",Leigh Bardugo,,,not_found
9780440244160,"Beyond the Highland Mist (Highlander, #1)",Karen Marie Moning,,,not_found
9780061284400,"Stargazer (Evernight, #2)",Claudia Gray,,,not_found
9780451203270,The Stranger Beside Me: Ted Bundy The Shocking Inside Story,Ann Rule,,,not_found
9780606298230,Rising Sun,Michael Crichton,,,not_found
9780440060670,The Other Side of Midnight (Midnight #1),Sidney Sheldon,,,not_found
,We Should All Be Feminists,Chimamanda Ngozi Adichie,,,not_found
9780307713540,The Invisible Bridge,"Julie Orringer, Arthur Morey",,,not_found
9780380731500,Wayside School Is Falling Down (Wayside School #2),"Louis Sachar, Joel Schick",,,not_found
9780061974620,"The Fall of Five (Lorien Legacies, #4)",Pittacus Lore,,,not_found
9780316069490,"The Reversal (Harry Bosch, #16; Mickey Haller, #4; Harry Bosch Universe, #19)",Michael Connelly,,,not_found
9780141439780,The Mayor of Casterbridge,"Thomas Hardy, Keith Wilson",,,not_found
9780099478540,"The Devil's Star (Harry Hole, #5)",Jo Nesbø,,,not_found
9780141962820,The Red Pony,John Steinbeck,,,not_found
9780679436550,"Taltos (Lives of the Mayfair Witches, #3)","Anne Rice, Tim Curry",,,not_found
9780515134510,"Obsidian Butterfly (Anita Blake, Vampire Hunter, #9)",Laurell K. Hamilton,,,not_found
9780425169700,Here on Earth,Alice Hoffman,,,not_found
,Prelude to Foundation,Isaac Asimov,,,not_found
9780345503820,"The Daylight War (Demon Cycle, #3)",Peter V. Brett,,,not_found
9780689878590,"The Woman Who Rides Like a Man (Song of the Lioness, #3)",Tamora Pierce,,,not_found
9780345524260,"Midnight Riot (Peter Grant, #1)",Ben Aaronovitch,,,not_found
9780060090370,Lucy Sullivan Is Getting Married,Marian Keyes,,,not_found
9780552552650,"A Hat Full of Sky (Discworld, #32; Tiffany Aching, #2)",Terry Pratchett,,,not_found
9780060786530,"A Suitable Boy (A Suitable Boy, #1)",Vikram Seth,,,not_found
9781841497980,"River Marked (Mercy Thompson, #6)",Patricia Briggs,,,not_found
9780425198680,"Pattern Recognition (Blue Ant, #1)",William Gibson,http://books.google.com/books/content?id=F8zyjwEACAAJ&printsec=frontcover&img=1&zoom=1&source=gbs_api,covers/9780425198680.jpg,ok_googlebooks
9780446578840,I Like You: Hospitality Under the Influence,Amy Sedaris,,,not_found
9780761104840,"1,000 Places to See Before You Die",Patricia Schultz,http://books.google.com/books/content?id=JeLyE5ada5gC&printsec=frontcover&img=1&zoom=1&edge=curl&source=gbs_api,covers/9780761104840.jpg,ok_googlebooks
9780062267530,The Kind Worth Killing,Peter  Swanson,,,not_found
9780060577380,"Physik (Septimus Heap, #3)","Angie Sage, Mark Zug",http://books.google.com/books/content?id=df1tzgEACAAJ&printsec=frontcover&img=1&zoom=1&source=gbs_api,covers/9780060577380.jpg,ok_googlebooks
9780141311400,Boy: Tales of Childhood,"Roald Dahl, Quentin Blake",,,not_found
9780385515050,The Appeal,John Grisham,,,not_found
9781416548000,"Memorial Day (Mitch Rapp, #7)",Vince Flynn,,,not_found
9781416903440,"Wild Magic (Immortals, #1)",Tamora Pierce,,,not_found
9781859855420,"You Are Special (Wemmicksville, #1)",Max Lucado,,,not_found
9780545027890,Wonderstruck,Brian Selznick,,,not_found
9780399171610,"The Wrath and the Dawn (The Wrath and the Dawn, #1)",Renee Ahdieh,,,not_found
9780307267150,Half the Sky: Turning Oppression into Opportunity for Women Worldwide,"Nicholas D. Kristof, Sheryl WuDunn",,,not_found
9780316127260,Why We Broke Up,"Daniel Handler, Maira Kalman",,,not_found
9781400064760,American Wife,Curtis Sittenfeld,,,not_found
9781477823840,"The Paper Magician (The Paper Magician Trilogy, #1)",Charlie N. Holmberg,,,not_found
9780441014350,"Cursor's Fury (Codex Alera, #3)",Jim Butcher,,,not_found
9780743422440,Mercy,Jodi Picoult,,,not_found
9780449912550,"The Sparrow (The Sparrow, #1)",Mary Doria Russell,,,not_found
9780061728980,"Act Like a Lady, Think Like a Man: What Men Really Think About Love, Relationships, Intimacy, and Commitment",Steve Harvey,,,not_found
9780143039980,We Have Always Lived in the Castle,"Shirley Jackson, Jonathan Lethem",,,not_found
9780385496090,Traveling Mercies: Some Thoughts on Faith,Anne Lamott,,,not_found
9781591451880,Love and Respect: The Love She Most Desires; The Respect He Desperately Needs,Emerson Eggerichs,,,not_found
9780385526260,"Destiny of the Republic: A Tale of Madness, Medicine and the Murder of a President",Candice Millard,,,not_found
9780316166290,"The Brass Verdict (Harry Bosch, #14; Mickey Haller, #2; Harry Bosch Universe, #17)",Michael Connelly,,,not_found
9780553560720,Dark Force Rising,Timothy Zahn,,,not_found
9780060929790,Black Boy,"Richard Wright, Jerry W. Ward Jr.",,,not_found
9781408852590,"The Assassin's Blade (Throne of Glass, #0.1-0.5)",Sarah J. Maas,https://covers.openlibrary.org/b/isbn/9781408852590-L.jpg,covers/9781408852590.jpg,ok_openlibrary
9780060575810,The Two Princesses of Bamarre,Gail Carson Levine,,,not_found
9780446678450,Cane River,Lalita Tademy,,,not_found
9780765305240,"Phantom (Sword of Truth, #10)",Terry Goodkind,,,not_found
9780553384150,Flags of Our Fathers,"James D. Bradley, Ron Powers",,,not_found
9780525444470,"The World of Winnie-the-Pooh (Winnie-the-Pooh, #1-2)","A.A. Milne, Ernest H. Shepard",,,not_found
,"Twisted Perfection (Rosemary Beach, #5; Perfection, #1)",Abbi Glines,,,not_found
9780807059100,The Story of My Experiments With Truth,Mahatma Gandhi,,,not_found
9780553587580,Foundation and Earth (Foundation #5),Isaac Asimov,,,not_found
9780425179610,It's Not About the Bike: My Journey Back to Life,"Lance Armstrong, Sally Jenkins",,,not_found
9781560760470,"Sojourn (Forgotten Realms: The Dark Elf Trilogy, #3; Legend of Drizzt, #3)",R.A. Salvatore,,,not_found
9780340896990,Us,David Nicholls,,,not_found
9780552152940,"Moving Pictures (Discworld, #10; Industrial Revolution, #1)",Terry Pratchett,http://books.google.com/books/content?id=0IJtkM7d6Q0C&printsec=frontcover&img=1&zoom=1&source=gbs_api,covers/9780552152940.jpg,ok_googlebooks
9780785135810,"Ender's Game, Volume 1: Battle School (Ender's Saga)","Christopher Yost, Orson Scott Card, Pasqual Ferry, Frank D'Armata",,,not_found
9780385344340,"Never Go Back (Jack Reacher, #18)",Lee Child,https://covers.openlibrary.org/b/isbn/9780385344340-L.jpg,covers/9780385344340.jpg,ok_openlibrary
2940011444940,"Captive in the Dark (The Dark Duet, #1)",C.J. Roberts,,,not_found
9780553580230,False Memory,Dean Koontz,,,not_found
9781421527550,"Kimi ni Todoke: From Me to You, Vol. 1","Karuho Shiina, Tomo Kimura",,,not_found
9781585425650,As a Man Thinketh,James Allen,,,not_found
9780393064640,Bonk: The Curious Coupling of Science and Sex,Mary Roach,,,not_found
9780310321910,One Thousand Gifts: A Dare to Live Fully Right Where You Are,Ann Voskamp,,,not_found
9780451222380,"Midnight Alley (The Morganville Vampires, #3)",Rachel Caine,,,not_found
9780006479760,"Executive Orders (Jack Ryan Universe, #9)",Tom Clancy,,,not_found
9780553418770,The Little Paris Bookshop,"Nina George, Simon Pare",http://books.google.com/books/content?id=jneJDQAAQBAJ&printsec=frontcover&img=1&zoom=1&edge=curl&source=gbs_api,covers/9780553418770.jpg,ok_googlebooks
9780747545260,Psycho,Robert Bloch,,,not_found
9781560254550,Where Eagles Dare ,"Alistair MacLean, Clint Willis",,,not_found
9780006498860,"Ship of Magic (Liveship Traders, #1)",Robin Hobb,,,not_found
9781502784280,Milk and Honey,Rupi Kaur,,,not_found
9780224097000,H is for Hawk,Helen Macdonald,https://covers.openlibrary.org/b/isbn/9780224097000-L.jpg,covers/9780224097000.jpg,ok_openlibrary
9780425170340,"Rainbow Six (Jack Ryan Universe, #10)",Tom Clancy,,,not_found
9780099498600,Circle of Friends,Maeve Binchy,,,not_found
,"The Short Drop (Gibson Vaughn, #1)",Matthew FitzSimmons,,,not_found
9780060515220,Fragile Things: Short Fictions and Wonders,Neil Gaiman,,,not_found
,"Beautiful Oblivion (The Maddox Brothers, #1)",Jamie McGuire,,,not_found
9780765377070,"The Three-Body Problem (Remembrance of Earth’s Past, #1)","Liu Cixin, Ken Liu",,,not_found
9780224097380,Sweet Tooth,Ian McEwan,,,not_found
9780749942010,Sister,Rosamund Lupton,,,not_found
9780743255070,The Autobiography of Benjamin Franklin,"Benjamin Franklin, Lewis Leary",,,not_found
9780385721420,Three Junes,Julia Glass,,,not_found
9780525950490,The Reason for God: Belief in an Age of Skepticism,Timothy J. Keller,,,not_found
,"Flat-Out Love (Flat-Out Love, #1)",Jessica Park,,,not_found
9781937007480,"King of Thorns (The Broken Empire, #2)",Mark  Lawrence,,,not_found
9781250000970,"The Sins of the Father (The Clifton Chronicles, #2)",Jeffrey Archer,,,not_found
9780061031330,"Thief of Time (Discworld, #26; Death, #5)",Terry Pratchett,http://books.google.com/books/content?id=FwLRlgEACAAJ&printsec=frontcover&img=1&zoom=1&source=gbs_api,covers/9780061031330.jpg,ok_googlebooks
9781401201910,Superman: Red Son,"Mark Millar, Kilian Plunkett, Andrew Robinson, Walden Wong, Dave Johnson",,,not_found
9780060725110,"Shadowland (The Mediator, #1)",Meg Cabot,,,not_found
9781591396190,Blue Ocean Strategy: How To Create Uncontested Market Space And Make The Competition Irrelevant,"W. Chan Kim, Renée Mauborgne",,,not_found
9780152026320,The Napping House,"Audrey Wood, Don    Wood",,,not_found
9780316036190,"Fang (Maximum Ride, #6)",James Patterson,,,not_found
9780553807230,The Peach Keeper,Sarah Addison Allen,,,not_found
9780061566130,"Killer (Pretty Little Liars, #6)",Sara Shepard,,,not_found
9780812515280,"A Fire Upon the Deep (Zones of Thought, #1)",Vernor Vinge,,,not_found
9780060590290,"You Suck (A Love Story, #2)",Christopher Moore,,,not_found
9781577311960,"Practicing the Power of Now: Essential Teachings, Meditations, and Exercises from the Power of Now",Eckhart Tolle,,,not_found
9780061935080,"Firelight (Firelight, #1)",Sophie Jordan,,,not_found
9780679844840,Put Me in the Zoo,Robert Lopshire,,,not_found
9780156453810,Invisible Cities,"Italo Calvino, William Weaver",,,not_found
9780385323280,"The Face on the Milk Carton (Janie Johnson, #1)",Caroline B. Cooney,,,not_found
,Wreckage,Emily Bleeker,,,not_found
9780452281420,"The Claiming of Sleeping Beauty (Sleeping Beauty, #1)","A.N. Roquelaure, Anne Rice",,,not_found
9781741666700,The Narrow Road to the Deep North,Richard Flanagan,,,not_found
9782221090730,Hell's Angels: A Strange and Terrible Saga,Hunter S. Thompson,,,not_found
9780143116230,"The Midwife: A Memoir of Birth, Joy, and Hard Times",Jennifer Worth,,,not_found
9781451617730,Then Came You,Jennifer Weiner,,,not_found
9780061020000,"The Awakening (The Vampire Diaries, #1)",L.J. Smith,,,not_found
9780380776830,"It Had to Be You (Chicago Stars, #1)",Susan Elizabeth Phillips,,,not_found
9780743294270,Fly Away Home,Jennifer Weiner,http://books.google.com/books/content?id=Um6VWhXvliEC&printsec=frontcover&img=1&zoom=1&edge=curl&source=gbs_api,covers/9780743294270.jpg,ok_googlebooks
9780140447640,The Red and the Black,"Stendhal, Roger Gard",,,not_found
9780340893610,"Incarceron (Incarceron, #1)",Catherine Fisher,,,not_found
9780743269260,"The Virgin's Lover (The Plantagenet and Tudor Novels, #13)",Philippa Gregory,,,not_found
9780312624680,"Awake at Dawn (Shadow Falls, #2)",C.C. Hunter,,,not_found
9780743477890,Undaunted Courage: The Pioneering First Mission to Explore America's Wild Frontier,Stephen E. Ambrose,,,not_found
9780451213040,The Road to the Dark Tower: Exploring Stephen King's Magnum Opus,Bev Vincent,,,not_found
9780312590990,"Night Star (The Immortals, #5)",Alyson Noel,,,not_found
9780062011990,"Starcrossed (Starcrossed, #1)",Josephine Angelini,,,not_found
9780553282990,Dead Poets Society,N.H. Kleinbaum,,,not_found
9780552154220,"The Fifth Elephant (Discworld, #24; City Watch, #5)",Terry Pratchett,,,not_found
9781741661290,"The Sorcerer in the North (Ranger's Apprentice, #5)",John Flanagan,,,not_found
9780590431970,"Scary Stories to Tell in the Dark (Scary Stories, #1)","Alvin Schwartz, Stephen Gammell",,,not_found
9780345522500,"Hexed (The Iron Druid Chronicles, #2)",Kevin Hearne,,,not_found
9780876120840,Autobiography of a Yogi,Paramahansa Yogananda,,,not_found
9780525955090,Fool Me Once,Harlan Coben,,,not_found
9780679721030,Hiroshima,John Hersey,,,not_found
9780062235660,The Distance Between Us,Kasie West,,,not_found
,Nimona,Noelle Stevenson,,,not_found
9780316041450,Hate List,Jennifer Brown,,,not_found
9780517223120,"A History of God: The 4,000-Year Quest of Judaism, Christianity, and Islam",Karen Armstrong,,,not_found
9780143039970,Twenty Love Poems and a Song of Despair,"Pablo Neruda, W.S. Merwin, Cristina García",,,not_found
,Oranges Are Not the Only Fruit,Jeanette Winterson,,,not_found
,"Grounded (Up in the Air, #3)",R.K. Lilley,,,not_found
9780316129080,"Abaddon's Gate (The Expanse, #3)",James S.A. Corey,,,not_found
9780140449100,Utopia,"Thomas More, Paul Turner",,,not_found
9780316113660,"The Name of This Book Is Secret (Secret, #1)","Pseudonymous Bosch, Gilbert Ford",,,not_found
9780425116840,"The Cardinal of the Kremlin (Jack Ryan Universe, #5)",Tom Clancy,,,not_found
9780590930020,"No, David!",David Shannon,,,not_found
9780062280670,"Dorothy Must Die (Dorothy Must Die, #1)",Danielle  Paige,,,not_found
9780062282710,Bad Feminist,Roxane Gay,,,not_found
9780385501120,The Particular Sadness of Lemon Cake,Aimee Bender,http://books.google.com/books/content?id=t-54Xipkw6EC&printsec=frontcover&img=1&zoom=1&source=gbs_api,covers/9780385501120.jpg,ok_googlebooks
9780553804800,The Husband,Dean Koontz,,,not_found
9780375814260,Danny the Champion of the World,"Roald Dahl, Quentin Blake",,,not_found
9781594202840,Battle Hymn of the Tiger Mother,Amy Chua,,,not_found
9780385722210,Balzac and the Little Chinese Seamstress,"Dai Sijie, Ina Rilke",,,not_found
9780446610220,"The Big Bad Wolf  (Alex Cross, #9)",James Patterson,,,not_found
9780671729480,"Petals on the Wind (Dollanganger, #2)",V.C. Andrews,,,not_found
9780393343440,Boomerang: Travels in the New Third World,Michael   Lewis,,,not_found
9781400052580,Everyday Italian: 125 Simple and Delicious Recipes,Giada De Laurentiis,,,not_found
9780446619040,"Mary, Mary (Alex Cross, #11)",James Patterson,,,not_found
9788188575700,I Too Had a Love Story,Ravinder Singh,,,not_found
9780064401490,"Mrs. Piggle-Wiggle (Mrs. Piggle Wiggle, #1)","Betty MacDonald, Alexandra Boiger",,,not_found
9780312941920,"Trunk Music (Harry Bosch, #5; Harry Bosch Universe, #6)",Michael Connelly,,,not_found
9780062265420,"10% Happier: How I Tamed the Voice in My Head, Reduced Stress Without Losing My Edge, and Found Self-Help That Actually Works",Dan   Harris,,,not_found
9781400054340,Barefoot Contessa at Home: Everyday Recipes You'll Make Over and Over Again,"Ina Garten, Quentin Bacon",,,not_found
,When I Found You,Catherine Ryan Hyde,,,not_found
9780425204700,"From Potter's Field (Kay Scarpetta, #6)",Patricia Cornwell,,,not_found
9780446690450,"Blood Work (Harry Bosch Universe, #8; Terry McCaleb #1)",Michael Connelly,,,not_found
9781857989340,The Gods Themselves,Isaac Asimov,,,not_found
9780060838740,"Ahab's Wife, or The Star-Gazer",Sena Jeter Naslund,,,not_found
,"While It Lasts (Sea Breeze, #3)",Abbi Glines,,,not_found
9780316905720,"A Living Nightmare (Cirque Du Freak, #1)",Darren Shan,,,not_found
9781563898590,"The League of Extraordinary Gentlemen, Vol. 1","Alan Moore, Kevin O'Neill",,,not_found
,"All In (The Blackstone Affair, #2)",Raine Miller,,,not_found
9780763622600,Feed,M.T. Anderson,,,not_found
9780486275480,Medea,"Euripides, Rex Warner",,,not_found
9780345470580,"Tsubasa: RESERVoir CHRoNiCLE, Vol. 01","CLAMP, Anthony Gerard",http://books.google.com/books/content?id=4q1eswEACAAJ&printsec=frontcover&img=1&zoom=1&source=gbs_api,covers/9780345470580.jpg,ok_googlebooks
9780842314300,Hinds' Feet on High Places,Hannah Hurnard,,,not_found
9780425226930,"Angels' Blood (Guild Hunter, #1)",Nalini Singh,,,not_found
,"Witch & Wizard (Witch & Wizard, #1)","James Patterson, Gabrielle Charbonnet",,,not_found
9781423118240,"The Demon King (Seven Realms, #1)",Cinda Williams Chima,,,not_found
9780375423800,Black Hole,Charles Burns,,,not_found
9780545060480,"The Viper's Nest (39 Clues, #7)",Peter Lerangis,,,not_found
9781607069320,"Saga, Vol. 3 (Saga, #3)","Brian K. Vaughan, Fiona Staples",,,not_found
9780804178750,"Personal (Jack Reacher, #19)",Lee Child,,,not_found
9781250028650,Z: A Novel of Zelda Fitzgerald,Therese Anne Fowler,,,not_found
9780812977360,A Man Without a Country,Kurt Vonnegut Jr.,,,not_found
9780316017700,"7th Heaven (Women's Murder Club, #7)","James Patterson, Maxine Paetro",,,not_found
9780307594040,The End of Your Life Book Club,Will Schwalbe,,,not_found
,Archer's Voice,Mia Sheridan,,,not_found
9780593073900,"Make Me (Jack Reacher, #20)",Lee Child,,,not_found
9781101883080,Lilac Girls,Martha Hall Kelly,,,not_found
9781741661350,"The Siege of Macindaw (Ranger's Apprentice, #6)",John Flanagan,,,not_found
9780770436420,A Constellation of Vital Phenomena,Anthony Marra,,,not_found
9781416913180,Two-Way Street,Lauren Barnholdt,,,not_found
9781416903380,"Emperor Mage (Immortals, #3)",Tamora Pierce,,,not_found
9781563894460,"Transmetropolitan, Vol. 1: Back on the Street (Transmetropolitan, #1)","Warren Ellis, Darick Robertston, Garth Ennis",,,not_found
9780064400590,"Julie of the Wolves (Julie of the Wolves, #1)","Jean Craighead George, John Schoenherr",,,not_found
9780330397800,Forever . . .,Judy Blume,,,not_found
9781476728740,The Wright Brothers,David McCullough,,,not_found
9780307590620,Decision Points,George W. Bush,,,not_found
9780752858560,The Matarese Circle (Matarese #1),Robert Ludlum,,,not_found
9781400063250,American Lion: Andrew Jackson in the White House,Jon Meacham,,,not_found
9780446573050,"The Forgotten (John Puller, #2)",David Baldacci,,,not_found
9780765378550,"Shadows of Self (Mistborn, #5)",Brandon Sanderson,,,not_found
9780006280900,The Four Loves,C.S. Lewis,,,not_found
9780345807950,"Mad About the Boy (Bridget Jones, #3)",Helen Fielding,,,not_found
9780425244140,The Lost Wife,Alyson Richman,,,not_found
9780679724770,"I, Claudius (Claudius, #1)",Robert Graves,,,not_found
9780847826470,History of Beauty,"Umberto Eco, Girolamo De Michele, Alastair McEwen",,,not_found
9780547959110,"The Testing (The Testing, #1)",Joelle Charbonneau,,,not_found
9780345542880,"Takedown Twenty (Stephanie Plum, #20)",Janet Evanovich,http://books.google.com/books/content?id=s4aODQAAQBAJ&printsec=frontcover&img=1&zoom=1&edge=curl&source=gbs_api,covers/9780345542880.jpg,ok_googlebooks
9780375814690,"Terrier (Beka Cooper, #1)",Tamora Pierce,,,not_found
9781469984020,The Boy Who Sneaks in My Bedroom Window,Kirsty Moseley,,,not_found
9781596437140,Anya's Ghost,Vera Brosgol,,,not_found
9780312662750,"First Grave on the Right (Charley Davidson, #1)",Darynda Jones,,,not_found
9780786942470,"The Crystal Shard (Forgotten Realms: Icewind Dale, #1; Legend of Drizzt, #4)",R.A. Salvatore,,,not_found
9780679781490,The Rules of Attraction,Bret Easton Ellis,,,not_found
9780060572980,"The Good, the Bad, and the Undead (The Hollows, #2)",Kim Harrison,,,not_found
9780140274220,Wide Sargasso Sea,Jean Rhys,,,not_found
9780552148030,"King of the Murgos (The Malloreon, #2)",David Eddings,,,not_found
9780316134070,"Dreams of Gods & Monsters (Daughter of Smoke & Bone, #3)",Laini Taylor,,,not_found
9780316296200,The Magus,John Fowles,,,not_found
9781476785590,"You (You, #1)",Caroline Kepnes,,,not_found
9780060288140,"On the Bright Side, I'm Now the Girlfriend of a Sex God (Confessions of Georgia Nicolson, #2)",Louise Rennison,,,not_found
9781402784030,"Tiger's Curse (The Tiger Saga, #1)",Colleen Houck,,,not_found
9780385525010,Playing for Pizza,John Grisham,,,not_found
9780441102680,Chapterhouse: Dune (Dune Chronicles #6),Frank Herbert,,,not_found
9780142000200,Icy Sparks,Gwyn Hyman Rubio,,,not_found
9780399252520,Brown Girl Dreaming,Jacqueline Woodson,,,not_found
9780449000660,"J is for Judgment (Kinsey Millhone, #10)",Sue Grafton,,,not_found
9780345476170,"The Templar Legacy (Cotton Malone, #1)",Steve Berry,,,not_found
9780316081050,"Feed (Newsflesh Trilogy, #1)",Mira Grant,,,not_found
,War Brides,Helen Bryan,,,not_found
9780553213190,"Anne's House of Dreams (Anne of Green Gables, #5)",L.M. Montgomery,,,not_found
9781401340900,The Physick Book of Deliverance Dane,Katherine Howe,,,not_found
9781451651690,A House in the Sky,"Amanda Lindhout, Sara Corbett",https://covers.openlibrary.org/b/isbn/9781451651690-L.jpg,covers/9781451651690.jpg,ok_openlibrary
9780575082460,Best Served Cold,Joe Abercrombie,,,not_found
9780312997140,"Not a Penny More, Not a Penny Less",Jeffrey Archer,,,not_found
9781743342370,"Lick (Stage Dive, #1)",Kylie Scott,,,not_found
9780062309660,Elizabeth Is Missing,Emma Healey,,,not_found
9780679444330,The Warmth of Other Suns: The Epic Story of America's Great Migration,Isabel Wilkerson,,,not_found
9781416505010,"Consent to Kill (Mitch Rapp, #8)",Vince Flynn,,,not_found
9780765310030,"Deadhouse Gates (The Malazan Book of the Fallen, #2)",Steven Erikson,,,not_found
9780316399620,The First Fifteen Lives of Harry August,Claire North,,,not_found
9780062206280,"The Prisoner of Heaven (The Cemetery of Forgotten Books, #3)",Carlos Ruiz Zafón,,,not_found
9781599951490,"The Monuments Men: Allied Heroes, Nazi Thieves, and the Greatest Treasure Hunt in History","Robert M. Edsel, Bret Witter",,,not_found
9780439829110,"Tomorrow, When the War Began (Tomorrow, #1)",John Marsden,,,not_found
9780345476100,The Guns of August,"Barbara W. Tuchman, Robert K. Massie",,,not_found
9780393068470,Packing for Mars: The Curious Science of Life in the Void,Mary Roach,,,not_found
9780374346680,Love Letters to the Dead,Ava Dellaira,,,not_found
9780671047340,"Separation of Power (Mitch Rapp, #5)",Vince Flynn,,,not_found
9780785132620,"Kick-Ass (Kick-Ass, #1)","Mark Millar, John Romita Jr., Rob Liefeld",,,not_found
9780060652390,A Grief Observed,C.S. Lewis,,,not_found
9780061449120,"Plague (Gone, #4)",Michael  Grant,,,not_found
9780446195510,"Divine Justice (Camel Club, #4)",David Baldacci,http://books.google.com/books/content?id=JrAinwEACAAJ&printsec=frontcover&img=1&zoom=1&source=gbs_api,covers/9780446195510.jpg,ok_googlebooks
9781101947140,Homegoing,Yaa Gyasi,,,not_found
9782877068160,La Vérité sur l'affaire Harry Quebert,Joël Dicker,,,not_found
9781401908970,Left to Tell: Discovering God Amidst the Rwandan Holocaust,"Immaculée Ilibagiza, Steve Erwin",,,not_found
9780321107210,Hard Times,Charles Dickens,,,not_found
9780316176540,A God in Ruins,Kate Atkinson,,,not_found
9780373802490,"Magic Study (Study, #2)",Maria V. Snyder,,,not_found
,"Existence (Existence Trilogy, #1)",Abbi Glines,,,not_found
9780525951580,Caught,Harlan Coben,,,not_found
9781931514930,"Chobits, Vol. 1","CLAMP, Shirley Kubo",,,not_found
9781569317780,Battle Royale,"Koushun Takami, Yuji Oniki",,,not_found
9780553807220,The Girl Who Chased the Moon,Sarah Addison Allen,,,not_found
9781842323010,A Town Like Alice,Nevil Shute,,,not_found
9780445406510,Crocodile on the Sandbank (Amelia Peabody #1),Elizabeth Peters,,,not_found
9780399169270,#GIRLBOSS,Sophia Amoruso,,,not_found
9780425230080,"Bed of Roses (Bride Quartet, #2)",Nora Roberts,,,not_found
9780156904360,Till We Have Faces,C.S. Lewis,,,not_found
9780425181120,Strangers,Dean Koontz,,,not_found
9780451209340,"The Kill Artist (Gabriel Allon, #1)",Daniel Silva,http://books.google.com/books/content?id=UYtfnzIouQEC&printsec=frontcover&img=1&zoom=1&source=gbs_api,covers/9780451209340.jpg,ok_googlebooks
9780778325310,The Secret Life of CeeCee Wilkes,Diane Chamberlain,,,not_found
9780142406120,"Point Blank (Alex Rider, #2)",Anthony Horowitz,,,not_found
9780747541610,"The Gashlycrumb Tinies (The Vinegar Works, #1)",Edward Gorey,,,not_found
9781844280600,"Knuffle Bunny: A Cautionary Tale (Knuffle Bunny, #1)",Mo Willems,,,not_found
9780062067750,"The Long Earth (The Long Earth, #1)","Terry Pratchett, Stephen Baxter",,,not_found
9780446691440,The War of Art: Break Through the Blocks & Win Your Inner Creative Battles,"Steven Pressfield, Robert McKee",,,not_found
9780679723060,What We Talk About When We Talk About Love,Raymond Carver,,,not_found
9781250010700,"Necessary Lies (Necessary Lies, #1)",Diane Chamberlain,,,not_found
9780670061100,That Summer,Sarah Dessen,,,not_found
9780451530170,Of Human Bondage,"W. Somerset Maugham, Benjamin DeMott, Maeve Binchy",,,not_found
9780449208140,Lucifer's Hammer,"Larry Niven, Jerry Pournelle",,,not_found
9780425205750,Montana Sky,Nora Roberts,http://books.google.com/books/content?id=ftCIDwAAQBAJ&printsec=frontcover&img=1&zoom=1&edge=curl&source=gbs_api,covers/9780425205750.jpg,ok_googlebooks
9780451471480,I Was Here,Gayle Forman,,,not_found
9780425147580,"Debt of Honor (Jack Ryan Universe, #8)",Tom Clancy,https://covers.openlibrary.org/b/isbn/9780425147580-L.jpg,covers/9780425147580.jpg,ok_openlibrary
9780525467270,"The Complete Tales and Poems of Winnie-the-Pooh (Winnie-the-Pooh, #1-4)","A.A. Milne, Ernest H. Shepard",,,not_found
9780553584530,"Alone (Detective D.D. Warren, #1)",Lisa Gardner,,,not_found
9780395169610,Mike Mulligan and His Steam Shovel,Virginia Lee Burton,,,not_found
9781423368990,"Happy Ever After (Bride Quartet, #4)",Nora Roberts,,,not_found
9780062278780,"Divergent Series Complete Box Set (Divergent, #1-3)",Veronica Roth,,,not_found
9780316187750,"Theft of Swords (The Riyria Revelations, #1-2)",Michael J. Sullivan,,,not_found
9780140230280,Harvesting the Heart,Jodi Picoult,,,not_found
9780062104890,"The School for Good and Evil (The School for Good and Evil, #1)",Soman Chainani,,,not_found
9780061161640,"Making Money (Discworld, #36; Moist Von Lipwig, #2)",Terry Pratchett,,,not_found
9780060788380,"For a Few Demons More (The Hollows, #5)",Kim Harrison,,,not_found
9780765365440,"Mistborn Trilogy Boxed Set (Mistborn, #1-3)",Brandon Sanderson,,,not_found
9780670026330,"The Secret Place (Dublin Murder Squad, #5)",Tana French,,,not_found
9780671024090,"The Coffin Dancer (Lincoln Rhyme, #2)",Jeffery Deaver,,,not_found
9780545060490,"The Emperor's Code (The 39 Clues, #8)",Gordon Korman,,,not_found
9781423157520,"Never Fade (The Darkest Minds, #2)",Alexandra Bracken,,,not_found
645573003012,"Sailor Moon, #1 (Sailor Moon, #1)",Naoko Takeuchi,,,not_found
9780062218360,Think Like a Freak,"Steven D. Levitt, Stephen J. Dubner",,,not_found
9780765304960,"Ender in Exile (Ender's Saga, #1.2)",Orson Scott Card,,,not_found
9780545327000,Drama,"Raina Telgemeier, Gurihiru",,,not_found
9780743260050,Assassination Vacation,Sarah Vowell,,,not_found
9780380014310,Nine Princes in Amber (The Chronicles of Amber #1),Roger Zelazny,,,not_found
9781451693560,The Museum of Extraordinary Things,Alice Hoffman,,,not_found
9780385418870,The Power of Myth,"Joseph Campbell, Bill Moyers",,,not_found
9781476764020,As You Wish: Inconceivable Tales from the Making of The Princess Bride,"Cary Elwes, Joe Layden, Various, Rob Reiner",,,not_found
9780385351230,Longbourn,Jo Baker,,,not_found
9780316069410,"The Drop (Harry Bosch, #17; Harry Bosch Universe, #21)",Michael Connelly,https://covers.openlibrary.org/b/isbn/9780316069410-L.jpg,covers/9780316069410.jpg,ok_openlibrary
9780765375860,"Lock In (Lock In, #1)",John Scalzi,,,not_found
9780062217130,The Beginning of Everything,Robyn Schneider,,,not_found
9780722536540,The Fifth Mountain,Paulo Coelho,,,not_found
9780399230040,"Good Night, Gorilla",Peggy Rathmann,,,not_found
9780545060460,"In Too Deep (The 39 Clues, #6)",Jude Watson,,,not_found
9780345545830,"Claim Me (Stark Trilogy, #2)",J. Kenner,,,not_found
9780425194850,"Undead and Unwed (Undead, #1)",MaryJanice Davidson,https://covers.openlibrary.org/b/isbn/9780425194850-L.jpg,covers/9780425194850.jpg,ok_openlibrary
9780515133880,"Narcissus in Chains (Anita Blake, Vampire Hunter, #10)",Laurell K. Hamilton,,,not_found
9781840187170,Catch Me If You Can: The True Story of a Real Fake,"Frank W. Abagnale, Stan Redding",,,not_found
9780684865190,The Seat of the Soul,Gary Zukav,,,not_found
9780062071040,"Partials (Partials Sequence, #1)",Dan Wells,,,not_found
9780061566080,"Wicked (Pretty Little Liars, #5)",Sara Shepard,,,not_found
9780062259650,Bird Box,Josh Malerman,,,not_found
9780758278460,What She Left Behind,Ellen Marie Wiseman,http://books.google.com/books/content?id=XVgVAgAAQBAJ&printsec=frontcover&img=1&zoom=1&edge=curl&source=gbs_api,covers/9780758278460.jpg,ok_googlebooks
9780618773470,The Worst Hard Time: The Untold Story of Those Who Survived the Great American Dust Bowl,Timothy Egan,,,not_found
9780670037770,Special Topics in Calamity Physics,Marisha Pessl,,,not_found
9780618164420,The Complete Adventures of Curious George,"Margret Rey, H.A. Rey",,,not_found
9781416516350,"Transfer of Power (Mitch Rapp, #3)",Vince Flynn,,,not_found
9780060931730,Ariel,Sylvia Plath,,,not_found
9780451219950,"The Last Templar (Templar, #1)",Raymond Khoury,,,not_found
9780060735420,"Practical Demonkeeping (Pine Cove, #1)",Christopher Moore,,,not_found
,"The Kiss of Deception (The Remnant Chronicles, #1)",Mary E. Pearson,,,not_found
9781401235410,"Batman, Volume 1: The Court of Owls","Scott Snyder, Greg Capullo, Jonathan Glapion",,,not_found
9780060932140,The Book of Laughter and Forgetting,"Milan Kundera, Aaron Asher",,,not_found
9780345518510,Official Book Club Selection: A Memoir According to Kathy Griffin,Kathy Griffin,,,not_found
9780446407410,Dewey: The Small-Town Library Cat Who Touched the World,"Vicki Myron, Bret Witter",https://covers.openlibrary.org/b/isbn/9780446407410-L.jpg,covers/9780446407410.jpg,ok_openlibrary
9780440222650,The Horse Whisperer,Nicholas Evans,,,not_found
9781580627570,Why Men Love Bitches: From Doormat to Dreamgirl—A Woman's Guide to Holding Her Own in a Relationship,Sherry Argov,,,not_found
9780061566170,"Wanted (Pretty Little Liars, #8)",Sara Shepard,,,not_found
9780486272630,Flatland: A Romance of Many Dimensions,"Edwin A. Abbott, Banesh Hoffmann",,,not_found
9780375851800,The Spectacular Now,Tim Tharp,,,not_found
9780060788700,"The Outlaw Demon Wails (The Hollows, #6)",Kim Harrison,,,not_found
9780061129740,The Art of Loving,"Erich Fromm, Peter D. Kramer, Rainer Funk",,,not_found
9780316126110,"The Diviners (The Diviners, #1)",Libba Bray,,,not_found
9780439791430,"Gregor and the Code of Claw (Underland Chronicles, #5)",Suzanne Collins,,,not_found
9780380821210,"Eric (Discworld, #9; Rincewind #4)",Terry Pratchett,,,not_found
9780553381540,Beach Music,Pat Conroy,,,not_found
9781563890930,A Game of You (The Sandman #5),"Neil Gaiman, Shawn McManus, Colleen Doran, Bryan Talbot, George Pratt, Stan Woch, Dick Giordano, Todd Klein",,,not_found
9780842313070,"An Echo in the Darkness (Mark of the Lion, #2)",Francine Rivers,,,not_found
9780413771160,"The Truth (Discworld, #25; Industrial Revolution, #2)",Terry Pratchett,,,not_found
9780399157230,The Weird Sisters,Eleanor Brown,,,not_found
9780440184620,"Tai-Pan (Asian Saga, #2)",James Clavell,,,not_found
9781932796780,"Dragons of Winter Night (Dragonlance: Chronicles, #2)","Margaret Weis, Tracy Hickman",,,not_found
9780060731490,The Other Side of the Story,Marian Keyes,,,not_found
9780312358340,The Leftovers,Tom Perrotta,,,not_found
9780060920430,Flow: The Psychology of Optimal Experience,Mihaly Csikszentmihalyi,,,not_found
9780312949810,"Mine Till Midnight (The Hathaways, #1)",Lisa Kleypas,,,not_found
9781439177810,Unbearable Lightness: A Story of Loss and Gain,Portia de Rossi,,,not_found
9781416522910,All the President's Men,"Carl Bernstein, Bob Woodward",,,not_found
9780399254830,Wolfsbane (Nightshade #2; Nightshade World #5),Andrea Cremer,,,not_found
9780141439620,The Mill on the Floss,"George Eliot, A.S. Byatt",,,not_found
9781400066410,Super Sad True Love Story,Gary Shteyngart,,,not_found
9780441068810,"The Blue Sword (Damar, #1)",Robin McKinley,,,not_found
9780451239360,"Lover at Last (Black Dagger Brotherhood, #11)",J.R. Ward,,,not_found
9781595144520,Vampire Academy: The Ultimate Guide (Vampire Academy),"Michelle Rowen, Richelle Mead",,,not_found
9780006280840,Surprised by Joy: The Shape of My Early Life,C.S. Lewis,,,not_found
9780465026560,"Gödel, Escher, Bach: An Eternal Golden Braid",Douglas R. Hofstadter,,,not_found
9780375828780,"Trickster's Queen (Daughter of the Lioness, #2)",Tamora Pierce,,,not_found
9780805005010,"The Poetry of Robert Frost (Collected Poems, Complete & Unabridged)","Robert Frost, Edward Connery Lathem",,,not_found
9780316212820,"This Is What Happy Looks Like (This is What Happy Looks Like, #1)",Jennifer E. Smith,,,not_found
9780310245650,What's So Amazing About Grace?,Philip Yancey,,,not_found
9781416595200,"Kill Shot (Mitch Rapp, #2)",Vince Flynn,,,not_found
9780553381660,"The Plains of Passage (Earth's Children, #4)",Jean M. Auel,,,not_found
9780743437320,"The Merchant of Death (Pendragon, #1)",D.J. MacHale,,,not_found
9780316159420,The Bookseller of Kabul,"Åsne Seierstad, Ingrid Christopherson",,,not_found
9781416510570,"Fatal Voyage (Temperance Brennan, #4)",Kathy Reichs,,,not_found
9780345497510,The City & the City,China Miéville,,,not_found
9780441017030,"Magic Strikes (Kate Daniels, #3)",Ilona Andrews,,,not_found
9781478322310,"My Favorite Mistake (My Favorite Mistake, #1)",Chelsea M. Cameron,,,not_found
9781419711330,"Hard Luck (Diary of a Wimpy Kid, #8)",Jeff Kinney,,,not_found
9780446545240,"Angel (Maximum Ride, #7)",James Patterson,,,not_found
9780425176080,Airport,Arthur Hailey,,,not_found
9780791071690,Kurt Vonnegut's Cat's Cradle (Modern Critical Interpretations),"Harold Bloom, Terry Southern, David H. Goldsmith, James Lundquist, Lawrence R. Broer, Peter J. Reed, Loree Rackstraw, William S. Doxey, Jerome Klinkowitz, Richard Giannone, John L. Simons, Leonard Mustazza, Zoltan Ab di-Nagy, Peter Freese, Wendy B. Faris",,,not_found
9780192751070,"Ramona the Brave (Ramona, #3)","Beverly Cleary, Alan Tiegreen",,,not_found
9780553564920,The Last Command,Timothy Zahn,,,not_found
9781416584090,Just After Sunset,Stephen King,,,not_found
9781616960930,The Emperor's Soul,Brandon Sanderson,,,not_found
9780786851710,Sold,Patricia McCormick,,,not_found
9780192839000,Eugene Onegin,"Alexander Pushkin, James E. Falen",,,not_found
9781423171030,"These Broken Stars (Starbound, #1)","Amie Kaufman, Meagan Spooner",,,not_found
9780316015060,"Double Cross (Alex Cross, #13)",James Patterson,,,not_found
9780689862210,The View from Saturday,E.L. Konigsburg,,,not_found
9780312594430,"Hidden (House of Night, #10)","P.C. Cast, Kristin Cast",,,not_found
9780439286060,"Freak the Mighty (Freak The Mighty, #1)",Rodman Philbrick,https://covers.openlibrary.org/b/isbn/9780439286060-L.jpg,covers/9780439286060.jpg,ok_openlibrary
9781423121330,"Spell Bound (Hex Hall, #3)",Rachel Hawkins,,,not_found
9780446679080,"Plum Island (John Corey, #1)",Nelson DeMille,,,not_found
9781557091550,"The Secret of the Old Clock (Nancy Drew, #1)","Carolyn Keene, Russell H. Tandy, Sara Paretsky",,,not_found
9780345459210,"Big Stone Gap (Big Stone Gap, #1)",Adriana Trigiani,,,not_found
9780743454510,Second Glance,Jodi Picoult,,,not_found
9781563127880,The Lottery,Shirley Jackson,,,not_found
9780060775970,"The Story of Doctor Dolittle (Doctor Dolittle, #1)","Hugh Lofting, Michael Hague",,,not_found
9780694012980,"Frog and Toad Together (Frog and Toad, #2)",Arnold Lobel,,,not_found
,Maude,Donna Mabry,,,not_found
9780345485760,"The Alexandria Link (Cotton Malone, #2)",Steve Berry,,,not_found
9780061797030,"The Gathering (Darkness Rising, #1)",Kelley Armstrong,,,not_found
9781501116970,The Japanese Lover,"Isabel Allende, Nick Caistor, Amanda Hopkinson",,,not_found
9781595143200,"The Fiery Heart (Bloodlines, #4)",Richelle Mead,,,not_found
9780441018530,"Magic Bleeds (Kate Daniels, #4)",Ilona Andrews,,,not_found
9780552154160,"Jingo (Discworld, #21; City Watch, #4)",Terry Pratchett,,,not_found
9780312353260,A Woman of Substance (Emma Harte Saga #1),Barbara Taylor Bradford,,,not_found
2940014979630,"Crash (Crash, #1)",Nicole  Williams,,,not_found
9780375753730,Sons and Lovers,"D.H. Lawrence, Geoff Dyer",,,not_found
9780553589380,"Kiss of Midnight (Midnight Breed,  #1)",Lara Adrian,,,not_found
9780670062270,"Eon: Dragoneye Reborn (Eon, #1)",Alison Goodman,https://covers.openlibrary.org/b/isbn/9780670062270-L.jpg,covers/9780670062270.jpg,ok_openlibrary
9781455521210,"The Hit (Will Robie, #2)",David Baldacci,,,not_found
9780441013680,"Count Zero (Sprawl, #2)",William Gibson,,,not_found
9780316051590,Twenty Boy Summer,Sarah Ockler,,,not_found
9781605980930,"The Ice Princess (Patrik Hedström, #1)","Camilla Läckberg, Steven T. Murray",,,not_found
9780446677480,Rich Dad's Cashflow Quadrant: Rich Dad's Guide to Financial Freedom,"Robert T. Kiyosaki, Sharon L. Lechter",,,not_found
9780765316970,The Last Colony (Old Man's War #3),John Scalzi,,,not_found
9781400064660,Peony in Love,Lisa See,,,not_found
9780767907810,Bookends,Jane Green,,,not_found
9780060283280,If You Take a Mouse to School,"Laura Joffe Numeroff, Felicia Bond",,,not_found
9781476771430,"Finding Cinderella (Hopeless, #2.5)",Colleen Hoover,,,not_found
9781416507770,Where Are the Children?,Mary Higgins Clark,,,not_found
9780060086240,Last Chance Saloon,Marian Keyes,,,not_found
9781482348740,"Beauty from Pain (Beauty, #1)",Georgia Cates,,,not_found
9780441328090,"The Hero and the Crown (Damar, #2)",Robin McKinley,http://books.google.com/books/content?id=iDppPwAACAAJ&printsec=frontcover&img=1&zoom=1&source=gbs_api,covers/9780441328090.jpg,ok_googlebooks
9781593080300,The Metamorphosis and Other Stories,"Franz Kafka, Jason Baker, Donna Freed",,,not_found
9780451528190,Sir Gawain and the Green Knight ,"Unknown, Burton Raffel, Neil D. Isaacs",,,not_found
,"Because of Low (Sea Breeze, #2)",Abbi Glines,,,not_found
9780060791570,The Space Between Us,Thrity Umrigar,,,not_found
9780345326490,Desert Solitaire,Edward Abbey,,,not_found
9780140621330,"Three Men in a Boat (Three Men, #1)",Jerome K. Jerome,,,not_found
9780312306340,"Plum Lovin' (Stephanie Plum, #12.5)",Janet Evanovich,,,not_found
9780517223540,Sarum: The Novel of England,Edward Rutherfurd,,,not_found
9781595620160,Strengths Finder 2.0,Tom Rath,,,not_found
9780006178740,Rage of Angels,Sidney Sheldon,,,not_found
9781595144330,"Vampire Academy Box Set (Vampire Academy, #1-4)",Richelle Mead,,,not_found
9781429981930,"Everlasting (The Immortals, #6)",Alyson Noel,,,not_found
9781481280760,"A Shade of Vampire (A Shade of Vampire, #1)",Bella Forrest,,,not_found
9780312350000,Cocktails for Three,Madeleine Wickham,,,not_found
9780553381350,The Right Stuff,Tom Wolfe,,,not_found
9780345476980,"Vanish (Rizzoli & Isles, #5)",Tess Gerritsen,,,not_found
9780060566680,"Fluke: Or, I Know Why the Winged Whale Sings",Christopher Moore,,,not_found
9781594487570,Girl in Translation,Jean Kwok,,,not_found
9781579124570,Leonardo's Notebooks,"Leonardo da Vinci, H. Anna Suh",,,not_found
9780062014560,"Panic (Panic, #1)",Lauren Oliver,,,not_found
9780345450750,Between Sisters,Kristin Hannah,,,not_found
9781477808700,"Wayward (Wayward Pines, #2)",Blake Crouch,,,not_found
9780060882080,"Queste (Septimus Heap, #4)","Angie Sage, Mark Zug",,,not_found
9780553536520,Finding Audrey,Sophie Kinsella,,,not_found
9780375706850,My Name is Red,"Orhan Pamuk, Erdağ M. Göknar",,,not_found
9780913668690,"The Moosewood Cookbook: Recipes from Moosewood Restaurant, Ithaca, New York",Mollie Katzen,,,not_found
9780007158480,Fox in Socks,Dr. Seuss,,,not_found
9780671227420,The Teachings of Don Juan: A Yaqui Way of Knowledge ,Carlos Castaneda,,,not_found
9780786839180,"The Warrior Heir (The Heir Chronicles, #1)",Cinda Williams Chima,,,not_found
9780446573110,"The Sixth Man (Sean King & Michelle Maxwell, #5)",David Baldacci,,,not_found
9780345542920,"Top Secret Twenty-One (Stephanie Plum, #21)",Janet Evanovich,,,not_found
9780689878370,Stone Soup,Marcia Brown,,,not_found
9781842431290,Another Roadside Attraction,Tom Robbins,https://covers.openlibrary.org/b/isbn/9781842431290-L.jpg,covers/9781842431290.jpg,ok_openlibrary
9781852864990,Death: The High Cost of Living Collected,"Neil Gaiman, Chris Bachalo, Mark Buckingham, Tori Amos",,,not_found
9780062208190,"Destroy Me (Shatter Me, #1.5)",Tahereh Mafi,,,not_found
9780757910840,Harry Potter and the Chamber of Secrets: Sheet Music for Flute with C.D,John   Williams,,,not_found
9780310241640,Christy,Catherine Marshall,,,not_found
9780553588070,"Gone (Quincy & Rainie, #5)",Lisa Gardner,,,not_found
9781416949660,"The Dark Is Rising (The Dark is Rising, #2)",Susan Cooper,,,not_found
9781400062750,Mindset: The New Psychology of Success,Carol S. Dweck,,,not_found
9780006280930,The Problem of Pain,C.S. Lewis,,,not_found
9780451205420,The Door to December,"Richard Paige, Dean Koontz",,,not_found
9780374239210,Purity,Jonathan Franzen,,,not_found
,"Love Unrehearsed (Love, #2)",Tina Reber,,,not_found
9780747266920,"Four Blind Mice (Alex Cross, #8)",James Patterson,,,not_found
9780312364110,True Colors,Kristin Hannah,,,not_found
9780385334240,"Slapstick, or Lonesome No More!",Kurt Vonnegut Jr.,,,not_found
9780812975220,Fooled by Randomness: The Hidden Role of Chance in Life and in the Markets,Nassim Nicholas Taleb,,,not_found
9780375705240,Founding Brothers: The Revolutionary Generation,Joseph J. Ellis,,,not_found
9780553565070,Forward the Foundation (Foundation: Prequel #2),Isaac Asimov,,,not_found
9780871917720,The Tell-Tale Heart,"Edgar Allan Poe, Byron Glaser, Bill D. Fountain",https://covers.openlibrary.org/b/isbn/9780871917720-L.jpg,covers/9780871917720.jpg,ok_openlibrary
9780425213970,"Labyrinth (Languedoc, #1)",Kate Mosse,,,not_found
9780099478330,The French Lieutenant's Woman,John Fowles,,,not_found
9783401063480,"Saphirblau (Edelstein-Trilogie, #2)",Kerstin Gier,,,not_found
9780307700670,"Going Clear: Scientology, Hollywood, and the Prison of Belief",Lawrence Wright,,,not_found
,ثلاثية غرناطة,"Radwa Ashour, رضوى عاشور",,,not_found
9780920236160,The Paper Bag Princess,"Robert Munsch, Michael Martchenko",,,not_found
9780486223060,The Rime of the Ancient Mariner,"Samuel Taylor Coleridge, Gustave Doré",,,not_found
9780759529430,"Twilight: The Graphic Novel, Vol. 1 (Twilight: The Graphic Novel, #1)","Young Kim, Stephenie Meyer",,,not_found
9780582461500,Tortilla Flat,John Steinbeck,,,not_found
9781563891370,Brief Lives (The Sandman #7),"Neil Gaiman, Jill Thompson, Vince Locke, Peter Straub",,,not_found
9780375828260,"The People of Sparks (Book of Ember, #2)",Jeanne DuPrau,,,not_found
9780061720770,"Nightfall (The Vampire Diaries: The Return, #1)",L.J. Smith,,,not_found
9781563891070,Fables and Reflections (The Sandman #6),"Neil Gaiman, Bryan Talbot, Stan Woch, P. Craig Russell, Shawn McManus, John Watkiss, Jill Thompson, Duncan Eagleson, Kent Williams, Todd Klein",,,not_found
9780142406140,"Eagle Strike (Alex Rider, #4)",Anthony Horowitz,,,not_found
9780739418380,Valley of the Dolls,Jacqueline Susann,,,not_found
9781620401390,"The Bone Season (The Bone Season, #1)",Samantha Shannon,,,not_found
9780141439970,Little Dorrit,"Charles Dickens, Helen Small, Stephen Wall",,,not_found
9780375760390,The Source,James A. Michener,,,not_found
9781400033550,You Shall Know Our Velocity!,Dave Eggers,,,not_found
9780689853490,We're Going on a Bear Hunt,"Michael Rosen, Helen Oxenbury",,,not_found
9780374506840,Narcissus and Goldmund,"Hermann Hesse, Ursule Molinaro",,,not_found
9780399156570,The Search,Nora Roberts,http://books.google.com/books/content?id=oWo_nwEACAAJ&printsec=frontcover&img=1&zoom=1&source=gbs_api,covers/9780399156570.jpg,ok_googlebooks
9780345352670,"Guardians of the West (The Malloreon, #1)",David Eddings,,,not_found
9781595142720,"Vampire Academy Collection (Vampire Academy, #1-3)",Richelle Mead,,,not_found
9780446613380,"Honeymoon (Honeymoon, #1)","James Patterson, Howard Roughan",,,not_found
9780440421860,How to Eat Fried Worms,Thomas Rockwell,,,not_found
9780345461630,Pandora's Star,Peter F. Hamilton,,,not_found
9780439224060,The Raven and other poems,"Edgar Allan Poe, Philip Pullman",,,not_found
9780062330260,Trigger Warning: Short Fictions and Disturbances,Neil Gaiman,,,not_found
9780684825360,Lincoln,David Herbert Donald,,,not_found
9781480114490,"The Proposition (The Proposition, #1)",Katie Ashley,,,not_found
9780545060450,Beyond the Grave (The 39 Clues #4),Jude Watson,,,not_found
9780441015830,"Magic Burns (Kate Daniels, #2)",Ilona Andrews,,,not_found
9780425213380,"Cause of Death (Kay Scarpetta, #7)",Patricia Cornwell,,,not_found
9780393307050,Master and Commander,Patrick O'Brian,,,not_found
9780441009430,Revelation Space,Alastair Reynolds,,,not_found
9780575077360,"Dragon Ball, Vol. 1: The Monkey King (Dragon Ball, #1)",Akira Toriyama,,,not_found
9781416980060,"Tales from a Not-So-Fabulous Life (Dork Diaries, #1)",Rachel Renée Russell,,,not_found
9780312652910,"Wicked Appetite (Lizzy & Diesel, #1)",Janet Evanovich,,,not_found
9781416509880,A Hunger Like No Other (Immortals After Dark #2),Kresley Cole,,,not_found
9781595143980,"A Million Suns (Across the Universe, #2)",Beth Revis,,,not_found
,Trail of Broken Wings,Sejal Badani,,,not_found
9780316096160,"Private (Private, #1)","James Patterson, Maxine Paetro",,,not_found
9781841493150,"The High Lord (Black Magician Trilogy, #3)",Trudi Canavan,,,not_found
9780062107310,The Valley of Amazement,Amy Tan,,,not_found
9780802130300,Ficciones,"Jorge Luis Borges, Anthony Kerrigan, Anthony Bonner",,,not_found
9780452287080,Confessions of an Economic Hit Man,John Perkins,,,not_found
9780778327400,The Weight of Silence,Heather Gudenkauf,https://covers.openlibrary.org/b/isbn/9780778327400-L.jpg,covers/9780778327400.jpg,ok_openlibrary
9780394724550,Gift from the Sea,Anne Morrow Lindbergh,,,not_found
9780425141240,"Winter Prey (Lucas Davenport, #5)",John Sandford,,,not_found
9780062004020,"Die for Me (Revenants, #1)",Amy Plum,,,not_found
9780684843320,The Complete Short Stories,Ernest Hemingway,,,not_found
9780143039020,The Quiet American,"Graham Greene, Robert  Stone",https://covers.openlibrary.org/b/isbn/9780143039020-L.jpg,covers/9780143039020.jpg,ok_openlibrary
9780060734080,Fairest,Gail Carson Levine,,,not_found
9780671037700,"Dandelion Wine (Green Town, #1)",Ray Bradbury,,,not_found
9780099470470,The Collector,John Fowles,,,not_found
9780099267550,Timequake,Kurt Vonnegut Jr.,,,not_found
9780385528760,Switch: How to Change Things When Change Is Hard,"Chip Heath, Dan Heath",,,not_found
,"The Rithmatist (The Rithmatist, #1)",Brandon Sanderson,,,not_found
9780446694860,Three Weeks With My Brother,"Nicholas Sparks, Micah Sparks",,,not_found
9780062188500,The Orchardist,Amanda Coplin,,,not_found
,"Mystery Man (Dream Man, #1)",Kristen Ashley,,,not_found
9780812966300,"King Solomon's Mines (Allan Quatermain, #1)",H. Rider Haggard,,,not_found
9780767919400,"One Summer: America, 1927",Bill Bryson,,,not_found
9780752876820,Evening Class,Maeve Binchy,,,not_found
9781857239010,"The Talismans of Shannara (Heritage of Shannara, #4)",Terry Brooks,,,not_found
9780385494240,Amsterdam,Ian McEwan,,,not_found
9780808516960,"Anne of Windy Poplars (Anne of Green Gables, #4)",L.M. Montgomery,,,not_found
9780140441760,A Hero of Our Time,"Mikhail Lermontov, Paul Foote",,,not_found
9780812966010,Theodore Rex,Edmund Morris,,,not_found
9780385340560,"Nothing to Lose (Jack Reacher, #12)",Lee Child,,,not_found
9780312289520,The Christmas Shoes (Christmas Hope #1),Donna VanLiere,,,not_found
9780762424930,Skinny Bitch,"Rory Freedman, Kim Barnouin",,,not_found
9781101874080,Adultery,Paulo Coelho,,,not_found
2940016356940,"Falling into You (Falling, #1)",Jasinda Wilder,,,not_found
9780395181580,Curious George Goes to the Hospital,"Margret Rey, H.A. Rey",,,not_found
9780099471370,The Mummy (Ramses the Damned #1),Anne Rice,https://covers.openlibrary.org/b/isbn/9780099471370-L.jpg,covers/9780099471370.jpg,ok_openlibrary
9780743452920,"The Bride (Lairds' Fiancées, #1)",Julie Garwood,,,not_found
9780805080520,The High King (The Chronicles of Prydain #5),Lloyd Alexander,https://covers.openlibrary.org/b/isbn/9780805080520-L.jpg,covers/9780805080520.jpg,ok_openlibrary
9780553805090,The Snowball: Warren Buffett and the Business of Life,Alice Schroeder,,,not_found
9781741662090,"Erak's Ransom (Ranger's Apprentice, #7)",John Flanagan,,,not_found
9780375706870,Snow,"Orhan Pamuk, Maureen Freely",,,not_found
9780525953490,Missing You,Harlan Coben,,,not_found
9780345447870,"The Apprentice (Rizzoli & Isles, #2)",Tess Gerritsen,,,not_found
9781741663020,"Halt's Peril (Ranger's Apprentice, #9)",John Flanagan,,,not_found
9780842300520,The Atonement Child,Francine Rivers,https://covers.openlibrary.org/b/isbn/9780842300520-L.jpg,covers/9780842300520.jpg,ok_openlibrary
9780307098220,Betty Crocker's Cookbook,Betty Crocker,,,not_found
9780312367470,Elsewhere,Gabrielle Zevin,,,not_found
9780316117360,The Quickie,"James Patterson, Michael Ledwidge",,,not_found
9780525952280,Stay Close,Harlan Coben,,,not_found
9780316013950,"Step on a Crack (Michael Bennett, #1)","James Patterson, Michael Ledwidge",,,not_found
9780061284470,"Hourglass (Evernight, #3)",Claudia Gray,,,not_found
9780803738550,Counting by 7s,Holly Goldberg Sloan,,,not_found
9780300122240,"Nudge: Improving Decisions About Health, Wealth, and Happiness","Richard H. Thaler, Cass R. Sunstein",,,not_found
9780345490650,"A Kiss of Shadows (Merry Gentry, #1)",Laurell K. Hamilton,,,not_found
9780743453970,"Executive Power (Mitch Rapp, #6)",Vince Flynn,,,not_found
9781400095930,"Dearly Devoted Dexter (Dexter, #2)",Jeff Lindsay,,,not_found
9781423368880,"Savor the Moment (Bride Quartet, #3)","Nora Roberts, Angela Dawe",,,not_found
9780765319850,Little Brother,Cory Doctorow,,,not_found
9780062509600,The Essential Rumi,"Jalaluddin Rumi, Coleman Barks",,,not_found
9781476717780,Inside the O'Briens,Lisa Genova,,,not_found
9780765348810,"Memories of Ice (The Malazan Book of the Fallen, #3)",Steven Erikson,,,not_found
9781416908170,"The Realms of the Gods (Immortals, #4)",Tamora Pierce,,,not_found
9780553807060,"Odd Hours (Odd Thomas, #4)",Dean Koontz,,,not_found
9780451220900,"The Dead Girls' Dance (The Morganville Vampires, #2)",Rachel Caine,,,not_found
9780374193680,The Lover's Dictionary,David Levithan,,,not_found
9781599869700,The Most Dangerous Game,Richard Connell,,,not_found
9780155050910,Art Through the Ages ,"Helen Gardner, Fred S. Kleiner, Christin J. Mamiya",,,not_found
9781857231330,"The Wishsong of Shannara (The Original Shannara Trilogy, #3)",Terry Brooks,,,not_found
9780439656240,"Gregor and the Curse of the Warmbloods (Underland Chronicles, #3)",Suzanne Collins,,,not_found
,"Seduced in the Dark (The Dark Duet, #2)",C.J. Roberts,,,not_found
9780553805500,The Sugar Queen,Sarah Addison Allen,,,not_found
,The Warlord Wants Forever (Immortals After Dark #1),Kresley Cole,,,not_found
9780983157230,"Pure (Covenant, #2)",Jennifer L. Armentrout,,,not_found
9780373772320,The Darkest Kiss (Lords of the Underworld #2),Gena Showalter,,,not_found
9780007189880,Purple Hibiscus,Chimamanda Ngozi Adichie,,,not_found
9780345522480,"Hammered (The Iron Druid Chronicles, #3)",Kevin Hearne,,,not_found
9781416509880,No Rest for the Wicked (Immortals After Dark #3),Kresley Cole,,,not_found
9781416599400,"Extreme Measures (Mitch Rapp, #11)",Vince Flynn,,,not_found
9781632150780,"Saga, Vol. 4 (Saga, #4)","Brian K. Vaughan, Fiona Staples",,,not_found
9780743299400,No One Belongs Here More Than You,Miranda July,,,not_found
9781476759550,"A Beautiful Wedding (Beautiful, #2.5)",Jamie McGuire,,,not_found
9781400068320,Sisterland,Curtis Sittenfeld,,,not_found
9780307272590,Bad Monkey,Carl Hiaasen,,,not_found
9781594488870,"Juliet, Naked",Nick Hornby,,,not_found
9781558749210,Chicken Soup for the Soul,"Jack Canfield, Mark Victor Hansen",,,not_found
9780684847820,Good Faeries/Bad Faeries,"Brian Froud, Terry Windling",,,not_found
9780446617580,"The Concrete Blonde (Harry Bosch, #3; Harry Bosch Universe, #3)",Michael Connelly,,,not_found
9780349116660,"Tears of the Giraffe (No. 1 Ladies' Detective Agency, #2)",Alexander McCall Smith,,,not_found
9780385333510,Bluebeard,Kurt Vonnegut Jr.,,,not_found
9780061051590,Carpe Jugulum (Discworld #23; Witches #6),Terry Pratchett,,,not_found
9780316043880,The Island,Elin Hilderbrand,,,not_found
9780451822190,Cycle of the Werewolf,"Stephen King, Bernie Wrightson",,,not_found
9780316334520,The Rumor,Elin Hilderbrand,,,not_found
9780142401100,The Devil's Arithmetic,Jane Yolen,,,not_found
,لا تحزن,عائض القرني,,,not_found
9780140432110,Agnes Grey,"Anne Brontë, Angeline Goreau",,,not_found
9780007233690,Thanks for the Memories,Cecelia Ahern,,,not_found
9780375708280,"Isaac's Storm: A Man, a Time, and the Deadliest Hurricane in History",Erik Larson,,,not_found
9780141184270,Orlando,Virginia Woolf,,,not_found
9780312347290,The World Without Us,Alan Weisman,,,not_found
9780399153720,Angels Fall,Nora Roberts,,,not_found
9780312362160,Acheron (Dark-Hunter #14),Sherrilyn Kenyon,,,not_found
9780765317580,"One Second After (After, #1)",William R. Forstchen,,,not_found
9781416595170,"Pursuit of Honor (Mitch Rapp, #12)",Vince Flynn,,,not_found
9780385413050,South of Broad,Pat Conroy,,,not_found
9781400031700,The Little Friend,Donna Tartt,,,not_found
9780803733060,"Savvy (Savvy, #1)",Ingrid Law,,,not_found
9781416953590,"Fade (Wake, #2)",Lisa McMann,,,not_found
9780676977740,The Birth House,Ami McKay,,,not_found
9780446613350,"London Bridges (Alex Cross, #10)",James Patterson,,,not_found
9788173711470,Wings of Fire: An Autobiography,"A.P.J. Abdul Kalam, Arun Tiwari",,,not_found
,"Crooked Kingdom (Six of Crows, #2)",Leigh Bardugo,,,not_found
9780062113930,"The Ripper (The Vampire Diaries: Stefan's Diaries, #4)","L.J. Smith, Kevin Williamson, Julie Plec",,,not_found
9780399160300,Salt to the Sea,Ruta Sepetys,,,not_found
9781423113490,"Percy Jackson and the Olympians (Percy Jackson and the Olympians, #1-3)",Rick Riordan,,,not_found
9780345511770,The Book of Basketball: The NBA According to The Sports Guy,Bill Simmons,,,not_found
9780618212900,The Lord of the Rings: The Art of The Fellowship of the Ring,Gary Russell,,,not_found
9781579126260,"The Body in the Library (Miss Marple, #3)",Agatha Christie,,,not_found
9780448421650,The Story About Ping,"Marjorie Flack, Kurt Wiese",,,not_found
9781416986560,"Tales from a Not-So-Popular Party Girl (Dork Diaries, #2)",Rachel Renée Russell,,,not_found
9781402244420,"Backstage Pass (Sinners on Tour, #1)",Olivia Cunning,,,not_found
,حوار مع صديقي الملحد,مصطفى محمود,,,not_found
9781400065940,The All-Girl Filling Station's Last Reunion,Fannie Flagg,,,not_found
9780060885380,"Farmer Boy (Little House, #3)","Laura Ingalls Wilder, Garth Williams",,,not_found
9781591842800,Start with Why: How Great Leaders Inspire Everyone to Take Action,Simon Sinek,,,not_found
9780452287050,Bastard Out of Carolina,Dorothy Allison,,,not_found
9780525951120,"Daemon (Daemon, #1)",Daniel Suarez,,,not_found
9781594204110,The Signal and the Noise: Why So Many Predictions Fail - But Some Don't,Nate Silver,http://books.google.com/books/content?id=ykSKDQAAQBAJ&printsec=frontcover&img=1&zoom=1&edge=curl&source=gbs_api,covers/9781594204110.jpg,ok_googlebooks
9780439895970,Beauty Queens,Libba Bray,,,not_found
9780446677130,The Burden of Proof,Scott Turow,,,not_found
,"UnEnchanted (An Unfortunate Fairy Tale, #1)",Chanda Hahn,,,not_found
,"The Bedwetter: Stories of Courage, Redemption, and Pee",Sarah Silverman,,,not_found
9780679767800,The Stars My Destination,"Alfred Bester, Neil Gaiman",,,not_found
9780375714380,"Born Free: A Lioness of Two Worlds (Story of Elsa, #1)",Joy Adamson,,,not_found
9780062224740,"Cruel Beauty (Cruel Beauty Universe, #1)",Rosamund Hodge,,,not_found
9780439968090,"Trickster's Choice (Daughter of the Lioness, #1)",Tamora Pierce,,,not_found
9780553572990,"The Rise of Endymion (Hyperion Cantos, #4)",Dan Simmons,,,not_found
9780553572940,"Endymion (Hyperion Cantos, #3)",Dan Simmons,,,not_found
9780734406940,The Arrival,Shaun Tan,,,not_found
9780786891080,Shopgirl,Steve Martin,,,not_found
9780385743600,"Calamity (The Reckoners, #3)",Brandon Sanderson,,,not_found
9780451528640,The Adventures of Tom Sawyer & Adventures of Huckleberry Finn,Mark Twain,,,not_found
9780307596900,The Woman Upstairs,Claire Messud,http://books.google.com/books/content?id=wGuDngEACAAJ&printsec=frontcover&img=1&zoom=1&source=gbs_api,covers/9780307596900.jpg,ok_googlebooks
9780743451500,The Beautiful and Damned,F. Scott Fitzgerald,,,not_found
9780060842350,"The Stupidest Angel: A Heartwarming Tale of Christmas Terror (Pine Cove, #3)",Christopher Moore,,,not_found
9780192833720,Confessions,"Augustine of Hippo, Henry Chadwick, Albert Cook Outler",,,not_found
9781594486240,The Painted Girls,Cathy Marie Buchanan,,,not_found
9781101875900,Our Souls at Night,Kent Haruf,,,not_found
9780393332150,"The Talented Mr. Ripley (Ripley, #1)",Patricia Highsmith,,,not_found
9780440164840,"Noble House (Asian Saga, #5)",James Clavell,,,not_found
9780802720870,"Chain Reaction (Perfect Chemistry, #3)",Simone Elkeles,,,not_found
9780515130390,Carolina Moon,Nora Roberts,,,not_found
9784088745530,NARUTO -ナルト- 巻ノ四十三,Masashi Kishimoto,,,not_found
9780843955290,"Dark Prince (Dark, #1)",Christine Feehan,,,not_found
9780316216850,The Shining Girls,Lauren Beukes,,,not_found
9780812998690,Slade House,David Mitchell,,,not_found
9780393061730,The Zookeeper's Wife,Diane Ackerman,,,not_found
9780099468200,Bleachers,John Grisham,,,not_found
9789953891220,com نسيان,"أحلام مستغانمي, Ahlam Mosteghanemi",,,not_found
9780061214680,"Ink Exchange (Wicked Lovely, #2)",Melissa Marr,,,not_found
9780316253020,An Astronaut's Guide to Life on Earth,Chris Hadfield,,,not_found
9780007158490,Hop On Pop,Dr. Seuss,,,not_found
9780439682590,"Harry Potter Boxed Set, Books 1-5 (Harry Potter, #1-5)","J.K. Rowling, Mary GrandPré",,,not_found
9780440236730,Gone for Good,Harlan Coben,,,not_found
9780590414270,"Inside the Human Body (The Magic School Bus, #3)","Joanna Cole, Bruce Degen",,,not_found
9780142406140,"Skeleton Key (Alex Rider, #3)",Anthony Horowitz,,,not_found
9780446611630,"Lost Light (Harry Bosch, #9; Harry Bosch Universe, #11)",Michael Connelly,,,not_found
9780545522250,"The Iron Trial (Magisterium, #1)","Holly Black, Cassandra Clare",,,not_found
9780006498860,"The Mad Ship (Liveship Traders, #2)",Robin Hobb,,,not_found
9780440423220,"A Game of Thrones: The Graphic Novel, Vol. 1","Daniel Abraham, George R.R. Martin, Tommy Patterson",,,not_found
9780061728910,"The Carrie Diaries (The Carrie Diaries, #1)",Candace Bushnell,,,not_found
9780671042580,Jewel,Bret Lott,,,not_found
9780062300800,"The World of Divergent: The Path to Allegiant (Divergent, #2.5)",Veronica Roth,,,not_found
9780060093360,"Vampire Kisses (Vampire Kisses, #1)",Ellen Schreiber,,,not_found
9789776376440,في قلبي أنثى عبرية,خولة حمدي,,,not_found
9780756402980,"Stone of Farewell (Memory, Sorrow, and Thorn, #2)",Tad Williams,,,not_found
9780517203380,The Exploits of Sherlock Holmes,"Adrian Conan Doyle, John Dickson Carr",,,not_found
9780312577220,"Fly Away (Firefly Lane, #2)",Kristin Hannah,,,not_found
9780812976180,One True Thing,Anna Quindlen,,,not_found
9780842329220,"Tribulation Force (Left Behind, #2)","Tim LaHaye, Jerry B. Jenkins",,,not_found
9781841493140,"The Novice (Black Magician Trilogy, #2)",Trudi Canavan,,,not_found
9780316016380,Then We Came to the End,Joshua Ferris,,,not_found
9780553575650,"Ship of Destiny (Liveship Traders, #3)",Robin Hobb,,,not_found
9780988369470,"One Week Girlfriend (One Week Girlfriend, #1)",Monica  Murphy,,,not_found
9780385536070,Calico Joe,John Grisham,,,not_found
9781591163300,"Hana-Kimi, Vol. 1 (Hana-Kimi, #1)","Hisaya Nakajo, David Ury",,,not_found
9780143116390,Food Rules: An Eater's Manual,Michael Pollan,,,not_found
9780765343440,"Daughter of the Forest  (Sevenwaters, #1)",Juliet Marillier,,,not_found
9789991373770,Freckle Juice,Judy Blume,,,not_found
9780767913740,The River of Doubt: Theodore Roosevelt's Darkest Journey,Candice Millard,,,not_found
9780517266560,Just So Stories,Rudyard Kipling,,,not_found
9780451463650,"Side Jobs: Stories from the Dresden Files (The Dresden Files, #12.5)",Jim Butcher,,,not_found
9780374521350,Camera Lucida: Reflections on Photography,"Roland Barthes, Richard Howard",,,not_found
9780778317710,Pretty Baby,Mary Kubica,,,not_found
9780804111100,The Hundred Secret Senses,Amy Tan,,,not_found
9781591843160,Linchpin: Are You Indispensable?,Seth Godin,https://covers.openlibrary.org/b/isbn/9781591843160-L.jpg,covers/9781591843160.jpg,ok_openlibrary
9780060593090,"Quicksilver (The Baroque Cycle, #1)",Neal Stephenson,,,not_found
9781250040150,My Story,"Elizabeth  Smart, Chris Stewart",,,not_found
9780385524940,The Gargoyle,Andrew Davidson,,,not_found
9780810959260,"The Fairy-Tale Detectives (The Sisters Grimm, #1)","Michael Buckley, Peter Ferguson",,,not_found
9781596435700,"Birthmarked (Birthmarked, #1)",Caragh M. O'Brien,,,not_found
9780061231160,"Skulduggery Pleasant (Skulduggery Pleasant, #1)","Derek Landy, Tom Percival",,,not_found
9780552144290,Mort: The Play,"Terry Pratchett, Stephen Briggs",,,not_found
9780156717200,The Philosophy of Andy Warhol (From A to B and Back Again),Andy Warhol,,,not_found
9780452285450,The Lady and the Unicorn,Tracy Chevalier,,,not_found
9780140439050,A Christmas Carol and Other Christmas Writings,"Charles Dickens, Michael Slater",,,not_found
9780141185260,Pale Fire,Vladimir Nabokov,,,not_found
9781409114000,A Week in Winter,Maeve Binchy,https://covers.openlibrary.org/b/isbn/9781409114000-L.jpg,covers/9781409114000.jpg,ok_openlibrary
9781609452230,Those Who Leave and Those Who Stay (The Neapolitan Novels #3),"Elena Ferrante, Ann Goldstein",https://covers.openlibrary.org/b/isbn/9781609452230-L.jpg,covers/9781609452230.jpg,ok_openlibrary
9780399229190,The Very Busy Spider,Eric Carle,,,not_found
9780385351840,One More Thing: Stories and Other Stories,B.J. Novak,,,not_found
,"The Bands of Mourning (Mistborn, #6)",Brandon Sanderson,,,not_found
9780451227200,"Carpe Corpus (The Morganville Vampires, #6)",Rachel Caine,,,not_found
9780312421700,Complications: A Surgeon's Notes on an Imperfect Science,"Atul Gawande, Susanne Kuhlmann-Krieg",https://covers.openlibrary.org/b/isbn/9780312421700-L.jpg,covers/9780312421700.jpg,ok_openlibrary
9780552144320,Men at Arms: The Play,"Terry Pratchett, Stephen Briggs",,,not_found
9780062220970,"Asylum (Asylum, #1)",Madeleine Roux,,,not_found
9780007491440,The Shock of the Fall,Nathan Filer,,,not_found
9780385540350,The Heart Goes Last,Margaret Atwood,,,not_found
9780060788190,"A Fistful of Charms (The Hollows, #4)",Kim Harrison,,,not_found
9780547386070,Imagine: How Creativity Works,Jonah Lehrer,,,not_found
9780316213100,The Coldest Girl in Coldtown,Holly Black,,,not_found
9780446615130,Skinny Dip,Carl Hiaasen,,,not_found
9781451693590,The Marriage of Opposites,Alice Hoffman,,,not_found
9781442423690,"UnWholly (Unwind, #2)",Neal Shusterman,,,not_found
9780451224640,"Feast of Fools (The Morganville Vampires, #4)",Rachel Caine,,,not_found
9781590521200,Desiring God: Meditations of a Christian Hedonist,John Piper,,,not_found
9780345532750,"Someday, Someday, Maybe",Lauren Graham,,,not_found
9780679733740,The Myth of Sisyphus and Other Essays,"Albert Camus, Justin O'Brien",,,not_found
9780062348680,Simon vs. the Homo Sapiens Agenda,Becky Albertalli,,,not_found
9781419704280,"Splintered (Splintered, #1)",A.G. Howard,,,not_found
9780140434780,Wives and Daughters,"Elizabeth Gaskell, Pam Morris",,,not_found
9780486275500,The Road Not Taken and Other Poems,Robert Frost,,,not_found
9780395181560,The Little House,Virginia Lee Burton,,,not_found
9780684826810,Survival in Auschwitz,"Primo Levi, Stuart J. Woolf, Philip Roth",,,not_found
9781423128200,"The Atlantis Complex (Artemis Fowl, #7)",Eoin Colfer,,,not_found
9781423104870,"The Wizard Heir (The Heir Chronicles, #2)",Cinda Williams Chima,,,not_found
9780345422410,Merrick (The Vampire Chronicles #7),Anne Rice,,,not_found
9780812972120,"The Mysterious Island (Extraordinary Voyages, #12)","Jules Verne, Caleb Carr, Jordan Stump",,,not_found
9780140296280,Girl in Hyacinth Blue,Susan Vreeland,,,not_found
9780525952060,Live Wire (Myron Bolitar #10),Harlan Coben,,,not_found
9781847374590,"The Lady of the Rivers (The Plantagenet and Tudor Novels, #1)",Philippa Gregory,,,not_found
,"The Last Town (Wayward Pines, #3)",Blake Crouch,,,not_found
9780446531090,"The Collectors (Camel Club, #2)",David Baldacci,,,not_found
9780767927570,Escape,"Carolyn Jessop, Laura Palmer",,,not_found
9780330316120,The Hitchhiker's Guide to the Galaxy: A Trilogy in Four Parts,Douglas Adams,,,not_found
9780575058090,"Maskerade (Discworld, #18; Witches #5)",Terry Pratchett,,,not_found
9780316156110,Consider the Lobster and Other Essays,David Foster Wallace,https://covers.openlibrary.org/b/isbn/9780316156110-L.jpg,covers/9780316156110.jpg,ok_openlibrary
9780552154180,"The Last Continent (Discworld, #22; Rincewind #6)",Terry Pratchett,,,not_found
9780345348650,"Lord Foul's Bane (The Chronicles of Thomas Covenant the Unbeliever, #1)",Stephen R. Donaldson,,,not_found
9780679882820,Dr. Seuss's ABC: An Amazing Alphabet Book! (Bright and Early Board Books),Dr. Seuss,,,not_found
9780060512640,Our Town,"Thornton Wilder, Donald Margulies, Tappan Wilder",,,not_found
9780684852870,"First, Break All the Rules: What the World's Greatest Managers Do Differently","Marcus Buckingham, Curt Coffman",,,not_found
9780446522600,The Winner,David Baldacci,,,not_found
9780061566160,"Heartless (Pretty Little Liars, #7)",Sara Shepard,,,not_found
9781442465950,Through the Woods,Emily Carroll,,,not_found
9780671661540,Sylvester and the Magic Pebble,William Steig,https://covers.openlibrary.org/b/isbn/9780671661540-L.jpg,covers/9780671661540.jpg,ok_openlibrary
9783522168570,Momo,Michael Ende,,,not_found
9780451474700,Saint Anything,Sarah Dessen,,,not_found
9780142407390,"Ark Angel (Alex Rider, #6)",Anthony Horowitz,,,not_found
9780553584510,The Taking,Dean Koontz,,,not_found
9780671729460,"If There Be Thorns (Dollanganger, #3)",V.C. Andrews,,,not_found
9780812966930,The Gambler,"Fyodor Dostoyevsky, Constance Garnett, Gary Saul Morson",,,not_found
9780399214580,Owl Moon,"Jane Yolen, John Schoenherr",,,not_found
9780808595040,The Collected Poems,"Sylvia Plath, Ted Hughes",,,not_found
9780393971670,Père Goriot,Honoré de Balzac,,,not_found
9780061655500,"Nemesis (Harry Hole, #4)","Jo Nesbø, Don Bartlett",,,not_found
9780312992420,"Night Play (Dark-Hunter #5, Were-Hunter #1)",Sherrilyn Kenyon,,,not_found
9788575425770,Aleph,Paulo Coelho,,,not_found
9780345467540,Magic Hour,Kristin Hannah,,,not_found
9780983212550,"Perfection (Neighbor from Hell, #2)",R.L. Mathewson,,,not_found
9780141357270,"Girl Online (Girl Online, #1)","Zoe Sugg, Siobhan Curham",,,not_found
9780441020010,"Frost Burned (Mercy Thompson, #7)",Patricia Briggs,https://covers.openlibrary.org/b/isbn/9780441020010-L.jpg,covers/9780441020010.jpg,ok_openlibrary
9780143039490,The Winter of Our Discontent,"John Steinbeck, Susan Shillinglaw",,,not_found
9781416940290,Caddie Woodlawn  (Caddie Woodlawn #1),Carol Ryrie Brink,,,not_found
9780679732180,"Absalom, Absalom!",William Faulkner,,,not_found
,"Driven (Driven, #1)",K. Bromberg,,,not_found
9780345542960,"Tricky Twenty-Two (Stephanie Plum, #22)",Janet Evanovich,,,not_found
9780670021250,Too Big to Fail: The Inside Story of How Wall Street and Washington Fought to Save the Financial System from Crisis — and Themselves,Andrew Ross Sorkin,,,not_found
9780830816510,Knowing God,J.I. Packer,,,not_found
9780316734950,"Echo Park (Harry Bosch, #12; Harry Bosch Universe, #14)",Michael Connelly,https://covers.openlibrary.org/b/isbn/9780316734950-L.jpg,covers/9780316734950.jpg,ok_openlibrary
9781563891700,Worlds' End (The Sandman #8),"Neil Gaiman, Mike Allred, Gary Amaro, Mark Buckingham, David Giordano, Tony Harris, Steve Leialoha, Vince Locke, Shea Anton Pensa, Alec Stevens, Bryan Talbot, John Watkiss, Todd Klein, Michael Zulli, Stephen King",,,not_found
9780385350280,The Twelve Tribes of Hattie,Ayana Mathis,https://covers.openlibrary.org/b/isbn/9780385350280-L.jpg,covers/9780385350280.jpg,ok_openlibrary
9780786938250,"The Halfling's Gem (Forgotten Realms: Icewind Dale, #3; Legend of Drizzt, #6)",R.A. Salvatore,,,not_found
9780312151260,The Far Pavilions,M.M. Kaye,,,not_found
9780688159320,The Ugly Duckling,"Hans Christian Andersen, Jerry Pinkney",,,not_found
9780525950610,Hold Tight,Harlan Coben,,,not_found
9780140013080,The Chrysalids,John Wyndham,,,not_found
9781563892040,The Kindly Ones (The Sandman #9),"Neil Gaiman, Marc Hempel, Richard Case, D'Israeli, Teddy Kristiansen, Glyn Dillon, Charles Vess, Dean Ormston, Kevin Nowlan, Todd Klein, Frank McConnell",,,not_found
9781878424440,The Mastery of Love: A Practical Guide to the Art of Relationship --Toltec Wisdom Book,Miguel Ruiz,,,not_found
9780099478450,The End of the Affair,"Graham Greene, Monica Ali",,,not_found
9781451617820,Who Do You Love,Jennifer Weiner,,,not_found
9780441017390,"Hunting Ground (Alpha & Omega, #2)",Patricia Briggs,,,not_found
,"Come Away with Me (With Me in Seattle, #1)",Kristen Proby,,,not_found
9780060512740,The Lathe of Heaven,Ursula K. Le Guin,,,not_found
9780671666070,Bambi,"Felix Salten, Barbara Cooney",,,not_found
9780345490380,The Dante Club,Matthew Pearl,,,not_found
,"Taking Chances (Taking Chances, #1)",Molly McAdams,,,not_found
9780140449080,The Histories,"Herodotus, Aubrey de Sélincourt, John M. Marincola",,,not_found
9780553382620,"The Shelters of Stone (Earth's Children, #5)",Jean M. Auel,,,not_found
9780061750440,The Winner Stands Alone,Paulo Coelho,,,not_found
9780449214190,Centennial,James A. Michener,,,not_found
9780061779820,"The Body Finder (The Body Finder, #1)",Kimberly Derting,,,not_found
9780099481250,Enduring Love,Ian McEwan,,,not_found
9781416925000,"Dragonsong (Harper Hall, #1)",Anne McCaffrey,,,not_found
9780375724830,Motherless Brooklyn,Jonathan Lethem,,,not_found
9780061929370,Pirate Latitudes,Michael Crichton,,,not_found
9780374404150,Annie on My Mind,Nancy Garden,,,not_found
9780552555710,"Noughts & Crosses (Noughts & Crosses, #1)",Malorie Blackman,,,not_found
9780385735350,"The Enchantress (The Secrets of the Immortal Nicholas Flamel, #6)",Michael Scott,,,not_found
9780486419310,Incidents in the Life of a Slave Girl,Harriet Jacobs,,,not_found
9780060763280,Secrets of the Millionaire Mind: Mastering the Inner Game of Wealth,T. Harv Eker,,,not_found
9781594202670,Washington: A Life,Ron Chernow,,,not_found
9780684802040,First Things First,"Stephen R. Covey, A. Roger Merrill, Rebecca R. Merrill",,,not_found
9783423124170,Wonder Boys,"Michael Chabon, Hans Hermann",,,not_found
9780307700000,The Buddha in the Attic,Julie Otsuka,,,not_found
9780312624700,"Taken at Dusk (Shadow Falls, #3)",C.C. Hunter,,,not_found
9780385538500,The Winter People,Jennifer McMahon,,,not_found
9780670021480,The Solitude of Prime Numbers,"Paolo Giordano, Shaun Whiteside",,,not_found
9780553379330,Fierce Invalids Home from Hot Climates,Tom Robbins,,,not_found
9780345458940,"Body Double (Rizzoli & Isles, #4)",Tess Gerritsen,,,not_found
9780061869710,"The Lying Game (The Lying Game, #1)",Sara Shepard,,,not_found
9780062224070,"Fortunately, the Milk","Neil Gaiman, Skottie Young",,,not_found
9781476753610,The Opposite of Loneliness: Essays and Stories,Marina Keegan,,,not_found
2940015136290,"Clash (Crash, #2)",Nicole  Williams,,,not_found
9780425212870,Slave to Sensation (Psy-Changeling #1),Nalini Singh,,,not_found
9780061558220,"The Fall (The Strain Trilogy, #2)","Guillermo del Toro, Chuck Hogan",,,not_found
9786144320650,فلتغفري,أثير عبدالله النشمي,,,not_found
9780545424980,"The Raven King (The Raven Cycle, #4)",Maggie Stiefvater,,,not_found
9780785190220,"Ms. Marvel, Vol. 1: No Normal","G. Willow Wilson, Adrian Alphona",,,not_found
9780449010880,Bringing Up Bébé: One American Mother Discovers the Wisdom of French Parenting,"Pamela Druckerman, Abby Craden",,,not_found
9780425192730,Portrait of a Killer: Jack the Ripper - Case Closed,Patricia Cornwell,,,not_found
9780060824980,"The Thief (The Queen's Thief, #1)",Megan Whalen Turner,,,not_found
9780473235500,Love & Misadventure,Lang Leav,,,not_found
9780755379290,When God Was a Rabbit,Sarah Winman,,,not_found
9781434767950,Forgotten God: Reversing Our Tragic Neglect of the Holy Spirit,"Francis Chan, Danae Yankoski",,,not_found
9780142403710,"Al Capone Does My Shirts (Al Capone at Alcatraz, #1)",Gennifer Choldenko,,,not_found
9780064472790,"Princess in the Spotlight (The Princess Diaries, #2)",Meg Cabot,,,not_found
9780486422460,Letters to a Young Poet,"Rainer Maria Rilke, Reginald Snell, Franz Xaver Kappus",,,not_found
9780060594660,"Crooked Letter, Crooked Letter",Tom Franklin,,,not_found
9781250003320,"Of Poseidon (The Syrena Legacy, #1)",Anna Banks,,,not_found
9780312984820,Night Embrace (Dark-Hunter #2),Sherrilyn Kenyon,,,not_found
9780446696590,"The Lake House (When the Wind Blows, #2)",James Patterson,,,not_found
9780879234620,Les Fleurs du Mal,"Charles Baudelaire, Richard Howard",,,not_found
9780061340640,Run,Ann Patchett,,,not_found
9780192838670,Les Liaisons dangereuses,"Pierre-Ambroise Choderlos de Laclos, Douglas Parmée",,,not_found
9780345543070,"The Heist (Fox and O'Hare, #1)","Janet Evanovich, Lee Goldberg",,,not_found
9780385619260,"Snuff (Discworld, #39; City Watch #8)",Terry Pratchett,,,not_found
9781455566020,"The Last Mile (Amos Decker, #2)",David Baldacci,,,not_found
9780671023190,Term Limits,Vince Flynn,,,not_found
9780441020420,"Magic Slays (Kate Daniels, #5)",Ilona Andrews,,,not_found
9780060595180,The Doors of Perception & Heaven and Hell,Aldous Huxley,,,not_found
9780440174240,"Rich Man, Poor Man",Irwin Shaw,,,not_found
9780486410230,The Railway Children,E. Nesbit,,,not_found
9780062413860,What She Knew,Gilly Macmillan,,,not_found
9780316069430,"The Black Box (Harry Bosch, #18; Harry Bosch Universe, #22)",Michael Connelly,,,not_found
9780425162450,The Rapture of Canaan,Sheri Reynolds,,,not_found
9780374515360,The Complete Stories,Flannery O'Connor,,,not_found
9780758216410,"Succubus Blues (Georgina Kincaid, #1)",Richelle Mead,https://covers.openlibrary.org/b/isbn/9780758216410-L.jpg,covers/9780758216410.jpg,ok_openlibrary
9780425265630,"Tower Lord (Raven's Shadow, #2)",Anthony  Ryan,,,not_found
9780743499700,"The Third Option (Mitch Rapp, #4)",Vince Flynn,,,not_found
9780312380720,Look Again,Lisa Scottoline,,,not_found
9781847386820,"Dark Visions (Dark Visions, #1-3)",L.J. Smith,,,not_found
9780060741880,"Alas, Babylon",Pat Frank,,,not_found
9788466302940,"Pandora (New Tales of the Vampires, #1)",Anne Rice,,,not_found
9780345533620,"Tricked (The Iron Druid Chronicles, #4)",Kevin Hearne,,,not_found
9781573226880,Fever Pitch,Nick Hornby,,,not_found
9781416521690,The Coldest Winter Ever,Sister Souljah,,,not_found
9780553448180,The Vegetarian,"Han Kang, Deborah     Smith",,,not_found
9780834800790,"Zen Mind, Beginner's Mind: Informal Talks on Zen Meditation and Practice",Shunryu Suzuki,,,not_found
9780425256860,"Emperor of Thorns (The Broken Empire, #3)",Mark  Lawrence,,,not_found
9780307265780,Letter to a Christian Nation,Sam Harris,,,not_found
9780805211060,The Castle,"Franz Kafka, Mark Harman, Regaip Minareci, Şerif Yeşilbucak",,,not_found
9780061720820,"Shadow Souls (The Vampire Diaries: The Return, #2)",L.J. Smith,,,not_found
9780439846810,"The Stonekeeper (Amulet, #1)",Kazu Kibuishi,,,not_found
9781605977270,A Modest Proposal,Jonathan Swift,,,not_found
9780553562740,"Doomsday Book (Oxford Time Travel, #1)",Connie Willis,,,not_found
9780375756790,The Rise of Theodore Roosevelt,Edmund Morris,,,not_found
9781455521200,"The Escape (John Puller, #3)",David Baldacci,,,not_found
9780812994520,Just Mercy: A Story of Justice and Redemption,Bryan Stevenson,,,not_found
9780316225940,"The Burning Room (Harry Bosch, #19; Harry Bosch Universe, #24)",Michael Connelly,,,not_found
9780552148060,"The Seeress of Kell (The Malloreon, #5)",David Eddings,,,not_found
9780061783180,"This Side of the Grave (Night Huntress, #5)",Jeaniene Frost,,,not_found
9780446520590,"Many Lives, Many Masters: The True Story of a Prominent Psychiatrist, His Young Patient, and the Past Life Therapy That Changed Both Their Lives",Brian L. Weiss,,,not_found
9780385512050,"Never Eat Alone: And Other Secrets to Success, One Relationship at a Time",Keith Ferrazzi,,,not_found
9780679889180,"First Test (Protector of the Small, #1)",Tamora Pierce,,,not_found
9780880386720,"Streams of Silver (Forgotten Realms: Icewind Dale, #2; Legend of Drizzt, #5)",R.A. Salvatore,,,not_found
9780670070300,On the Jellicoe Road,Melina Marchetta,,,not_found
9780345475700,Angry Housewives Eating Bon Bons,Lorna Landvik,,,not_found
9781401308670,If You Could See Me Now,Cecelia Ahern,,,not_found
9780763660410,Flora and Ulysses: The Illuminated Adventures,"Kate DiCamillo, K.G. Campbell",,,not_found
9780395530080,The Natural Way to Draw,"Kimon Nicolaides, Mamie Harmon",,,not_found
9781421500160,"Absolute Boyfriend, Vol. 1",Yuu Watase,,,not_found
9780141186350,Giovanni's Room,James     Baldwin,,,not_found
9780316069520,"The Gods of Guilt (Mickey Haller, #6; Harry Bosch Universe, #23)",Michael Connelly,,,not_found
9780515136810,"Cerulean Sins (Anita Blake, Vampire Hunter, #11)",Laurell K. Hamilton,,,not_found
9780859536590,"The Little Mouse, the Red Ripe Strawberry, and the Big Hungry Bear","Don    Wood, Audrey Wood",,,not_found
9780142437960,"Swann's Way (In Search of Lost Time, #1)","Marcel Proust, Simon Vance, Lydia Davis",,,not_found
9780061159180,The Known World,Edward P. Jones,,,not_found
9780312377630,"Plum Lucky (Stephanie Plum, #13.5)",Janet Evanovich,,,not_found
9780553579760,"Fear Nothing (Moonlight Bay, #1)",Dean Koontz,,,not_found
9780553280590,Eva Luna,"Isabel Allende, Margaret Sayers Peden",,,not_found
9780670060290,When It Happens,Susane Colasanti,https://covers.openlibrary.org/b/isbn/9780670060290-L.jpg,covers/9780670060290.jpg,ok_openlibrary
9780061583220,"First Drop of Crimson (Night Huntress World, #1)",Jeaniene Frost,,,not_found
9781846052580,"The 8th Confession (Women's Murder Club, #8)","James Patterson, Maxine Paetro",,,not_found
,"The Broken Eye (Lightbringer, #3)",Brent Weeks,,,not_found
9780718149120,This Charming Man,Marian Keyes,,,not_found
,"Lady Knight (Protector of the Small, #4)",Tamora Pierce,,,not_found
9781400034210,The Razor's Edge,W. Somerset Maugham,,,not_found
,ڤيرتيجو,أحمد مراد,,,not_found
9780399504330,"Amphigorey (Amphigorey, #1)",Edward Gorey,,,not_found
9780060533990,"The Secret Diary of Adrian Mole, Aged 13 3/4  (Adrian Mole, #1)",Sue Townsend,,,not_found
9780451226260,"Some Girls Bite (Chicagoland Vampires, #1)",Chloe Neill,,,not_found
9781401210080,Neil Gaiman's Neverwhere,"Mike Carey, Glenn Fabry, Neil Gaiman",,,not_found
9780141185910,Go Tell It on the Mountain,James     Baldwin,,,not_found
9780385538730,Missoula: Rape and the Justice System in a College Town,Jon Krakauer,,,not_found
9781484732750,"The Hidden Oracle (The Trials of Apollo, #1)",Rick Riordan,,,not_found
9780553805600,"Love Comes Softly (Love Comes Softly, #1)",Janette Oke,,,not_found
9780449016190,The End of Eternity,Isaac Asimov,,,not_found
9780061783200,"Once Burned (Night Prince, #1)",Jeaniene Frost,,,not_found
9780804178330,"Half a King (Shattered Sea, #1)",Joe Abercrombie,,,not_found
9780312997140,"The Prodigal Daughter (Kane & Abel, #2)",Jeffrey Archer,,,not_found
9780446577400,"Stone Cold (Camel Club, #3)",David Baldacci,,,not_found
9780684807320,The Collected Poems of W.B. Yeats,"W.B. Yeats, Richard J. Finneran",,,not_found
9780142004040,"Lost in a Good Book (Thursday Next, #2)",Jasper Fforde,,,not_found
,"Fueled (Driven, #2)",K. Bromberg,,,not_found
9780385533850,"Robopocalypse (Robopocalypse, #1)",Daniel H. Wilson,https://covers.openlibrary.org/b/isbn/9780385533850-L.jpg,covers/9780385533850.jpg,ok_openlibrary
9780307020710,Rudolph the Red-Nosed Reindeer,"Barbara Shook Hazen, Robert Lewis May, Richard Scarry",,,not_found
9780812994860,The Reason I Jump: The Inner Voice of a Thirteen-Year-Old Boy with Autism,"Naoki Higashida, K.A. Yoshida, David Mitchell",,,not_found
9780679750540,The Elephant Vanishes,"Haruki Murakami, Jay Rubin, Alfred Birnbaum",,,not_found
9780345475830,"Gateway (Heechee Saga, #1)",Frederik Pohl,,,not_found
9780071401940,Crucial Conversations: Tools for Talking When Stakes Are High,"Kerry Patterson, Joseph Grenny, Ron McMillan, Al Switzler, Stephen R. Covey",,,not_found
9780385418490,How the Irish Saved Civilization,Thomas Cahill,,,not_found
9781582406190,"The Walking Dead, Book One (The Walking Dead #1-12)","Robert Kirkman, Tony Moore, Charlie Adlard, Cliff Rathburn",,,not_found
9780393081570,Gulp: Adventures on the Alimentary Canal,Mary Roach,,,not_found
9780425267070,"Fever (Breathless, #2)",Maya Banks,,,not_found
9780345369350,"Sorceress of Darshiva (The Malloreon, #4)",David Eddings,,,not_found
9780767903390,Tender at the Bone: Growing Up at the Table,Ruth Reichl,,,not_found
9780060890320,"Wintersmith (Discworld, #35; Tiffany Aching, #3)",Terry Pratchett,,,not_found
9780316677460,The Almost Moon,Alice Sebold,,,not_found
9780140431960,Leviathan,"Thomas Hobbes, C.B. Macpherson",,,not_found
9780743457580,The Miracle Worker,William  Gibson,,,not_found
9780307279900,The Children of Men,P.D. James,,,not_found
9780307277750,Marie Antoinette: The Journey,Antonia Fraser,,,not_found
9781400079490,The Plot Against America,Philip Roth,,,not_found
9781455581120,Mean Streak,Sandra Brown,,,not_found
9780064401750,"Good Night, Mr. Tom",Michelle Magorian,,,not_found
,"Out of Breath (Breathing, #3)",Rebecca Donovan,,,not_found
9780804170700,"The Thousand-Dollar Tan Line (Veronica Mars, #1)","Rob Thomas, Jennifer Graham",,,not_found
9780786888760,The Tender Bar,J.R. Moehringer,,,not_found
9781862308170,Forbidden,Tabitha Suzuma,,,not_found
9780446697330,No One Here Gets Out Alive,"Danny Sugerman, Jerry Hopkins",,,not_found
9781423118240,"The Exiled Queen (Seven Realms, #2)",Cinda Williams Chima,,,not_found
9780441001870,"Martin the Warrior (Redwall, #6)",Brian Jacques,,,not_found
9781416927840,"Misty of Chincoteague (Misty, #1)","Marguerite Henry, Wesley Dennis",,,not_found
9780812974010,Black Swan Green,David Mitchell,,,not_found
9780446354740,Nothing Lasts Forever,Sidney Sheldon,,,not_found
9780452287140,The Other Woman,Jane Green,,,not_found
9780965030070,A Girl Named Zippy,Haven Kimmel,,,not_found
9780670037600,"Mayflower: A Story of Courage, Community, and War",Nathaniel Philbrick,,,not_found
,"The Vincent Brothers (The Vincent Boys, #2)",Abbi Glines,,,not_found
9780060539820,"Burning Chrome (Sprawl, #0)","William Gibson, Bruce Sterling",http://books.google.com/books/content?id=np3sIlyiiiUC&printsec=frontcover&img=1&zoom=1&edge=curl&source=gbs_api,covers/9780060539820.jpg,ok_googlebooks
9781416547040,Wicked Deeds on a Winter's Night (Immortals After Dark #4),Kresley Cole,,,not_found
9780007311000,Last Night at Chateau Marmont,Lauren Weisberger,,,not_found
9781400032530,His Excellency: George Washington,Joseph J. Ellis,,,not_found
9780307264560,I Feel Bad about My Neck: And Other Thoughts on Being a Woman,Nora Ephron,,,not_found
9781406954360,"Little Men (Little Women, #2)",Louisa May Alcott,,,not_found
9781579731820,"Sleeping Beauty (Disney Princess, 5)","A.L. Singer, Walt Disney Company",,,not_found
9780451457770,Tigana,Guy Gavriel Kay,,,not_found
9780316905720,"The Vampire's Assistant (Cirque Du Freak, #2)",Darren Shan,,,not_found
9781594483070,I Was Told There'd Be Cake,Sloane Crosley,,,not_found
9780064472810,"Princess in Love (The Princess Diaries, #3)",Meg Cabot,,,not_found
9780143039940,Gravity's Rainbow,Thomas Pynchon,,,not_found
9780312954470,"River God (Ancient Egypt, #1)",Wilbur Smith,,,not_found
9780679743620,O Pioneers!,Willa Cather,,,not_found
9781576737160,"The Ragamuffin Gospel: Good News for the Bedraggled, Beat-Up, and Burnt Out","Brennan Manning, Michael W. Smith, Rich Mullins",,,not_found
9780007557900,The Girl Who Saved the King of Sweden,"Jonas Jonasson, Rachel Willson-Broyles",,,not_found
9780805079840,The Shock Doctrine: The Rise of Disaster Capitalism,Naomi Klein,,,not_found
9780099483500,The Tin Drum,Günter Grass,,,not_found
9780310234690,The Case for Faith: A Journalist Investigates the Toughest Objections to Christianity,Lee Strobel,,,not_found
9781599900510,Book of a Thousand Days,"Shannon Hale, James Noel Smith",,,not_found
9783401063480,"Smaragdgrün (Edelstein-Trilogie, #3)",Kerstin Gier,,,not_found
9780670059840,Llama Llama Red Pajama,Anna Dewdney,,,not_found
9780316341520,Mythology: Timeless Tales of Gods and Heroes,"Edith Hamilton, Steele Savage",,,not_found
9780192123180,The Return of Sherlock Holmes,Arthur Conan Doyle,,,not_found
9780743264460,Killing Yourself to Live: 85% of a True Story,Chuck Klosterman,,,not_found
9780452285220,Lies & the Lying Liars Who Tell Them: A Fair & Balanced Look at the Right,Al Franken,,,not_found
9780425161300,Hocus Pocus,Kurt Vonnegut Jr.,,,not_found
9780785129220,Oz: The Wonderful Wizard of Oz,"Eric Shanower, Skottie Young, L. Frank Baum",,,not_found
9781101886960,Troublemaker: Surviving Hollywood and Scientology,"Leah Remini, Rebecca Paley",,,not_found
9780765348810,"House of Chains (The Malazan Book of the Fallen, #4)",Steven Erikson,,,not_found
9781622662650,"Opposition (Lux, #5)",Jennifer L. Armentrout,,,not_found
9780515139750,"Incubus Dreams (Anita Blake, Vampire Hunter, #12)",Laurell K. Hamilton,,,not_found
9780805091750,The Checklist Manifesto: How to Get Things Right,Atul Gawande,,,not_found
9780688177770,The Nazi Officer's Wife: How One Jewish Woman Survived the Holocaust,"Edith Hahn Beer, Susan Dworkin, Susan Sarandon, Julia Ormond, Rory Kennedy",,,not_found
9780515139750,Northern Lights,Nora Roberts,,,not_found
9780965900580,"The Fabric of the Cosmos: Space, Time, and the Texture of Reality",Brian Greene,,,not_found
9780061658200,The Pioneer Woman Cooks: Recipes from an Accidental Country Girl,Ree Drummond,,,not_found
9780767912240,Babyville,Jane Green,,,not_found
9780449000660,"K is for Killer (Kinsey Millhone, #11)",Sue Grafton,,,not_found
9780441017840,"A Touch of Dead (Sookie Stackhouse, #4.1, #4.3, #5.1, #7.1, #8.1)",Charlaine Harris,,,not_found
9780786224690,"Nicolae (Left Behind, #3)","Tim LaHaye, Jerry B. Jenkins",,,not_found
9781599903420,"Captivate (Need, #2)",Carrie Jones,,,not_found
9781250014530,Calling Me Home,Julie Kibler,,,not_found
,"Pulse (Collide, #2)",Gail McHugh,,,not_found
9781400031050,My Name Is Asher Lev,Chaim Potok,,,not_found
9780385339470,"Triptych (Will Trent, #1)",Karin Slaughter,,,not_found
9780451228220,"Covet (Fallen Angels, #1)",J.R. Ward,,,not_found
9781439102250,Wishful Drinking,Carrie Fisher,,,not_found
9781568650940,Bloodline,Sidney Sheldon,,,not_found
9780316036280,"The 9th Judgment  (Women's Murder Club, #9)","James Patterson, Maxine Paetro",,,not_found
9780545290590,"Vespers Rising (The 39 Clues, #11)","Rick Riordan, Gordon Korman, Peter Lerangis, Jude Watson",,,not_found
9780312352560,"A Fatal Grace (Chief Inspector Armand Gamache, #2)",Louise Penny,,,not_found
9781846058300,Zoo,"James Patterson, Michael Ledwidge",,,not_found
9780393327660,"The End of Faith: Religion, Terror, and the Future of Reason",Sam Harris,,,not_found
9781741664480,"The Emperor of Nihon-Ja (Ranger's Apprentice, #10)",John Flanagan,,,not_found
9780805076680,"The Adoration of Jenna Fox (Jenna Fox Chronicles, #1)",Mary E. Pearson,,,not_found
9780060572150,Truth and Beauty,Ann Patchett,https://covers.openlibrary.org/b/isbn/9780060572150-L.jpg,covers/9780060572150.jpg,ok_openlibrary
9781569319630,"Ranma ½, Vol. 1 (Ranma ½ (US 2nd), #1)",Rumiko Takahashi,,,not_found
9780740748480,The Complete Calvin and Hobbes,Bill Watterson,,,not_found
,"Rock Me (Ross Siblings, #2)",Cherrie Lynn,,,not_found
9780385495650,Ghost Soldiers: The Epic Account of World War II's Greatest Rescue Mission,Hampton Sides,,,not_found
9780452287890,Love Walked In,Marisa de los Santos,,,not_found
9781888963140,Bone: The Complete Edition,Jeff Smith,,,not_found
9781857231360,"Use of Weapons (Culture, #3)",Iain M. Banks,,,not_found
9780375846150,"Eragon, Eldest & Brisingr (Inheritance, #1-3)",Christopher Paolini,,,not_found
9781416983090,"Thirst No. 1: The Last Vampire, Black Blood, and Red Dice (Thirst, #1)",Christopher Pike,,,not_found
9780061470850,Serena,Ron Rash,,,not_found
9780312424090,Housekeeping,Marilynne Robinson,,,not_found
9780006174420,Windmills of the Gods,Sidney Sheldon,,,not_found
9780760704070,"The 101 Dalmatians (The Hundred and One Dalmatians, #1)","Dodie Smith, Michael Dooling",,,not_found
9781416556050,The Curious Case of Benjamin Button,F. Scott Fitzgerald,,,not_found
9781416509370,"On Basilisk Station (Honor Harrington, #1)",David Weber,,,not_found
9788203195520,"Panserhjerte (Harry Hole, #8)",Jo Nesbø,,,not_found
,"Squire (Protector of the Small, #3)",Tamora Pierce,,,not_found
9780812978190,Ragtime,E.L. Doctorow,,,not_found
9781853260740,Moll Flanders,Daniel Defoe,,,not_found
,"Just for Now (Sea Breeze, #4)",Abbi Glines,,,not_found
9780143036620,Garlic and Sapphires: The Secret Life of a Critic in Disguise,Ruth Reichl,,,not_found
9780316925280,A Supposedly Fun Thing I'll Never Do Again:  Essays and Arguments,David Foster Wallace,,,not_found
9781416903440,"Wolf-Speaker (Immortals, #2)",Tamora Pierce,,,not_found
9781421501090,"Nana, Vol. 1 (Nana, #1)",Ai Yazawa,,,not_found
9780007240200,Bad Science,Ben Goldacre,http://books.google.com/books/content?id=3TJysLF4gLoC&printsec=frontcover&img=1&zoom=1&source=gbs_api,covers/9780007240200.jpg,ok_googlebooks
9780060766210,"Revenge of the Witch (The Last Apprentice / Wardstone Chronicles, #1)","Joseph Delaney, Patrick  Arrasmith",,,not_found
9781401359610,Bergdorf Blondes,Plum Sykes,,,not_found
9780375829870,"The Chocolate War (Chocolate War, #1)",Robert Cormier,,,not_found
9780061161700,"Unseen Academicals (Discworld, #37; Rincewind #8)",Terry Pratchett,,,not_found
9781250066630,The Revenant,Michael Punke,,,not_found
,"The Gray Wolf Throne (Seven Realms, #3)",Cinda Williams Chima,,,not_found
9780736421970,Beauty and the Beast (Disney),"Teddy Slater, Ron Dias, Ric González",,,not_found
9781563892880,The Wake (The Sandman #10),"Neil Gaiman, Michael Zulli, Jon J. Muth, Charles Vess, Mikal Gilmore",,,not_found
9780307001140,Lady and the Tramp,"Teddy Slater, Bill Langley, Ron Dias, Walt Disney Company",,,not_found
9780060522000,The Innovator's Dilemma: The Revolutionary Book that Will Change the Way You Do Business (Collins Business Essentials),Clayton M. Christensen,,,not_found
9781423147950,"Out of Sight, Out of Time (Gallagher Girls, #5)",Ally Carter,,,not_found
9781406309360,"Snakehead (Alex Rider, #7)",Anthony Horowitz,,,not_found
9780805098550,Killing Jesus: A History,"Bill O'Reilly, Martin Dugard",,,not_found
9780060580670,"Sandstorm (Sigma Force, #1)",James Rollins,,,not_found
9780316217620,"Cibola Burn (The Expanse, #4)",James S.A. Corey,,,not_found
9780670869760,A Course in Miracles,Foundation for Inner Peace,,,not_found
9781401200760,"Y: The Last Man, Vol. 2: Cycles (Y: The Last Man, #2)","Brian K. Vaughan, Pia Guerra, José Marzán Jr.",,,not_found
9780751531180,The Charm School,Nelson DeMille,,,not_found
,"Second Son (Jack Reacher, #15.5)",Lee Child,,,not_found
,Take Me with You,Catherine Ryan Hyde,,,not_found
9780609809650,Genghis Khan and the Making of the Modern World,Jack Weatherford,,,not_found
9781401902160,The Power of Intention: Learning to Co-create Your World Your Way,Wayne W. Dyer,,,not_found
9780393960430,Sister Carrie,Theodore Dreiser,,,not_found
9789793062790,"Laskar Pelangi (Tetralogi Laskar Pelangi, #1)",Andrea Hirata,,,not_found
9781934964380,"Scott Pilgrim, Volume 6: Scott Pilgrim's Finest Hour",Bryan Lee O'Malley,,,not_found
9780758213500,"Chocolate Chip Cookie Murder (Hannah Swensen, #1)",Joanne Fluke,,,not_found
9780425198740,"Blow Fly (Kay Scarpetta, #12)",Patricia Cornwell,,,not_found
9780061988350,"Lost in Shangri-la: A True Story of Survival, Adventure, and the Most Incredible Rescue Mission of World War II",Mitchell Zuckoff,,,not_found
9780316051640,"The Disappearing Spoon: And Other True Tales of Madness, Love, and the History of the World from the Periodic Table of the Elements",Sam Kean,,,not_found
9780345534520,Empty Mansions: The Mysterious Life of Huguette Clark and the Spending of a Great American Fortune,"Bill Dedman, Paul Clark Newell Jr.",,,not_found
9780007178380,Remarkable Creatures ,Tracy Chevalier,,,not_found
9780061002820,The Hellbound Heart,Clive Barker,,,not_found
9780451225730,"Lord of Misrule (The Morganville Vampires, #5)",Rachel Caine,,,not_found
630809681058,The Practice of the Presence of God,Brother Lawrence,,,not_found
,"The Opportunist (Love Me with Lies, #1)",Tarryn Fisher,,,not_found
9780375759310,Crossing to Safety,Wallace Stegner,,,not_found
9780446611240,"The Cabinet of Curiosities (Pendergast, #3)","Douglas Preston, Lincoln Child",,,not_found
9780399157390,"Buried Prey (Lucas Davenport, #21)",John Sandford,,,not_found
9781400203760,Love Does: Discover a Secretly Incredible Life in an Ordinary World,Bob Goff,,,not_found
9780060555660,The Intelligent Investor (Collins Business Essentials),"Benjamin Graham, Jason Zweig, Warren Buffett",,,not_found
9780553802020,The Universe in a Nutshell,Stephen Hawking,,,not_found
9780316123360,"The Heroes (First Law World, #5)",Joe Abercrombie,,,not_found
9780590225180,The Real Mother Goose,Blanche Fisher Wright,,,not_found
9780486414230,An Ideal Husband,Oscar Wilde,,,not_found
9780061138010,"White Witch, Black Curse (The Hollows, #7)",Kim Harrison,https://covers.openlibrary.org/b/isbn/9780061138010-L.jpg,covers/9780061138010.jpg,ok_openlibrary
9780192839930,Richard III,"William Shakespeare, John Jowett",,,not_found
9781476792480,"After (After, #1)",Anna Todd,,,not_found
9780778325340,"Fire Study (Study, #3)",Maria V. Snyder,,,not_found
9780099282200,"The Human Stain (The American Trilogy, #3)",Philip Roth,,,not_found
9780802142440,Kitchen,"Banana Yoshimoto, Megan Backus",,,not_found
9781401307780,"Wherever You Go, There You Are: Mindfulness Meditation in Everyday Life",Jon Kabat-Zinn,http://books.google.com/books/content?id=dQ4RAQAAIAAJ&printsec=frontcover&img=1&zoom=1&source=gbs_api,covers/9781401307780.jpg,ok_googlebooks
9780446699550,"The Narrows (Harry Bosch, #10; Harry Bosch Universe, #12)",Michael Connelly,,,not_found
9781442496000,The Bane Chronicles,"Cassandra Clare, Sarah Rees Brennan, Maureen Johnson, Cassandra Jean",,,not_found
9780743474150,"A Kingdom of Dreams (Westmoreland, #1)",Judith McNaught,,,not_found
9780316056210,"Ship Breaker (Ship Breaker, #1)",Paolo Bacigalupi,,,not_found
9780439650760,"Gregor and the Prophecy of Bane (Underland Chronicles, #2)",Suzanne Collins,,,not_found
9780553815020,"The Sinner (Rizzoli & Isles, #3)",Tess Gerritsen,,,not_found
9780316159780,Beach Road,"James Patterson, Peter de Jonge",,,not_found
9780399256610,"The Name of the Star (Shades of London, #1)",Maureen Johnson,,,not_found
9781416990670,Second Chance Summer,Morgan Matson,,,not_found
,"Beautiful Player (Beautiful Bastard, #3)",Christina Lauren,,,not_found
9780143037490,The Social Contract,"Jean-Jacques Rousseau, Maurice Cranston",,,not_found
9780140435120,Nicholas Nickleby,"Charles Dickens, Mark Ford",,,not_found
9780345506400,"Dean Koontz's Frankenstein, Volume 1: Prodigal Son","Dean Koontz, Kevin J. Anderson, Chuck Dixon, Brett Booth",,,not_found
9789871144270,El túnel,Ernesto Sabato,,,not_found
9780451528810,The Federalist Papers,"Alexander Hamilton, James Madison, John Jay, Philo-Publius, Clinton Rossiter, Charles R. Kessler",,,not_found
9781609452860,"The Story of the Lost Child (The Neapolitan Novels, #4)","Elena Ferrante, Ann Goldstein",,,not_found
9780316187700,"Rise of Empire (The Riyria Revelations, #3-4)",Michael J. Sullivan,,,not_found
9781416905850,"Chains (Seeds of America, #1)",Laurie Halse Anderson,,,not_found
9780786838190,The Disreputable History of Frankie Landau-Banks,E. Lockhart,,,not_found
9781416549120,"The Other Queen (The Plantagenet and Tudor Novels, #15)",Philippa Gregory,,,not_found
9780316098790,"The Rook (The Checquy Files, #1)",Daniel O'Malley,,,not_found
9781416913630,Tweak: Growing Up On Methamphetamines,Nic Sheff,,,not_found
9780312999520,"The Bourne Legacy (Jason Bourne, #4)",Eric Van Lustbader,https://covers.openlibrary.org/b/isbn/9780312999520-L.jpg,covers/9780312999520.jpg,ok_openlibrary
9780803731530,"The Looking Glass Wars (The Looking Glass Wars, #1)",Frank Beddor,,,not_found
9780061843400,Labor Day,Joyce Maynard,,,not_found
,"Seduction and Snacks (Chocolate Lovers, #1)",Tara Sivec,,,not_found
9780143145450,The Postmistress,"Sarah Blake, Orlagh Cassidy",,,not_found
9780385611080,"I Shall Wear Midnight (Discworld, #38; Tiffany Aching, #4)",Terry Pratchett,,,not_found
9780810959540,The Diary of Frida Kahlo: An Intimate Self-Portrait,"Frida Kahlo, Carlos Fuentes, Sarah M. Lowe",,,not_found
,"Poirot Investiga (Hércules Poirot, #3)",Agatha Christie,,,not_found
9780812993010,"Creativity, Inc.: Overcoming the Unseen Forces That Stand in the Way of True Inspiration","Ed Catmull, Amy Wallace",,,not_found
9781841580650,"Gods and Generals (The Civil War Trilogy, #1)",Jeff Shaara,,,not_found
9780062101890,Harry Potter Page to Screen: The Complete Filmmaking Journey,Bob McCabe,,,not_found
9780452253800,Creepshow,"Stephen King, Bernie Wrightson, Michele Wrightson",,,not_found
9780373773110,The Darkest Pleasure (Lords of the Underworld #3),Gena Showalter,,,not_found
9780316009850,Keeping You a Secret,Julie Anne Peters,https://covers.openlibrary.org/b/isbn/9780316009850-L.jpg,covers/9780316009850.jpg,ok_openlibrary
9780312368580,"Many Waters (A Wrinkle in Time Quintet, #4)",Madeleine L'Engle,,,not_found
9780805017590,"Panda Bear, Panda Bear, What Do You See?","Bill Martin Jr., Eric Carle",,,not_found
9780553807260,"Love You More (Tessa Leoni, #1; Detective D.D. Warren, #5)",Lisa Gardner,,,not_found
9780439796640,"War Horse (War Horse, #1)",Michael Morpurgo,,,not_found
9780064434510,The Grouchy Ladybug,Eric Carle,,,not_found
9780312368460,"Heartsick (Archie Sheridan & Gretchen Lowell, #1)",Chelsea Cain,,,not_found
9780156029020,"A Drink Before the War (Kenzie & Gennaro, #1)",Dennis Lehane,,,not_found
9781609089470,"Edenbrooke (Edenbrooke, #1)",Julianne Donaldson,,,not_found
9780765354950,"Reliquary (Pendergast, #2)","Douglas Preston, Lincoln Child",,,not_found
9780062257830,The Perfume Collector,Kathleen Tessaro,,,not_found
9780062265940,"Sweet Peril (Sweet, #2)",Wendy Higgins,,,not_found
9781400068720,"Blood, Bones, and Butter: The Inadvertent Education of a Reluctant Chef",Gabrielle Hamilton,,,not_found
9780439827610,"Harry Potter Collection (Harry Potter, #1-6)",J.K. Rowling,,,not_found
9781501111680,The Bazaar of Bad Dreams,Stephen King,,,not_found
9780586010170,The Naked Sun (Robot #2),Isaac Asimov,,,not_found
9780374173950,"The Hypnotist (Joona Linna, #1)","Lars Kepler, Ann Long",,,not_found
,"A Game of Thrones / A Clash of Kings (A Song of Ice and Fire, #1-2)",George R.R. Martin,,,not_found
9780974607800,Bartleby the Scrivener,Herman Melville,,,not_found
9780345338590,"On a Pale Horse (Incarnations of Immortality, #1)",Piers Anthony,,,not_found
9780007165160,Are You Afraid of the Dark?,Sidney Sheldon,,,not_found
9780441017780,"Sookie Stackhouse 7-copy Boxed Set (Sookie Stackhouse, #1-7)",Charlaine Harris,,,not_found
9780060989160,The Dirt: Confessions of the World's Most Notorious Rock Band,"Tommy Lee, Vince Neil, Nikki Sixx, Neil Strauss, Mick Mars, Tommy Lee",,,not_found
9780316099660,Silver Girl,Elin Hilderbrand,,,not_found
9780425190370,Practical Magic,Alice Hoffman,,,not_found
9780684862220,The Snows of Kilimanjaro and Other Stories,Ernest Hemingway,,,not_found
9780007169980,Ten Apples Up On Top!,"Theo LeSieg, Roy McKie",,,not_found
9780345533650,"Trapped (The Iron Druid Chronicles, #5)",Kevin Hearne,,,not_found
9780451527710,An American Tragedy,"Theodore Dreiser, Richard R. Lingeman",,,not_found
9780439474290,"Midnight for Charlie Bone (The Children of the Red King, #1)",Jenny Nimmo,,,not_found
9780553499120,"Illuminae (The Illuminae Files, #1)","Amie Kaufman, Jay Kristoff",,,not_found
9781567921890,The Woman in Black,"Susan Hill, John Lawrence",,,not_found
9780812521400,"The Black Company (The Chronicles of the Black Company, #1)",Glen Cook,,,not_found
9780061449150,"Fear (Gone, #5)",Michael  Grant,,,not_found
9780385333760,"King Rat (Asian Saga, #4)",James Clavell,,,not_found
9781311051160,"Never Never: Part Two (Never Never, #2)","Colleen Hoover, Tarryn Fisher",,,not_found
9780770429450,"Lord John and the Private Matter (Lord John Grey, #1)",Diana Gabaldon,,,not_found
9780099642620,The Fourth Protocol,Frederick Forsyth,,,not_found
9780373210270,"The Goddess Test (Goddess Test, #1)",Aimee Carter,,,not_found
9781560601760,Anne McCaffrey's Dragonflight #1,"Brynne Stephens, Lela Dowling, Cynthia Martin, Anne McCaffrey",https://covers.openlibrary.org/b/isbn/9781560601760-L.jpg,covers/9781560601760.jpg,ok_openlibrary
9780062048510,"Eve (Eve, #1)",Anna Carey,,,not_found
9781594489260,"The Ghost Map: The Story of London's Most Terrifying Epidemic - and How It Changed Science, Cities, and the Modern World",Steven Johnson,,,not_found
9781455521200,"The Target (Will Robie, #3)",David Baldacci,,,not_found
9780743270410,"Protect and Defend (Mitch Rapp, #10)",Vince Flynn,,,not_found
9780141187170,On Photography,Susan Sontag,,,not_found
9781400080660,Thunderstruck,Erik Larson,,,not_found
9780385520690,"Physics of the Impossible: A Scientific Exploration into the World of Phasers, Force Fields, Teleportation, and Time Travel",Michio Kaku,,,not_found
9780140244820,Songs in Ordinary Time,Mary McGarry Morris,,,not_found
9781841954320,The Crimson Petal and the White,Michel Faber,,,not_found
9780064406310,The Midwife's Apprentice,Karen Cushman,,,not_found
9780552998760,"Tales of the City (Tales of the City, #1)",Armistead Maupin,,,not_found
9781595143210,"Silver Shadows (Bloodlines, #5)",Richelle Mead,,,not_found
9780385520520,A Spot of Bother,Mark Haddon,,,not_found
9780007157170,"Perelandra (Space Trilogy, #2)",C.S. Lewis,,,not_found
9780316187720,"Heir of Novron (The Riyria Revelations, #5-6)",Michael J. Sullivan,,,not_found
9780060891560,Eaters of the Dead,Michael Crichton,,,not_found
9781416950070,"Tricks (Tricks, #1)",Ellen Hopkins,,,not_found
9780425224200,Just the Sexiest Man Alive,Julie James,,,not_found
,"End of Days (Penryn & the End of Days, #3)",Susan Ee,,,not_found
9780316954990,"War and Remembrance (The Henry Family, #2)",Herman Wouk,https://covers.openlibrary.org/b/isbn/9780316954990-L.jpg,covers/9780316954990.jpg,ok_openlibrary
9780809594080,The Legend of Sleepy Hollow,Washington Irving,,,not_found
9780064402750,The Best Christmas Pageant Ever (The Herdmans #1),Barbara Robinson,https://covers.openlibrary.org/b/isbn/9780064402750-L.jpg,covers/9780064402750.jpg,ok_openlibrary
9780316036270,"10th Anniversary (Women's Murder Club, #10)","James Patterson, Maxine Paetro",,,not_found
9780553804810,The Good Guy,Dean Koontz,,,not_found
9780425209930,Whispers,Dean Koontz,,,not_found
9780755309510,The Island,Victoria Hislop,,,not_found
9780385342320,"The Weed That Strings the Hangman's Bag (Flavia de Luce, #2)",Alan Bradley,,,not_found
9780312956740,"Knots and Crosses (Inspector Rebus, #1)","Ian Rankin, Mircea Pricăjan",,,not_found
9780425203900,Hideaway,Dean Koontz,,,not_found
9781591842330,Tribes: We Need You to Lead Us,Seth Godin,,,not_found
9780151365040,A Good Man is Hard to Find and Other Stories,Flannery O'Connor,,,not_found
9781435122950,Alice's Adventures in Wonderland & Other Stories,"Lewis Carroll, John Tenniel",,,not_found
9781400065740,Every Last One,Anna Quindlen,,,not_found
9781582404130,"The Walking Dead, Vol. 02: Miles Behind Us","Robert Kirkman, Charlie Adlard",,,not_found
9780060858800,Wasted: A Memoir of Anorexia and Bulimia,Marya Hornbacher,,,not_found
9780061138030,"Black Magic Sanction (The Hollows, #8)",Kim Harrison,,,not_found
9780345350800,The Best of H.P. Lovecraft: Bloodcurdling Tales of Horror and the Macabre,"H.P. Lovecraft, August Derleth, Robert Bloch",,,not_found
9781609611540,"Wheat Belly: Lose the Wheat, Lose the Weight, and Find Your Path Back to Health",William  Davis,,,not_found
9780060548250,"The Crystal Cave (Arthurian Saga, #1)",Mary  Stewart,,,not_found
9780061138060,"Pale Demon (The Hollows, #9)",Kim Harrison,,,not_found
9780785165620,"Hawkeye, Volume 1: My Life as a Weapon","Matt Fraction, David Aja, Javier Pulido, Matt Hollingsworth, Chris Eliopoulos, Alan Davis",,,not_found
9781476785650,You're Never Weird on the Internet (Almost),"Felicia Day, Joss Whedon",,,not_found
9780316120560,Now You See Her,"James Patterson, Michael Ledwidge",,,not_found
9780425150990,"Glory in Death (In Death, #2)",J.D. Robb,,,not_found
9780375713280,After the Quake,"Haruki Murakami, Jay Rubin",,,not_found
9781401223180,Batman: Hush,"Jeph Loeb, Jim Lee, Scott Williams, Alex Sinclair, Richard Starkings",,,not_found
9780316018780,"I, Alex Cross (Alex Cross, #16)",James Patterson,,,not_found
,Guilty Wives,"James Patterson, David Ellis",,,not_found
9780515142820,"Danse Macabre (Anita Blake, Vampire Hunter, #14)",Laurell K. Hamilton,,,not_found
9780809599810,"Tarzan of the Apes (Tarzan, #1)",Edgar Rice Burroughs,,,not_found
,"Tales from a Not-So-Talented Pop Star (Dork Diaries, #3)",Rachel Renée Russell,,,not_found
9780141182350,The Call of Cthulhu and Other Weird Stories,"H.P. Lovecraft, S.T. Joshi",,,not_found
9780452281900,A Man Named Dave (Dave Pelzer #3),Dave Pelzer,,,not_found
9780689871210,"Over Sea, Under Stone (The Dark Is Rising, #1)",Susan Cooper,,,not_found
9780385491040,The Robber Bride,Margaret Atwood,,,not_found
9780345341680,"The White Dragon (Pern, #3)",Anne McCaffrey,,,not_found
9780749748010,"The Magic Faraway Tree (The Faraway Tree, #2)",Enid Blyton,,,not_found
,"Paper Princess (The Royals, #1)","Erin Watt, Elle Kennedy, Jen Frederick",,,not_found
9780451221250,"Bright Lights, Big Ass: A Self-Indulgent, Surly, Ex-Sorority Girl's Guide to Why It Often Sucks in the City, or Who Are These Idiots and Why Do They All Live Next Door to Me?",Jen Lancaster,,,not_found
9780446401040,"Pleasure Unbound (Demonica, #1)",Larissa Ione,,,not_found
9780500275820,The Shock of the New,Robert Hughes,,,not_found
9780312379290,A Prisoner of Birth,Jeffrey Archer,,,not_found
9781416983100,"Thirst No. 2: Phantom, Evil Thirst, and Creatures of Forever (Thirst, #2)",Christopher Pike,,,not_found
9780553589400,"Midnight Awakening (Midnight Breed, #3)",Lara Adrian,,,not_found
9781451635750,"Between the Lines (Between the Lines, #1)","Jodi Picoult, Samantha van Leer",,,not_found
9781595543420,Thr3e,Ted Dekker,,,not_found
9780778329860,The Midwife's Confession,Diane Chamberlain,,,not_found
9780618001900,King Leopold's Ghost,Adam Hochschild,,,not_found
9780316196990,"The House of Silk (Sherlock Holmes, #1)",Anthony Horowitz,,,not_found
9780446679090,"The Lion's Game (John Corey, #2)",Nelson DeMille,,,not_found
9780375424140,Habibi,Craig Thompson,,,not_found
9781937053150,"Deity (Covenant, #3)",Jennifer L. Armentrout,,,not_found
9780451529460,Walden & Civil Disobedience,"Henry David Thoreau, W.S. Merwin",,,not_found
9781421527640,"Black Bird, Vol. 01 (Black Bird, #1)","Kanoko Sakurakouji, JN Productions, Pancha Diaz",,,not_found
9780061056900,"Interesting Times (Discworld, #17; Rincewind #5)",Terry Pratchett,,,not_found
9781416576750,Dark Desires After Dusk (Immortals After Dark #6),Kresley Cole,,,not_found
9780152045650,"Searching for Dragons (Enchanted Forest Chronicles, #2)","Patricia C. Wrede, Peter de Sève",,,not_found
9780394402670,The Boys from Brazil,Ira Levin,,,not_found
9780312315730,Little Children,Tom Perrotta,,,not_found
9780385534800,The Sandcastle Girls,Chris Bohjalian,,,not_found
9780451229730,"Kiss of Death (The Morganville Vampires, #8)","Rachel Caine, Cynthia Holloway",,,not_found
,"Just One Year (Just One Day, #2)",Gayle Forman,,,not_found
9781627040170,"Fixed on You (Fixed, #1)",Laurelin Paige,,,not_found
9780759529520,"Maximum Ride, Vol. 1 (Maximum Ride: The Manga, #1)","James Patterson, NaRae Lee",,,not_found
9781569479810,"The Boy in the Suitcase (Nina Borg, #1)","Lene Kaaberbøl, Agnete Friis",,,not_found
9780140449270,The Symposium,"Plato, Christopher Gill",,,not_found
9780446667910,"A Darkness More Than Night (Harry Bosch, #7; Terry McCaleb, #2; Harry Bosch Universe, #9)",Michael Connelly,,,not_found
9780571215160,Vernon God Little,D.B.C. Pierre,,,not_found
9781594487130,So You've Been Publicly Shamed,Jon Ronson,,,not_found
9780142408800,Otherwise Known as Sheila the Great (Fudge #2),Judy Blume,,,not_found
9781455806940,"The Last Boyfriend (Inn BoonsBoro, #2)","Nora Roberts, MacLeod Andrews",,,not_found
9780684843260,for colored girls who have considered suicide/when the rainbow is enuf,Ntozake Shange,,,not_found
9780399175170,The Obsession,Nora Roberts,,,not_found
9780751525360,"The Last Precinct (Kay Scarpetta, #11)",Patricia Cornwell,,,not_found
9780399142790,"Conversations with God: An Uncommon Dialogue, Book 1",Neale Donald Walsch,,,not_found
9781250109310,"One with You (Crossfire, #5)",Sylvia Day,,,not_found
9780451230640,"Twice Bitten (Chicagoland Vampires, #3)",Chloe Neill,,,not_found
9780515140870,"Micah (Anita Blake, Vampire Hunter, #13)",Laurell K. Hamilton,,,not_found
9783822812150,Vincent Van Gogh: The Complete Paintings,"Rainer Metzger, Ingo F. Walther",,,not_found
9780307596860,Girls in White Dresses,Jennifer Close,http://books.google.com/books/content?id=gisHnwEACAAJ&printsec=frontcover&img=1&zoom=1&source=gbs_api,covers/9780307596860.jpg,ok_googlebooks
9780143039590,Cold Comfort Farm,"Stella Gibbons, Lynne Truss, Roz Chast",,,not_found
9780307951530,"The $100 Startup: Reinvent the Way You Make a Living, Do What You Love, and Create a New Future",Chris Guillebeau,,,not_found
9780060735460,"The Lust Lizard of Melancholy Cove (Pine Cove, #2)",Christopher Moore,,,not_found
9780553281740,"Mona Lisa Overdrive (Sprawl, #3)",William Gibson,,,not_found
9780440229120,"The Cay (The Cay, #1)",Theodore Taylor,,,not_found
9780140233130,The Stone Diaries,Carol Shields,,,not_found
9780736908560,The Power of a Praying Woman,Stormie Omartian,,,not_found
9780671744210,The Secret (Highlands' Lairds #1),Julie Garwood,,,not_found
9780316025060,North of Beautiful,Justina Chen,,,not_found
9780385689230,Born a Crime: Stories From a South African Childhood,Trevor Noah,,,not_found
9780060740220,Shakespeare: The World as Stage,Bill Bryson,,,not_found
9780440235160,The Smoke Jumper,Nicholas Evans,,,not_found
9781563898690,Batman: Dark Victory,"Jeph Loeb, Tim Sale",,,not_found
9780385315140,Smilla's Sense of Snow,"Peter Høeg, Tiina Nunnally",,,not_found
9780743222260,Living History,Hillary Rodham Clinton,,,not_found
9780803733560,Willow,Julia Hoban,,,not_found
9780679890480,"Hand, Hand, Fingers, Thumb","Al Perkins, Eric Gurney",,,not_found
9780345258560,A Spell for Chameleon (Xanth #1),Piers Anthony,,,not_found
9780374105980,The Hare With Amber Eyes: A Family's Century of Art and Loss,Edmund de Waal,,,not_found
9780385742380,"Starters (Starters, #1)",Lissa Price,http://books.google.com/books/content?id=BRt14zHQb8gC&printsec=frontcover&img=1&zoom=1&edge=curl&source=gbs_api,covers/9780385742380.jpg,ok_googlebooks
9780802133910,Pedro Páramo,"Juan Rulfo, Margaret Sayers Peden, Susan Sontag",,,not_found
9780553213160,"Anne of Ingleside (Anne of Green Gables, #6)",L.M. Montgomery,,,not_found
9781416547080,Dark Needs at Night's Edge (Immortals After Dark #5),Kresley Cole,,,not_found
9780312364690,"Shoe Addicts Anonymous (Shoe Addict, #1)",Beth Harbison,,,not_found
9780385340600,Deal Breaker (Myron Bolitar #1),Harlan Coben,,,not_found
9781401303360,The Middle Place,Kelly Corrigan,,,not_found
9781455557100,The Royal We,"Heather Cocks, Jessica  Morgan",,,not_found
9780393975000,The Waste Land,"T.S. Eliot, Michael North",,,not_found
9780380815580,"The Viscount Who Loved Me (Bridgertons, #2)",Julia Quinn,,,not_found
,"The King (Black Dagger Brotherhood, #12)",J.R. Ward,,,not_found
9780670018860,The Beach House,Jane Green,,,not_found
9781573226070,Drown,Junot Díaz,,,not_found
9780571144560,Immortality,Milan Kundera,,,not_found
9780300093060,Long Day's Journey Into Night,Eugene O'Neill,,,not_found
9780765348260,"Spin (Spin, #1)",Robert Charles Wilson,,,not_found
9780786837880,"Peter and the Shadow Thieves (Peter and the Starcatchers, #2)","Dave Barry, Ridley Pearson, Greg Call",,,not_found
9781250000990,"Best Kept Secret (The Clifton Chronicles, #3)",Jeffrey Archer,,,not_found
9781593070560,"Hellsing, Vol. 01 (Hellsing, #1)","Kohta Hirano, Duane Johnson",,,not_found
9780842329260,"Soul Harvest: The World Takes Sides (Left Behind, #4)","Tim LaHaye, Jerry B. Jenkins",,,not_found
9780670061010,Twisted,Laurie Halse Anderson,,,not_found
9781415915620,"Prodigal Son (Dean Koontz's Frankenstein, #1)","Dean Koontz, Kevin J. Anderson, Scott Brick",,,not_found
9780517415280,A Book of Five Rings: The Classic Guide to Strategy,"Miyamoto Musashi, Victor Harris",,,not_found
9780060748130,When Nietzsche Wept,Irvin D. Yalom,http://books.google.com/books/content?id=hyVnCgaEGusC&printsec=frontcover&img=1&zoom=1&edge=curl&source=gbs_api,covers/9780060748130.jpg,ok_googlebooks
9780590316810,How Do Dinosaurs Say Good Night?,"Jane Yolen, Mark Teague",,,not_found
9781439123130,Demon from the Dark (Immortals After Dark #10),Kresley Cole,,,not_found
9780345405140,Tick Tock,Dean Koontz,,,not_found
9780553278000,The Icarus Agenda,Robert Ludlum,,,not_found
9780394574750,"The Crossing (The Border Trilogy, #2)",Cormac McCarthy,,,not_found
9781932664220,"Scott Pilgrim, Volume 3: Scott Pilgrim & The Infinite Sadness",Bryan Lee O'Malley,,,not_found
9780393329120,Spook: Science Tackles the Afterlife,Mary Roach,,,not_found
9780310331930,Not a Fan: Becoming a Completely Committed Follower of Jesus,Kyle Idleman,,,not_found
9780345363310,"Demon Lord of Karanda (The Malloreon, #3)",David Eddings,,,not_found
9781416554840,Blaze,"Richard Bachman, Stephen King",,,not_found
9781420925810,Songs of Innocence and of Experience,William Blake,,,not_found
9780345515480,"Ice Cold (Rizzoli & Isles, #8)",Tess Gerritsen,,,not_found
9780500237520,History of Art,"H.W. Janson, Anthony F. Janson",,,not_found
9780751503890,"The Physician (Cole Family Trilogy, #1)",Noah Gordon,https://covers.openlibrary.org/b/isbn/9780751503890-L.jpg,covers/9780751503890.jpg,ok_openlibrary
9780738710180,"Leaving Paradise (Leaving Paradise, #1)",Simone Elkeles,http://books.google.com/books/content?id=5sU2mQEACAAJ&printsec=frontcover&img=1&zoom=1&source=gbs_api,covers/9780738710180.jpg,ok_googlebooks
9781591827990,"D.N.Angel, Vol. 1 (D.N.Angel, #1)",Yukiru Sugisaki,http://books.google.com/books/content?id=bt5wMAw7GakC&printsec=frontcover&img=1&zoom=1&source=gbs_api,covers/9781591827990.jpg,ok_googlebooks
9780140449500,The Nicomachean Ethics,"Aristotle, J.A.K. Thomson, Jonathan Barnes, Hugh Tredennick",,,not_found
9780394856390,The Berenstain Bears and the Messy Room,"Stan Berenstain, Jan Berenstain",,,not_found
9780312351620,"Sugar Daddy (Travises, #1)",Lisa Kleypas,,,not_found
9781593072940,"Sin City, Vol. 2: A Dame to Kill For (Sin City, #2)",Frank Miller,,,not_found
9780316057810,"The Mysterious Benedict Society and the Perilous Journey (The Mysterious Benedict Society, #2)","Trenton Lee Stewart, Diana Sudyka",,,not_found
9780979528540,Matterhorn,Karl Marlantes,,,not_found
9780486414250,Politics,Aristotle,http://books.google.com/books/content?id=qvf265Eu7VAC&printsec=frontcover&img=1&zoom=1&edge=curl&source=gbs_api,covers/9780486414250.jpg,ok_googlebooks
9780446604840,Total Control,David Baldacci,,,not_found
9780553805470,The Wolf of Wall Street,Jordan Belfort,,,not_found
9780670026200,A Gentleman in Moscow,Amor Towles,,,not_found
9780743484880,Henry V,"William Shakespeare, Barbara A. Mowat, Paul Werstine",,,not_found
9781595581040,The New Jim Crow: Mass Incarceration in the Age of Colorblindness,Michelle Alexander,,,not_found
9780684815010,The Cost of Discipleship,Dietrich Bonhoeffer,,,not_found
9780486431680,Hunger,"Knut Hamsun, George Egerton",,,not_found
9781442409070,"Fever (The Chemical Garden, #2)",Lauren DeStefano,,,not_found
,"Experiencing God: Knowing and Doing the Will of God, Workbook","Henry T. Blackaby, Claude V. King, Richard Blackaby",,,not_found
9780312939010,"B is for Burglar  (Kinsey Millhone, #2)",Sue Grafton,,,not_found
9780385350850,The Book of Unknown Americans,Cristina Henriquez,,,not_found
9780312156960,"The Winter King (The Warlord Chronicles, #1)",Bernard Cornwell,,,not_found
,The Whistler,John Grisham,,,not_found
9780451419930,Secrets of a Charmed Life,Susan Meissner,,,not_found
9781401215810,The Joker,"Brian Azzarello, Lee Bermejo",,,not_found
9781401359800,Night Watch (Watch #1),"Sergei Lukyanenko, Andrew Bromfield",http://books.google.com/books/content?id=660rNAAACAAJ&printsec=frontcover&img=1&zoom=1&source=gbs_api,covers/9781401359800.jpg,ok_googlebooks
9780316154860,"When Will There Be Good News? (Jackson Brodie, #3)",Kate Atkinson,,,not_found
9780385350820,Dept. of Speculation,Jenny Offill,,,not_found
9780553268930,The Great Santini,Pat Conroy,,,not_found
9780806512820,Johnny Got His Gun,Dalton Trumbo,,,not_found
9780743243780,"Teacher Man (Frank McCourt, #3)",Frank McCourt,http://books.google.com/books/content?id=YhgcwJ1L-s0C&printsec=frontcover&img=1&zoom=1&edge=curl&source=gbs_api,covers/9780743243780.jpg,ok_googlebooks
9781423161620,"The Last Guardian (Artemis Fowl, #8)",Eoin Colfer,,,not_found
9780451231610,"Ghost Town (The Morganville Vampires, #9)",Rachel Caine,http://books.google.com/books/content?id=wTj_zwEACAAJ&printsec=frontcover&img=1&zoom=1&source=gbs_api,covers/9780451231610.jpg,ok_googlebooks
,The Things We Wish Were True,Marybeth Mayhew Whalen,,,not_found
9780061778940,"Vampire Kisses: The Beginning (Vampire Kisses, #1-3)",Ellen Schreiber,,,not_found
9780446607280,"Angels Flight (Harry Bosch, #6; Harry Bosch Universe, #7)",Michael Connelly,,,not_found
9780345447980,Planet of the Apes,"Pierre Boulle, Xan Fielding",,,not_found
9780440132940,Evergreen,Belva Plain,,,not_found
9780553299500,The Robots of Dawn (Robot #3),Isaac Asimov,http://books.google.com/books/content?id=loXmI_Qv8-UC&printsec=frontcover&img=1&zoom=1&source=gbs_api,covers/9780553299500.jpg,ok_googlebooks
9780061996210,"Boundless (Unearthly, #3)",Cynthia Hand,,,not_found
,The Basketball Diaries,Jim Carroll,,,not_found
,"Sin City, Vol. 4: That Yellow Bastard (Sin City, #4)",Frank Miller,,,not_found
9780385313870,Deliverance,James Dickey,,,not_found
9780689860070,"Dragonsinger (Harper Hall, #2)",Anne McCaffrey,,,not_found
9781421506230,"D.Gray-man, Volume 01","Katsura Hoshino, Mayumi Kobayashi",,,not_found
9780440241360,The Rule of Four,"Ian Caldwell, Dustin Thomason",,,not_found
9780751552610,"The Redemption of Callie & Kayden (The Coincidence, #2)",Jessica Sorensen,,,not_found
9781616550550,"Avatar: The Last Airbender (The Search, #1)","Gene Luen Yang, Bryan Konietzko, Michael Dante DiMartino, Dave Marshall, Gurihiru",,,not_found
9780446699560,"The Closers (Harry Bosch, #11; Harry Bosch Universe, #13)",Michael Connelly,,,not_found
9780060525590,"Fire and Ice (Warriors, #2)",Erin Hunter,,,not_found
9781400083020,Love Is a Mix Tape,Rob Sheffield,,,not_found
9780373773920,The Darkest Whisper (Lords of the Underworld #4),Gena Showalter,,,not_found
9780064440590,"Frog and Toad All Year (Frog and Toad, #3)",Arnold Lobel,,,not_found
9780802142640,Please Kill Me: The Uncensored Oral History of Punk,"Legs McNeil, Gillian McCain",,,not_found
9780786915880,"The Dark Elf Trilogy Collector's Edition (Forgotten Realms: Dark Elf Trilogy, #1-3; Legend of Drizzt, #1-3)",R.A. Salvatore,,,not_found
9780425217240,"The Harlequin (Anita Blake, Vampire Hunter #15)",Laurell K. Hamilton,,,not_found
9781416954170,"Found (The Missing, #1)",Margaret Peterson Haddix,,,not_found
,"The Girl In The Ice (Detective Erika Foster, #1)",Robert Bryndza,,,not_found
9780345546920,First Comes Love,Emily Giffin,,,not_found
9788370540790,"Krew elfów (Saga o Wiedźminie, #3)",Andrzej Sapkowski,,,not_found
9780060512150," Angels (Walsh Family, #3)",Marian Keyes,,,not_found
9780060759960,Little Altars Everywhere,Rebecca Wells,,,not_found
9781934648210,Ben-Hur: A Tale of the Christ,Lew Wallace,,,not_found
9781741663010,"The Kings of Clonmel (Ranger's Apprentice, #8)",John Flanagan,,,not_found
9780156421170,Homage to Catalonia,"George Orwell, Lionel Trilling",,,not_found
9780062200630,The Fireman,Joe Hill,http://books.google.com/books/content?id=rqAeswEACAAJ&printsec=frontcover&img=1&zoom=1&source=gbs_api,covers/9780062200630.jpg,ok_googlebooks
9780345533490,"A Knight of the Seven Kingdoms (The Tales of Dunk and Egg, #1-3)","George R.R. Martin, Gary Gianni",,,not_found
9780446694840,Good Grief,Lolly Winston,,,not_found
9780062194720,"The Revenge of Seven (Lorien Legacies, #5)",Pittacus Lore,,,not_found
9781423121280,"Misguided Angel (Blue Bloods, #5)",Melissa de la Cruz,http://books.google.com/books/content?id=G2cjngEACAAJ&printsec=frontcover&img=1&zoom=1&source=gbs_api,covers/9781423121280.jpg,ok_googlebooks
9781416997920,"A World Without Heroes (Beyonders, #1)",Brandon Mull,,,not_found
9780859537280,There Was An Old Lady Who Swallowed A Fly (Classic Books),Pam Adams,,,not_found
2940044980980,"Undeniable (Undeniable, #1)",Madeline Sheehan,,,not_found
9780553233700,"Emily of New Moon (Emily, #1)",L.M. Montgomery,,,not_found
9780802138260,Four Blondes,Candace Bushnell,,,not_found
9780061718950,Medium Raw: A Bloody Valentine to the World of Food and the People Who Cook,Anthony Bourdain,,,not_found
9780802150590,Heart of a Dog,"Mikhail Bulgakov, Mirra Ginsburg, Mikhail Bulgakov",,,not_found
9780140092510,Chaos: Making a New Science,James Gleick,http://books.google.com/books/content?id=pjXuAAAAMAAJ&printsec=frontcover&img=1&zoom=1&source=gbs_api,covers/9780140092510.jpg,ok_googlebooks
9780679723110,Grendel,John Gardner,,,not_found
9780061144840,"The Pale Horseman (The Saxon Stories, #2)",Bernard Cornwell,,,not_found
,Time Enough for Love,Robert A. Heinlein,,,not_found
9780785100490,Marvels,"Kurt Busiek, Alex Ross",,,not_found
9781595144910,The Future of Us,"Jay Asher, Carolyn Mackler",,,not_found
,"An Invisible Thread: The True Story of an 11-Year-Old Panhandler, a Busy Sales Executive, and an Unlikely Meeting with Destiny","Laura Schroff, Alex Tresniowski, Valerie Salembier",,,not_found
9780316024650,"Cross Country (Alex Cross, #14)",James Patterson,,,not_found
9781936365750,A Hologram for the King,Dave Eggers,http://books.google.com/books/content?id=Gi7lBQAAQBAJ&printsec=frontcover&img=1&zoom=1&edge=curl&source=gbs_api,covers/9781936365750.jpg,ok_googlebooks
9781593078220,"Buffy the Vampire Slayer: The Long Way Home (Season 8, #1)","Joss Whedon, Georges Jeanty",,,not_found
9781849231850,"Rock Chick (Rock Chick, #1)",Kristen Ashley,,,not_found
9781442445800,"The Program (The Program, #1)",Suzanne Young,,,not_found
9780345461670,Judas Unchained,Peter F. Hamilton,,,not_found
9780446699530,"City of Bones (Harry Bosch, #8; Harry Bosch Universe, #10)",Michael Connelly,,,not_found
9781416571740,Going Too Far,Jennifer Echols,,,not_found
9781400031370,"Morality for Beautiful Girls (No. 1 Ladies' Detective Agency, #3)",Alexander McCall Smith,,,not_found
9780062120400,The Son,Philipp Meyer,,,not_found
9780060735450,Island of the Sequined Love Nun,"Christopher Moore, Oliver Wyman",,,not_found
9780670785600,The Moon and More,Sarah Dessen,,,not_found
9780609602200,The Barefoot Contessa Cookbook,"Ina Garten, Melanie Acevedo",,,not_found
9781595143430,"Virals (Virals, #1)","Kathy Reichs, Brendan Reichs",,,not_found
9780312372130,"Marked / Betrayed / Chosen / Untamed (House of Night, #1-4)","P.C. Cast, Kristin Cast",,,not_found
9780312938820,"The Dream Hunter (Dark-Hunter #10, Dream-Hunter #1)",Sherrilyn Kenyon,http://books.google.com/books/content?id=AZrmAgAAQBAJ&printsec=frontcover&img=1&zoom=1&edge=curl&source=gbs_api,covers/9780312938820.jpg,ok_googlebooks
9780446607710,The Simple Truth,David Baldacci,,,not_found
9780345505000,"The City of Mirrors (The Passage, #3)",Justin Cronin,,,not_found
9780805089260,Mennonite in a Little Black Dress: A Memoir of Going Home,Rhoda Janzen,,,not_found
9780380728020,"Ramona Forever (Ramona, #7)",Beverly Cleary,,,not_found
9788129135730,Half Girlfriend,Chetan Bhagat,,,not_found
9780064409600,"Love That Dog (Jack, #1)",Sharon Creech,http://books.google.com/books/content?id=hJIp2q3DFMAC&printsec=frontcover&img=1&zoom=1&edge=curl&source=gbs_api,covers/9780064409600.jpg,ok_googlebooks
9780836218310,The Far Side Gallery 3,Gary Larson,,,not_found
9780765345040,"Kushiel's Chosen (Phèdre's Trilogy, #2)",Jacqueline Carey,http://books.google.com/books/content?id=7zRL7DhTcAYC&printsec=frontcover&img=1&zoom=1&edge=curl&source=gbs_api,covers/9780765345040.jpg,ok_googlebooks
9780446675500,"Parable of the Sower (Earthseed, #1)",Octavia E. Butler,,,not_found
9781846057920,"11th Hour (Women's Murder Club, #11)","James Patterson, Maxine Paetro",,,not_found
9780140369270,Anne Frank: Beyond the Diary - A Photographic Remembrance,"Ruud van der Rol, Rian Verhoeven, Anna Quindlen, Anne Frank, Tony Langham, Plym Peters",,,not_found
9781570623450,When Things Fall Apart: Heart Advice for Difficult Times,Pema Chödrön,http://books.google.com/books/content?id=bQMF11-_w0AC&printsec=frontcover&img=1&zoom=1&source=gbs_api,covers/9781570623450.jpg,ok_googlebooks
9781416595210,"The Last Man (Mitch Rapp, #13)",Vince Flynn,http://books.google.com/books/content?id=AIu1yDMSTk8C&printsec=frontcover&img=1&zoom=1&edge=curl&source=gbs_api,covers/9781416595210.jpg,ok_googlebooks
9780765329040,"Earth Unaware (The First Formic War, #1)","Orson Scott Card, Aaron Johnston",,,not_found
,"Daddy-Long-Legs (Daddy-Long-Legs, #1)",Jean Webster,,,not_found
9780060975780,Jesus' Son,Denis Johnson,http://books.google.com/books/content?id=Kb8gsAmo68QC&printsec=frontcover&img=1&zoom=1&source=gbs_api,covers/9780060975780.jpg,ok_googlebooks
9780312658660,The American Heiress,Daisy Goodwin,,,not_found
9780671729490,"Seeds of Yesterday (Dollanganger, #4)",V.C. Andrews,,,not_found
9780810933510,Andy Goldsworthy: A Collaboration with Nature,Andy Goldsworthy,,,not_found
9780345464020,Saving Fish from Drowning,Amy Tan,,,not_found
9781591840210,Purple Cow: Transform Your Business by Being Remarkable,Seth Godin,,,not_found
9781439164690,Love Anthony,Lisa Genova,,,not_found
9781932664490,"Scott Pilgrim, Volume 4: Scott Pilgrim Gets It Together","Bryan Lee O'Malley, Steve Buccellato",http://books.google.com/books/content?id=XooqAAAAYAAJ&printsec=frontcover&img=1&zoom=1&source=gbs_api,covers/9781932664490.jpg,ok_googlebooks
,"The Gamble (Colorado Mountain, #1)",Kristen Ashley,,,not_found
9780399162440,"The Last Star (The 5th Wave, #3)",Rick Yancey,,,not_found
9780553270940,QB VII,Leon Uris,,,not_found
9780064410470,So B. It,Sarah Weeks,,,not_found
9781250074130,All the Ugly and Wonderful Things,Bryn Greenwood,,,not_found
9780451466810,"The Aeronaut's Windlass (The Cinder Spires, #1)",Jim Butcher,,,not_found
9780152052220,East,Edith Pattou,http://books.google.com/books/content?id=vur50QP7A2YC&printsec=frontcover&img=1&zoom=1&edge=curl&source=gbs_api,covers/9780152052220.jpg,ok_googlebooks
9780345335080,"Dragonquest (Pern, #2)",Anne McCaffrey,http://books.google.com/books/content?id=5hVtrr5qIDsC&printsec=frontcover&img=1&zoom=1&source=gbs_api,covers/9780345335080.jpg,ok_googlebooks
9780861661410,From Hell,"Alan Moore, Eddie Campbell, Pete Mullins",,,not_found
,"Crazy Little Thing (Bell Harbor, #1)",Tracy Brogan,,,not_found
9780553587690,"The Perfect Husband (Quincy & Rainie, #1)",Lisa Gardner,,,not_found
9780345366240,The Eight (The Eight #1),Katherine Neville,,,not_found
9781444737100,A Street Cat Named Bob: How One Man and His Cat Found Hope on the Streets,James Bowen,,,not_found
9780393301590,Civilization and Its Discontents,"Sigmund Freud, James Strachey, Peter Gay",,,not_found
9780553392420,"Fool's Assassin (The Fitz and the Fool, #1)",Robin Hobb,,,not_found
9780345545860,"Complete Me (Stark Trilogy, #3)",J. Kenner,,,not_found
9780785115310,"Astonishing X-Men, Volume 1: Gifted","Joss Whedon, John Cassaday",,,not_found
9780061214710,"Fragile Eternity (Wicked Lovely, #3)",Melissa Marr,http://books.google.com/books/content?id=fsgElRXdo1QC&printsec=frontcover&img=1&zoom=1&edge=curl&source=gbs_api,covers/9780061214710.jpg,ok_googlebooks
9780060933170,The Great and Secret Show (Book of the Art #1),Clive Barker,,,not_found
9780312424440,I am Charlotte Simmons,Tom Wolfe,,,not_found
9780380715440,The Mother Tongue: English and How It Got That Way,Bill Bryson,http://books.google.com/books/content?id=7-9sPwAACAAJ&printsec=frontcover&img=1&zoom=1&source=gbs_api,covers/9780380715440.jpg,ok_googlebooks
,The Next Best Thing,Jennifer Weiner,,,not_found
9780446580270,The Geography of Bliss: One Grump's Search for the Happiest Places in the World,Eric    Weiner,,,not_found
9780316043120,"The Twilight Saga: The Official Illustrated Guide (Twilight, #4.5)",Stephenie Meyer,http://books.google.com/books/content?id=n4NolwEACAAJ&printsec=frontcover&img=1&zoom=1&source=gbs_api,covers/9780316043120.jpg,ok_googlebooks
9781511660660,"The Mistake (Off-Campus, #2)",Elle Kennedy,,,not_found
9780060734560,"Match Me If You Can (Chicago Stars, #6)",Susan Elizabeth Phillips,,,not_found
9780749932820,"Heaven and Earth (Three Sisters Island, #2)",Nora Roberts,,,not_found
9780425195480,The Bad Place,Dean Koontz,,,not_found
9780060755870,Avalon High,Meg Cabot,,,not_found
9780736423120,The Three Little Pigs (Disney Classic),"Al Dempster, Milt Banta, Golden Books, Walt Disney Company",https://covers.openlibrary.org/b/isbn/9780736423120-L.jpg,covers/9780736423120.jpg,ok_openlibrary
9780345483450,Summer Island,Kristin Hannah,,,not_found
9780060628390,Celebration of Discipline: The Path to Spiritual Growth,Richard J. Foster,,,not_found
9780609807900,"Sloppy Firsts (Jessica Darling, #1)",Megan McCafferty,,,not_found
9780142401100,"A Long Way from Chicago (A Long Way from Chicago, #1)",Richard Peck,,,not_found
9780060931740,The Prime of Miss Jean Brodie,Muriel Spark,,,not_found
9781626720950,This One Summer,"Mariko Tamaki, Jillian Tamaki",http://books.google.com/books/content?id=vCHSAgAAQBAJ&printsec=frontcover&img=1&zoom=1&edge=curl&source=gbs_api,covers/9781626720950.jpg,ok_googlebooks
9780316221340,"Forgive Me, Leonard Peacock",Matthew Quick,,,not_found
9780446609400,Cradle and All,James Patterson,,,not_found
9781847371670,The Heroin Diaries: A Year In The Life Of A Shattered Rock Star,Nikki Sixx,,,not_found
9780743225700,Bringing Down the House: The Inside Story of Six M.I.T. Students Who Took Vegas for Millions,Ben Mezrich,,,not_found
9780739453830,"Black Rose (In the Garden, #2)",Nora Roberts,,,not_found
9781400077810,Einstein's Dreams,Alan Lightman,http://books.google.com/books/content?id=LvSMDQAAQBAJ&printsec=frontcover&img=1&zoom=1&edge=curl&source=gbs_api,covers/9781400077810.jpg,ok_googlebooks
9781934137190,Tinkers,Paul Harding,,,not_found
9781857233800,"The Druid of Shannara (Heritage of Shannara, #2)",Terry Brooks,,,not_found
9781502446930,Stepbrother Dearest,Penelope Ward,,,not_found
9780679734510,Demons,"Fyodor Dostoyevsky, Richard Pevear, Larissa Volokhonsky",,,not_found
,When I'm Gone,"Emily Bleeker, Dan John Miller",,,not_found
9780749935870,Seize the Night (Dark-Hunter #6),Sherrilyn Kenyon,,,not_found
9780689872990,"The Clique (The Clique, #1)",Lisi Harrison,http://books.google.com/books/content?id=WSyTPwAACAAJ&printsec=frontcover&img=1&zoom=1&source=gbs_api,covers/9780689872990.jpg,ok_googlebooks
9780060898490,Portrait in Sepia,"Isabel Allende, Margaret Sayers Peden",,,not_found
9781594481710,A Whole New Mind: Why Right-Brainers Will Rule the Future,Daniel H. Pink,http://books.google.com/books/content?id=xLNPEAAAQBAJ&printsec=frontcover&img=1&zoom=1&edge=curl&source=gbs_api,covers/9781594481710.jpg,ok_googlebooks
9781573223320,"Across the Nightingale Floor (Tales of the Otori, #1)",Lian Hearn,http://books.google.com/books/content?id=l46bZ1lQ3zoC&printsec=frontcover&img=1&zoom=1&edge=curl&source=gbs_api,covers/9781573223320.jpg,ok_googlebooks
9780553804360,A Briefer History of Time,"Stephen Hawking, Leonard Mlodinow",http://books.google.com/books/content?id=jNmJDQAAQBAJ&printsec=frontcover&img=1&zoom=1&edge=curl&source=gbs_api,covers/9780553804360.jpg,ok_googlebooks
9780679734530,Notes from Underground,"Fyodor Dostoyevsky, Christian Redl, Philip Dossick, Emanuela Guercetti, Michelle-Irène Brudny, Richard Pevear, Norman Dietz, Donald Fanger, coderati, Boris de Schlœzer, Larissa Volokhonsky",,,not_found
9780670026330,The Trespasser (Dublin Murder Squad #6),Tana French,,,not_found
9780553588250,Life Expectancy,Dean Koontz,http://books.google.com/books/content?id=sBtehF_9OFkC&printsec=frontcover&img=1&zoom=1&source=gbs_api,covers/9780553588250.jpg,ok_googlebooks
9780739467050,Q & A,Vikas Swarup,,,not_found
9781250046390,Once We Were Brothers,Ronald H. Balson,http://books.google.com/books/content?id=u_5wmwEACAAJ&printsec=frontcover&img=1&zoom=1&source=gbs_api,covers/9781250046390.jpg,ok_googlebooks
9780553157250,"Encyclopedia Brown, Boy Detective (Encyclopedia Brown, #1)",Donald J. Sobol,,,not_found
9780805093000,The Sixth Extinction: An Unnatural History,Elizabeth Kolbert,,,not_found
9780060885600,Billy Lynn's Long Halftime Walk,Ben Fountain,,,not_found
9781301673870,Making Faces,Amy Harmon,,,not_found
9780141026170,The Blind Watchmaker: Why the Evidence of Evolution Reveals a Universe Without Design,Richard Dawkins,,,not_found
9781416950100,"Fallout (Crank, #3)",Ellen Hopkins,http://books.google.com/books/content?id=24XJngEACAAJ&printsec=frontcover&img=1&zoom=1&source=gbs_api,covers/9781416950100.jpg,ok_googlebooks
9780749932980,"Face the Fire (Three Sisters Island, #3)",Nora Roberts,,,not_found
9781423110700,"The Dragon Heir (The Heir Chronicles, #3)",Cinda Williams Chima,,,not_found
9780425175410,"Black Notice (Kay Scarpetta, #10)",Patricia Cornwell,,,not_found
,Follow You Home,Mark  Edwards,,,not_found
9780316393870,The Wonder,Emma Donoghue,,,not_found
9780345463160,The Fourth Hand,John Irving,,,not_found
9780345494860,Innocent Traitor,Alison Weir,,,not_found
9781608870080,Harry Potter: A Pop-Up Book: Based on the Film Phenomenon,"Andrew Williamson, Andrew Williamson",http://books.google.com/books/content?id=XeDzzwEACAAJ&printsec=frontcover&img=1&zoom=1&source=gbs_api,covers/9781608870080.jpg,ok_googlebooks
9780380730350,"Gone, Baby, Gone (Kenzie & Gennaro, #4)",Dennis Lehane,,,not_found
9780345471180,On Mystic Lake,Kristin Hannah,,,not_found
9780553581550,"The Killing Game (Eve Duncan, #2)",Iris Johansen,,,not_found
9781442484240,"The Retribution of Mara Dyer (Mara Dyer, #3)",Michelle Hodkin,,,not_found
9780316905730,"Tunnels of Blood (Cirque Du Freak, #3)",Darren Shan,,,not_found
9781400082540,Rachael Ray 365: No Repeats: A Year of Deliciously Different Dinners,Rachael Ray,,,not_found
9780312342030,A Wolf at the Table,Augusten Burroughs,,,not_found
9780765347760,"Seventh Son (Tales of Alvin Maker, #1)",Orson Scott Card,,,not_found
9780060518510,Manhunt: The 12-Day Chase for Lincoln's Killer,James L. Swanson,,,not_found
9780060790590,The Mysteries of Pittsburgh,Michael Chabon,,,not_found
9780007233700,The Book of Tomorrow,Cecelia Ahern,,,not_found
9780062235670,On the Fence,Kasie West,,,not_found
,"James Potter and the Hall of Elders' Crossing (James Potter, #1)",G. Norman Lippert,,,not_found
9780307381460,Nefertiti,Michelle Moran,,,not_found
9780330411970,"Dissolution (Matthew Shardlake, #1)",C.J. Sansom,http://books.google.com/books/content?id=CyM-PgAACAAJ&printsec=frontcover&img=1&zoom=1&source=gbs_api,covers/9780330411970.jpg,ok_googlebooks
9780375913750,"Love, Stargirl (Stargirl, #2)",Jerry Spinelli,,,not_found
9781423147950,"Uncommon Criminals (Heist Society, #2)",Ally Carter,,,not_found
9781592406590,"You Are Not So Smart: Why You Have Too Many Friends on Facebook, Why Your Memory Is Mostly Fiction, and 46 Other Ways You're Deluding Yourself",David McRaney,,,not_found
9780553578520,"Into the Wilderness (Wilderness, #1)",Sara Donati,,,not_found
9780312655470,"How the Light Gets In (Chief Inspector Armand Gamache, #9)",Louise Penny,,,not_found
9781581344980,Don't Waste Your Life,John Piper,,,not_found
9780140443330,"The Oresteia  (Ορέστεια, #1-3)","Aeschylus, Robert Fagles, William Bedell Stanford",,,not_found
9780345425510,The Life of Elizabeth I,Alison Weir,,,not_found
9780307376660,La catedral del mar,Ildefonso Falcones,,,not_found
9781592975040,"Book of Mormon, Doctrine and Covenants, Pearl of Great Price",The Church of Jesus Christ of Latter-day Saints,,,not_found
9780062071130,"Everneath (Everneath, #1)",Brodi Ashton,http://books.google.com/books/content?id=ZyoLngEACAAJ&printsec=frontcover&img=1&zoom=1&source=gbs_api,covers/9780062071130.jpg,ok_googlebooks
9780446579220,Earth (The Book): A Visitor's Guide to the Human Race,"Jon Stewart, Rory Albanese, Kevin Bleyer, Rich Bloomquist, Steve Bodow, Tim Carvell, Wyatt Cenac, Hallie Haglund, J.R. Havlan, David Javerbaum, Elliott Kalan, Josh Lieb, Sam Means, Jo Miller, John Oliver, Daniel Radosh, Jason Ross",,,not_found
,All the Missing Girls,Megan Miranda,,,not_found
9781571740560,"Conversations With God: An Uncommon Dialogue, Book 2",Neale Donald Walsch,,,not_found
9780060527980,Warrior of the Light,Paulo Coelho,http://books.google.com/books/content?id=yH0zlwEACAAJ&printsec=frontcover&img=1&zoom=1&source=gbs_api,covers/9780060527980.jpg,ok_googlebooks
9780385522270,Where Men Win Glory: The Odyssey of Pat Tillman,Jon Krakauer,http://books.google.com/books/content?id=oMeJDQAAQBAJ&printsec=frontcover&img=1&zoom=1&edge=curl&source=gbs_api,covers/9780385522270.jpg,ok_googlebooks
9780739328280,"Plum Spooky (Stephanie Plum, #14.5)",Janet Evanovich,,,not_found
9780062336380,The Fill-In Boyfriend,Kasie West,http://books.google.com/books/content?id=ipbMoQEACAAJ&printsec=frontcover&img=1&zoom=1&source=gbs_api,covers/9780062336380.jpg,ok_googlebooks
9780553376050,How I Live Now,Meg Rosoff,,,not_found
9780307595130,Maine,J. Courtney Sullivan,,,not_found
9780439856260,"Mister Monday (The Keys to the Kingdom, #1)",Garth Nix,,,not_found
,"Fallen Crest High (Fallen Crest High, #1)",Tijan,,,not_found
9781595142510,"Strange Angels (Strange Angels, #1)","Lili St. Crow, Lilith Saintcrow",http://books.google.com/books/content?id=VxjGviFhnHoC&printsec=frontcover&img=1&zoom=1&edge=curl&source=gbs_api,covers/9781595142510.jpg,ok_googlebooks
9781561483400,Fix-It and Forget-It Cookbook: Feasting with Your Slow Cooker,"Dawn J. Ranck, Phyllis Pellman Good",,,not_found
9780805421310,The Vow: The Kim & Krickitt Carpenter Story,"Kim Carpenter, John R. Perry, Krickitt Carpenter",,,not_found
9780785121790,Civil War: A Marvel Comics Event,"Mark Millar, Steve McNiven, Dexter Vines, Morry Hollowell",,,not_found
9780399155820,Black Hills,Nora Roberts,http://books.google.com/books/content?id=aS-6PAAACAAJ&printsec=frontcover&img=1&zoom=1&source=gbs_api,covers/9780399155820.jpg,ok_googlebooks
9780786886300,Stolen Lives: Twenty Years in a Desert Jail,"Malika Oufkir, Michèle Fitoussi",,,not_found
9780307119410,Just Go to Bed,Mercer Mayer,,,not_found
9781439133770,The Puppet Masters,Robert A. Heinlein,,,not_found
,"Page (Protector of the Small, #2)",Tamora Pierce,,,not_found
9780778328800,These Things Hidden,Heather Gudenkauf,,,not_found
9780373210040,"My Soul to Take (Soul Screamers, #1)",Rachel Vincent,,,not_found
9780800793010,God's Smuggler,"Brother Andrew, Elizabeth Sherrill, John Sherrill",,,not_found
,"Fight with Me (With Me in Seattle, #2)",Kristen Proby,,,not_found
9780345470580,"xxxHolic, Vol. 1 (xxxHOLiC, #1)","CLAMP, William Flanagan",,,not_found
9780553572390,"Green Mars (Mars Trilogy, #2)",Kim Stanley Robinson,,,not_found
9780395416690,"Miss Nelson Is Back (Miss Nelson, #2)","Harry Allard, James  Marshall",,,not_found
9780744549520,The Canterville Ghost,"Oscar Wilde, Inga Moore",,,not_found
9780345529370,Seconds,"Bryan Lee O'Malley, Nathan Fairbairn",,,not_found
9780756402980,"To Green Angel Tower (Memory, Sorrow, and Thorn, #3)",Tad Williams,,,not_found
9781402735420,Anatomy for the Artist,Jenő Barcsay,,,not_found
9780316403440,Today Will Be Different,Maria Semple,,,not_found
9780967673740,Princess: A True Story of Life Behind the Veil in Saudi Arabia,Jean Sasson,,,not_found
9780440182930,Suffer the Children,John Saul,,,not_found
9780060739420,"Catherine, Called Birdy",Karen Cushman,,,not_found
9780553583180,The Power of Your Subconscious Mind,"Joseph Murphy, Ian McMahan",,,not_found
9780099271500,"Blood And Gold (The Vampire Chronicles, #8)",Anne Rice,,,not_found
9781857232560,"Magic Kingdom For Sale/Sold (Magic Kingdom of Landover, #1)",Terry Brooks,,,not_found
9781876175700,The Motorcycle Diaries: Notes on a Latin American Journey,"Ernesto Che Guevara, Aleida Guevara March",,,not_found
9780062317150,"The Guard (The Selection, #2.5)",Kiera Cass,,,not_found
9780373210590,"Alice in Zombieland (White Rabbit Chronicles, #1)",Gena Showalter,http://books.google.com/books/content?id=1I5SmgEACAAJ&printsec=frontcover&img=1&zoom=1&source=gbs_api,covers/9780373210590.jpg,ok_googlebooks
9780062026510,"The Crown of Embers (Fire and Thorns, #2)",Rae Carson,,,not_found
9780440442510,Johnny Tremain,"Esther Forbes, Lynd Ward",,,not_found
9781595540220,"Black: The Birth of Evil (The Circle, #1)",Ted Dekker,,,not_found
9780374191480,The Savage Detectives,"Roberto Bolaño, Natasha Wimmer",http://books.google.com/books/content?id=cTqSQgAACAAJ&printsec=frontcover&img=1&zoom=1&source=gbs_api,covers/9780374191480.jpg,ok_googlebooks
9781590171690,Chess Story,"Stefan Zweig, Joel Rotenberg, Hans Hausmann, Dirk Muller, Peter Gay, Willy Trenk-Trebitsch, Mario Adorf, Gert Westphal",,,not_found
9780316043920,"The Hundred Thousand Kingdoms (Inheritance Trilogy, #1)",N.K. Jemisin,,,not_found
9780399226170,Officer Buckle & Gloria,Peggy Rathmann,,,not_found
9780440236560,"Kiss of the Highlander (Highlander, #4)",Karen Marie Moning,http://books.google.com/books/content?id=0hQDAAAACAAJ&printsec=frontcover&img=1&zoom=1&source=gbs_api,covers/9780440236560.jpg,ok_googlebooks
9780545324090,"The Medusa Plot (39 Clues: Cahills vs. Vespers, #1)",Gordon Korman,,,not_found
9780736420950,The Lion King: A little Golden Book,"Justine Korman Fontes, Don Williams, Walt Disney Company",,,not_found
9780385351380,The Son,"Jo Nesbø, Charlotte Barslund",,,not_found
9780440420480,"The Penderwicks: A Summer Tale of Four Sisters, Two Rabbits, and a Very Interesting Boy (The Penderwicks #1)",Jeanne Birdsall,,,not_found
9781607061600,"Chew, Vol. 1: Taster's Choice","John Layman, Rob Guillory",http://books.google.com/books/content?id=InMgcgAACAAJ&printsec=frontcover&img=1&zoom=1&source=gbs_api,covers/9781607061600.jpg,ok_googlebooks
9781400067890,Elizabeth the Queen: The Life of a Modern Monarch,Sally Bedell Smith,,,not_found
9780061668070,"Spells (Wings, #2)",Aprilynne Pike,,,not_found
9780440418510,A Single Shard,Linda Sue Park,,,not_found
9780786931580,"Time of the Twins (Dragonlance: Legends, #1)","Margaret Weis, Tracy Hickman",,,not_found
9780141439880,Cranford,Elizabeth Gaskell,,,not_found
9780060852020,"Queen of Babble Gets Hitched (Queen of Babble, #3)",Meg Cabot,,,not_found
9780140168130,Big Sur,"Jack Kerouac, Aram Saroyan",http://books.google.com/books/content?id=wD5q0HoPgfUC&printsec=frontcover&img=1&zoom=1&source=gbs_api,covers/9780140168130.jpg,ok_googlebooks
9780446580830,"The Lion (John Corey, #5)",Nelson DeMille,https://covers.openlibrary.org/b/isbn/9780446580830-L.jpg,covers/9780446580830.jpg,ok_openlibrary
9781594489170,The Last Summer (of You and Me),Ann Brashares,http://books.google.com/books/content?id=n4x2ngEACAAJ&printsec=frontcover&img=1&zoom=1&source=gbs_api,covers/9781594489170.jpg,ok_googlebooks
9781585678750,"My Man Jeeves (Jeeves, #1)",P.G. Wodehouse,,,not_found
9780061659220,"Radiant Shadows (Wicked Lovely, #4)",Melissa Marr,,,not_found
9780330369950,Underworld,Don DeLillo,,,not_found
,"Reaper's Property (Reapers MC, #1)",Joanna Wylde,,,not_found
9781476248950,"Motorcycle Man (Dream Man, #4)",Kristen Ashley,,,not_found
9780062072090,"Into the Still Blue (Under the Never Sky, #3)",Veronica Rossi,,,not_found
9781455581080,"The Art of Asking; or, How I Learned to Stop Worrying and Let People Help",Amanda Palmer,,,not_found
9781563893120,"Preacher, Volume 2: Until the End of the World","Garth Ennis, Steve Dillon",,,not_found
9780061779750,Sacré Bleu: A Comedy d'Art,Christopher Moore,,,not_found
9780618391000,The Lord of the Rings: Weapons and Warfare,"Chris   Smith, Christopher Lee, Richard Taylor",,,not_found
9780575070530,Roadside Picnic,"Arkady Strugatsky, Boris Strugatsky, Antonina W. Bouis, Antonina W. Bouis, Theodore Sturgeon",https://covers.openlibrary.org/b/isbn/9780575070530-L.jpg,covers/9780575070530.jpg,ok_openlibrary
9781582349060,"Enna Burning (The Books of Bayern, #2)",Shannon Hale,,,not_found
9780156032830,The Club Dumas,"Arturo Pérez-Reverte, Sonia Soto",,,not_found
9789770932930,1919,أحمد مراد,,,not_found
9780060724700,"Twilight (The Mediator, #6)",Meg Cabot,,,not_found
9780380709590,"Dear Mr. Henshaw (Leigh Botts, #1)","Beverly Cleary, Paul O. Zelinsky",,,not_found
9780743437320,"The Lost City of Faar (Pendragon, #2)",D.J. MacHale,,,not_found
9781857028160,The Magician's Assistant,Ann Patchett,,,not_found
9780349108390,Generation X: Tales for an Accelerated Culture,Douglas Coupland,,,not_found
9780802123460,The Sympathizer,Viet Thanh Nguyen,,,not_found
9781451626070,"The Kingmaker's Daughter (The Plantagenet and Tudor Novels, #4)","Philippa Gregory, Mirjana Valent",,,not_found
9781579126280,"Evil Under the Sun (Hercule Poirot, #23)",Agatha Christie,,,not_found
9780553278030,"A Great Deliverance (Inspector Lynley, #1)",Elizabeth  George,,,not_found
9780062290400,"The Invasion of the Tearling (The Queen of the Tearling, #2)",Erika Johansen,,,not_found
9780736423090,Dumbo: A Little Golden Book,Walt Disney Company,,,not_found
9780307960470,"Phantom (Harry Hole, #9)","Jo Nesbø, Don Bartlett",,,not_found
9780312530650,Marked / Betrayed / Chosen / Untamed / Hunted (House of Night #1-5),"P.C. Cast, Kristin Cast",,,not_found
9780099446730,"Blackwood Farm (The Vampire Chronicles, #9)",Anne Rice,,,not_found
9780307277770,The Painted Veil,W. Somerset Maugham,,,not_found
9780007198920,A Place Called Here,Cecelia Ahern,,,not_found
9780609800140,Anatomy of the Spirit: The Seven Stages of Power and Healing,Caroline Myss,,,not_found
9780349117040,"The Kalahari Typing School for Men (No. 1 Ladies' Detective Agency, #4)",Alexander McCall Smith,,,not_found
9780399162170,A Hundred Summers,Beatriz Williams,,,not_found
9780618724830,The Wednesday Wars,Gary D. Schmidt,,,not_found
9780525471350,Skippyjon Jones,Judy Schachner,,,not_found
9780399157450,Chasing Fire,Nora Roberts,,,not_found
9781847024700,Hedda Gabler,"Henrik Ibsen, William Archer",,,not_found
9780689861130,"Moo, Baa, La La La!",Sandra Boynton,,,not_found
9780786939850,"The Legacy (Forgotten Realms: Legacy of the Drow, #1; Legend of Drizzt, #7)",R.A. Salvatore,,,not_found
9780008250450,"A Torch Against the Night (An Ember in the Ashes, #2)",Sabaa Tahir,http://books.google.com/books/content?id=kjZVDgAAQBAJ&printsec=frontcover&img=1&zoom=1&edge=curl&source=gbs_api,covers/9780008250450.jpg,ok_googlebooks
9781585426010,The Science of Getting Rich,Wallace D. Wattles,,,not_found
9780061230940,"The Last Oracle (Sigma Force, #5)",James Rollins,,,not_found
9789953890530,ذاكرة الجسد,"أحلام مستغانمي, Ahlam Mosteghanemi",,,not_found
9780060897840,Vinegar Hill,A. Manette Ansay,,,not_found
9780553274190,"Startide Rising (The Uplift Saga, #2)",David Brin,,,not_found
9781576754220,Eat That Frog!: 21 Great Ways to Stop Procrastinating and Get More Done in Less Time,Brian Tracy,,,not_found
9781481200580,"Significance (Significance, #1)",Shelly Crane,,,not_found
9780060512620,"My Friend Flicka (Flicka, #1)","Mary O'Hara, Dave Blossom",https://covers.openlibrary.org/b/isbn/9780060512620-L.jpg,covers/9780060512620.jpg,ok_openlibrary
9780812974610,Pompeii,Robert   Harris,,,not_found
9780517220770,The Complete Stories and Poems,Lewis Carroll,,,not_found
9781455536250,"The Guilty (Will Robie, #4)",David Baldacci,,,not_found
9780671201590,A History of Western Philosophy,Bertrand Russell,,,not_found
9780451528160,Le Morte d'Arthur: King Arthur and the Legends of the Round Table,"Thomas Malory, Keith Baines, Robert Graves",,,not_found
9781400052300,A Piece of Cake,Cupcake Brown,,,not_found
9780805080510,Taran Wanderer (The Chronicles of Prydain #4),Lloyd Alexander,,,not_found
9780786886810,How to Be a Domestic Goddess: Baking and the Art of Comfort Cooking,Nigella Lawson,,,not_found
9781598183600,Rebecca of Sunnybrook Farm,Kate Douglas Wiggin,,,not_found
9780060562520,"Devil in Winter (Wallflowers, #3)",Lisa Kleypas,,,not_found
9780446612750,"Brimstone (Pendergast, #5; Diogenes, #1)","Douglas Preston, Lincoln Child",,,not_found
9781595540360,"White: The Great Pursuit (The Circle, #3)",Ted Dekker,,,not_found
9780152063120,"The Dead and the Gone (Last Survivors, #2)",Susan Beth Pfeffer,,,not_found
9780778303760,The Darkest Passion (Lords of the Underworld #5),Gena Showalter,,,not_found
,The Ladies' Room,Carolyn Brown,,,not_found
9781439136640,"Revenge Wears Prada: The Devil Returns (The Devil Wears Prada, #2)",Lauren Weisberger,,,not_found
9780743455800,Smiley's People,John le Carré,,,not_found
9780152053110,A Northern Light,Jennifer Donnelly,http://books.google.com/books/content?id=-tsOvDyJqqwC&printsec=frontcover&img=1&zoom=1&edge=curl&source=gbs_api,covers/9780152053110.jpg,ok_googlebooks
9781416591050,"Empire of the Summer Moon: Quanah Parker and the Rise and Fall of the Comanches, the Most Powerful Indian Tribe in American History",S.C. Gwynne,,,not_found
9780786229080,"Apollyon (Left Behind, #5)","Tim LaHaye, Jerry B. Jenkins",,,not_found
9780842356220,"Redemption (Redemption, #1)","Karen Kingsbury, Gary Smalley",,,not_found
9780061043570,"Whose Body?  (Lord Peter Wimsey, #1)",Dorothy L. Sayers,,,not_found
9780142003700,Michelangelo and the Pope's Ceiling,Ross King,,,not_found
9780689847430,Alice's Adventures in Wonderland: A Pop-Up Adaptation,"Robert Sabuda, Lewis Carroll",,,not_found
9780452285930,"Stolen (Women of the Otherworld, #2)",Kelley Armstrong,,,not_found
9780446616490,"Hour Game (Sean King & Michelle Maxwell, #2)",David Baldacci,,,not_found
,"Eyes Wide Open (The Blackstone Affair, #3)",Raine Miller,,,not_found
9780553381010,Selected Stories,"Anton Chekhov, Richard Pevear, Larissa Volokhonsky",,,not_found
9780755328950,"The Cruelest Month (Chief Inspector Armand Gamache, #3)",Louise Penny,,,not_found
9781423409460,"Piano/Vocal/Guitar Sheet Music: The Chronicles of Narnia: The Lion, the Witch and The Wardrobe",Harry Gregson-Williams,,,not_found
9780451187840,We the Living,"Ayn Rand, Leonard Peikoff",,,not_found
9780679847600,"Ballet Shoes (Shoes, #1)","Noel Streatfeild, Diane Goode",,,not_found
9780385526340,Pygmy,Chuck Palahniuk,https://covers.openlibrary.org/b/isbn/9780385526340-L.jpg,covers/9780385526340.jpg,ok_openlibrary
9780802130720,100 Selected Poems,E.E. Cummings,,,not_found
9780374384720,"The Winner's Crime (The Winner's Trilogy, #2)",Marie Rutkoski,,,not_found
9781594488800,The Little Stranger,Sarah Waters,,,not_found
9780060525610,"Forest of Secrets (Warriors, #3)",Erin Hunter,,,not_found
9780451223890,"Such a Pretty Fat: One Narcissist's Quest to Discover If Her Life Makes Her Ass Look Big, or Why Pie Is Not the Answer",Jen Lancaster,,,not_found
9781476756660,We Are Not Ourselves,Matthew  Thomas,,,not_found
9780425256750,"Night Broken (Mercy Thompson, #8)",Patricia Briggs,,,not_found
9780062286920,"Snow Like Ashes (Snow Like Ashes, #1)",Sara Raasch,,,not_found
9781416936500,"Just Ella (The Palace Chronicles, #1)",Margaret Peterson Haddix,,,not_found
9780515139400,"Red Lily (In the Garden, #3)",Nora Roberts,,,not_found
9781594481890,Reviving Ophelia: Saving the Selves of Adolescent Girls,Mary Pipher,,,not_found
9780064430970,Bread and Jam for Frances,"Russell Hoban, Lillian Hoban",,,not_found
9780060888630,"Lords of the North (The Saxon Stories, #3)",Bernard Cornwell,,,not_found
9781416900310,Megan Meade's Guide to the McGowan Boys,Kate Brian,,,not_found
9781842430360,Half Asleep in Frog Pajamas,Tom Robbins,,,not_found
9780812992890,China Dolls,Lisa See,,,not_found
9781406350490,More Than This,Patrick Ness,,,not_found
9780060988650,Mirror Mirror,Gregory Maguire,,,not_found
9780679728740,Child of God,Cormac McCarthy,,,not_found
9780842339770,"As Sure as the Dawn (Mark of the Lion, #3)",Francine Rivers,,,not_found
9781419710210,El Deafo,"Cece Bell, David Lasky",,,not_found
9781401390270,One Fifth Avenue,"Candace Bushnell, Donna Murphy",,,not_found
9781594205380,Lexicon,Max Barry,http://books.google.com/books/content?id=2Mf6ngEACAAJ&printsec=frontcover&img=1&zoom=1&source=gbs_api,covers/9781594205380.jpg,ok_googlebooks
9781582404880,"The Walking Dead, Vol. 03: Safety Behind Bars","Robert Kirkman, Charlie Adlard",,,not_found
9781857983420,"Flow My Tears, the Policeman Said",Philip K. Dick,,,not_found
9781414315710,The Last Sin Eater,Francine Rivers,,,not_found
9780451419710,"Down London Road (On Dublin Street, #2)",Samantha Young,http://books.google.com/books/content?id=G72NEAAAQBAJ&printsec=frontcover&img=1&zoom=1&source=gbs_api,covers/9780451419710.jpg,ok_googlebooks
9780743457260,A Knight in Shining Armor,Jude Deveraux,,,not_found
9781442402320,"Rot & Ruin (Rot & Ruin, #1)",Jonathan Maberry,,,not_found
9780872205540,The Trial and Death of Socrates,"Plato, G.M.A. Grube, John M. Cooper",,,not_found
9780140440390,History of the Peloponnesian War,"Thucydides, Rex Warner, Moses I. Finley",,,not_found
9780786865060,Heavier Than Heaven: A Biography of Kurt Cobain,Charles R. Cross,,,not_found
9781593081200,The Red Badge of Courage and Selected Short Fiction  ,"Stephen Crane, George Stade, Richard Fusco",,,not_found
9780312359320,The Last Child,John Hart,,,not_found
9780061714310,"Sandman Slim (Sandman Slim, #1)",Richard Kadrey,,,not_found
9780811200130,Labyrinths:  Selected Stories and Other Writings,"Jorge Luis Borges, Donald A. Yates, James E. Irby, André Maurois",,,not_found
9780393326000,The Price of Salt,Patricia Highsmith,,,not_found
9780316734840,Fortune's Rocks,Anita Shreve,,,not_found
9781402784040,"Tiger's Quest (The Tiger Saga, #2)",Colleen Houck,,,not_found
9780451227940,"Friday Night Bites (Chicagoland Vampires, #2)",Chloe Neill,,,not_found
9781595541900,The Oath,Frank E. Peretti,,,not_found
9780195189770,The Undercover Economist,Tim Harford,,,not_found
9780399255370,The Day the Crayons Quit,"Drew Daywalt, Oliver Jeffers",,,not_found
,Summerland,Elin Hilderbrand,,,not_found
9780061345690,"Rumors (Luxe, #2)",Anna Godbersen,,,not_found
9780316037530,The Heretic's Daughter,Kathleen Kent,,,not_found
,"Knight (Unfinished Hero, #1)",Kristen Ashley,,,not_found
9781451612070,Kisses from Katie: A Story of Relentless Love and Redemption,"Katie J. Davis, Beth Clark",,,not_found
9780446611630,Chasing the Dime,Michael Connelly,,,not_found
9780679772870,The Magic Mountain,"Thomas Mann, John E. Woods",,,not_found
9780062278970,"A Thousand Pieces of You (Firebird, #1)",Claudia Gray,,,not_found
9780440415790,Pictures of Hollis Woods,Patricia Reilly Giff,,,not_found
9780330340330,"The Reality Dysfunction (Night's Dawn, #1)",Peter F. Hamilton,,,not_found
9780006174430,The Sands of Time,Sidney Sheldon,,,not_found
,"Crashed (Driven, #3)",K. Bromberg,,,not_found
9780241144140,NW,Zadie Smith,,,not_found
9780060005700,The Paradox of Choice: Why More Is Less,Barry Schwartz,,,not_found
9780316166320,"Nine Dragons (Harry Bosch, #15; Mickey Haller, #3; Harry Bosch Universe, #18)",Michael Connelly,,,not_found
,"12th of Never (Women's Murder Club, #12)","James Patterson, Maxine Paetro",,,not_found
9780440226680,Blood and Chocolate,Annette Curtis Klause,,,not_found
9780525478120,"Eighth Grade Bites (The Chronicles of Vladimir Tod, #1)",Heather Brewer,,,not_found
9780670038570,Second Chance,Jane Green,,,not_found
9780486424580,"Women in Love (Brangwen Family, #2)",D.H. Lawrence,,,not_found
9780553278740,The Postman,David Brin,,,not_found
9780060096090,"Princess in Waiting (The Princess Diaries, #4)",Meg Cabot,https://covers.openlibrary.org/b/isbn/9780060096090-L.jpg,covers/9780060096090.jpg,ok_openlibrary
9781841150500,The Patron Saint of Liars,Ann Patchett,,,not_found
9780060594890,The Success Principles: How to Get from Where You Are to Where You Want to Be,"Jack Canfield, Janet Switzer",,,not_found
9780385722220,Stranger than Fiction,Chuck Palahniuk,http://books.google.com/books/content?id=glGKDQAAQBAJ&printsec=frontcover&img=1&zoom=1&edge=curl&source=gbs_api,covers/9780385722220.jpg,ok_googlebooks
9782839906170,Business Model Generation,"Alexander Osterwalder, Yves Pigneur",,,not_found
9780312194390,"The Autobiography of Henry VIII: With Notes by His Fool, Will Somers",Margaret George,,,not_found
9780393064480,The Swerve: How the World Became Modern,Stephen Greenblatt,,,not_found
9780345418420,The Ringworld Engineers (Ringworld #2),Larry Niven,,,not_found
9780670038300,The Brain That Changes Itself: Stories of Personal Triumph from the Frontiers of Brain Science,Norman Doidge,,,not_found
9780316125840,"I Hunt Killers (Jasper Dent, #1)",Barry Lyga,,,not_found
9780525429140,Kitchens of the Great Midwest,J. Ryan Stradal,,,not_found
9780590416020,Stone Soup,"Ann McGovern, Winslow Pinney Pels, Winslow Pinn, Ey Pels",,,not_found
9789770919410,شيكاجو,"Alaa Al Aswany, علاء الأسواني",,,not_found
9780752876450,"Black Order (Sigma Force, #3)",James Rollins,,,not_found
9780316219040,"Promise of Blood (Powder Mage, #1)",Brian  McClellan,,,not_found
9780385341950,"Fractured (Will Trent, #2)",Karin Slaughter,,,not_found
9780553496680,The Sun Is Also a Star,Nicola Yoon,,,not_found
9781842322760,On the Beach,Nevil Shute,,,not_found
9780316410980,The Murder House,"James Patterson, David Ellis",,,not_found
9781594205420,Funny Girl,Nick Hornby,,,not_found
9780765376470,"A Gathering of Shadows (Shades of Magic, #2)","V.E. Schwab, Victoria Schwab",,,not_found
9780553582740,From the Corner of His Eye,Dean Koontz,,,not_found
9780767912270,To Have and to Hold,Jane Green,,,not_found
9781400044610,"Blind Willow, Sleeping Woman","Haruki Murakami, Philip Gabriel, Jay Rubin",,,not_found
9781400054350,Barefoot Contessa Back to Basics,"Ina Garten, Quentin Bacon",,,not_found
9781606840570,"The Dark Divine (The Dark Divine, #1)",Bree Despain,,,not_found
,"Predestined (Existence Trilogy, #2)",Abbi Glines,,,not_found
9780345479720,Until I Find You,John Irving,,,not_found
9780345409870,Women Who Run With the Wolves: Myths and Stories of the Wild Woman Archetype,Clarissa Pinkola Estés,,,not_found
9780385521380,New York,Edward Rutherfurd,http://books.google.com/books/content?id=8vZ7ngEACAAJ&printsec=frontcover&img=1&zoom=1&source=gbs_api,covers/9780385521380.jpg,ok_googlebooks
9780743201150,"Now, Discover Your Strengths","Marcus Buckingham, Donald O. Clifton",,,not_found
9781401309660,The Long Tail: Why the Future of Business is Selling Less of More,Chris Anderson,,,not_found
9780152046930,"Calling on Dragons (Enchanted Forest Chronicles, #3)","Patricia C. Wrede, Peter de Sève",,,not_found
9781400041210,"Heat: An Amateur's Adventures as Kitchen Slave, Line Cook, Pasta-Maker, and Apprentice to a Dante-Quoting Butcher in Tuscany",Bill Buford,,,not_found
9780395083630,Mein Kampf,Adolf Hitler,,,not_found
9780670034800,Swapping Lives,Jane Green,,,not_found
9781455807050,"The Perfect Hope (Inn Boonsboro, #3)",Nora Roberts,,,not_found
9781465341880,"Consequences (Consequences, #1)",Aleatha Romig,,,not_found
9780061962780,Inside Out & Back Again,Thanhha Lai,,,not_found
9780684856090,The 7 Habits of Highly Effective Teens: The Ultimate Teenage Success Guide,Sean Covey,,,not_found
9780143036470,Smashed: Story of a Drunken Girlhood,Koren Zailckas,https://covers.openlibrary.org/b/isbn/9780143036470-L.jpg,covers/9780143036470.jpg,ok_openlibrary
9780062012010,"Dreamless (Starcrossed, #2)",Josephine Angelini,,,not_found
9780312377020,"A Rule Against Murder (Chief Inspector Armand Gamache, #4)",Louise Penny,,,not_found
9780810984260,"The Strange Case of Origami Yoda (Origami Yoda, #1)",Tom Angleberger,,,not_found
9781591840560,"The Art of the Start: The Time-Tested, Battle-Hardened Guide for Anyone Starting Anything",Guy Kawasaki,,,not_found
9780399154140,"Mistress of the Art of Death (Mistress of the Art of Death, #1)",Ariana Franklin,,,not_found
9780385528190,"The Other Wes Moore: One Name, Two Fates","Wes  Moore, Tavis Smiley",,,not_found
9780380782340,Kiss an Angel,Susan Elizabeth Phillips,http://books.google.com/books/content?id=DP7ZtwEACAAJ&printsec=frontcover&img=1&zoom=1&source=gbs_api,covers/9780380782340.jpg,ok_googlebooks
9780743243800,The Partly Cloudy Patriot,"Sarah Vowell, Katherine Streeter",http://books.google.com/books/content?id=eDpc5fbo8vkC&printsec=frontcover&img=1&zoom=1&edge=curl&source=gbs_api,covers/9780743243800.jpg,ok_googlebooks
9781416938740,"Assholes Finish First (Tucker Max, #2)",Tucker Max,,,not_found
9780618390980,The Lord of the Rings: The Return of the King: Visual Companion,Jude Fisher,,,not_found
9784063347760,美少女戦士セーラームーン新装版 1 [Bishōjo Senshi Sailor Moon Shinsōban 1],"Naoko Takeuchi, 武内 直子",,,not_found
9780061995030,The Upside of Irrationality: The Unexpected Benefits of Defying Logic at Work and at Home,Dan Ariely,,,not_found
9780440421210,"My Father's Dragon (My Father's Dragon, #1)",Ruth Stiles Gannett,,,not_found
9780062311080,Natchez Burning,Greg Iles,,,not_found
9780876859260,Pulp,Charles Bukowski,,,not_found
9780312599070,"Infinity (Chronicles of Nick, #1)",Sherrilyn Kenyon,,,not_found
9781594202250,Inherent Vice,Thomas Pynchon,,,not_found
9780425222200,"Blood Noir (Anita Blake, Vampire Hunter #16)",Laurell K. Hamilton,,,not_found
,"Ruin (Ruin, #1)",Rachel Van Dyken,,,not_found
9780749934090,"Immortal in Death (In Death, #3)",J.D. Robb,,,not_found
9780385339410,"Hannibal Rising (Hannibal Lecter, #4)",Thomas Harris,,,not_found
9780743431020,Songs of the Humpback Whale,Jodi Picoult,,,not_found
9780061558270,"The Night Eternal (The Strain Trilogy, #3)","Guillermo del Toro, Chuck Hogan",,,not_found
9781416535200,The Guy Not Taken: Stories,Jennifer Weiner,,,not_found
9780399159890,Whiskey Beach,Nora Roberts,,,not_found
9781582408840,"The Walking Dead, Vol. 08: Made to Suffer",Robert Kirkman,,,not_found
9780064440030,Danny and the Dinosaur (An I Can Read Book),Syd Hoff,,,not_found
9780771064870,Dear Life: Stories,Alice Munro,,,not_found
9780140449300,The Decameron,"Giovanni Boccaccio, G.H. McWilliam",http://books.google.com/books/content?id=ZfTKmHnQaiwC&printsec=frontcover&img=1&zoom=1&source=gbs_api,covers/9780140449300.jpg,ok_googlebooks
9781416580960,Pleasure of a Dark Prince (Immortals After Dark #9),Kresley Cole,,,not_found
9780316225880,"The Crossing (Harry Bosch, #20; Mickey Haller, #7; Harry Bosch Universe, #25)",Michael Connelly,,,not_found
9780062081020,"Twisted (Pretty Little Liars, #9)",Sara Shepard,,,not_found
9780899197690,Five Little Monkeys Jumping on the Bed,Eileen Christelow,,,not_found
9780142437890,The Aleph and Other Stories ,"Jorge Luis Borges, Andrew Hurley",,,not_found
9780394758280,"Farewell, My Lovely (Philip Marlowe, #2)",Raymond Chandler,,,not_found
9781405034140,"Kushiel's Avatar (Phèdre's Trilogy, #3)",Jacqueline Carey,,,not_found
9780451228670,"Fade Out (The Morganville Vampires, #7)",Rachel Caine,,,not_found
,"Nemesis Games (The Expanse, #5)",James S.A. Corey,,,not_found
9780394757680,"The Long Goodbye (Philip Marlowe, #6)",Raymond Chandler,,,not_found
9780394726410,"Bright Lights, Big City",Jay McInerney,https://covers.openlibrary.org/b/isbn/9780394726410-L.jpg,covers/9780394726410.jpg,ok_openlibrary
9780805080510,The Castle of Llyr (The Chronicles of Prydain #3),Lloyd Alexander,,,not_found
2940015495870,"Charade (Games, #1)",Nyrae Dawn,,,not_found
,"Mine (Real, #2)",Katy Evans,,,not_found
9780425195210,"The Cat Who Could Read Backwards (Cat Who..., #1)",Lilian Jackson Braun,,,not_found
9781423163010,The Demigod Diaries,"Rick Riordan, Haley Riordan",,,not_found
2940016249310,"If You Stay (Beautifully Broken, #1)",Courtney Cole,,,not_found
9780671011380,"Death du Jour (Temperance Brennan, #2)",Kathy Reichs,,,not_found
9780842345520,More Than a Carpenter,Josh McDowell,,,not_found
9780765318410,"Boneshaker (The Clockwork Century, #1)",Cherie Priest,,,not_found
9780312932800,"Welcome to Temptation (Dempseys, #1)",Jennifer Crusie,https://covers.openlibrary.org/b/isbn/9780312932800-L.jpg,covers/9780312932800.jpg,ok_openlibrary
9780385346990,Neil Patrick Harris: Choose Your Own Autobiography,"Neil Patrick Harris, David Javerbaum, Antony Hare",,,not_found
9780375990670,"Fallen in Love (Fallen, #3.5)",Lauren Kate,,,not_found
9780553146970,Rubyfruit Jungle,Rita Mae Brown,,,not_found
9780545540600,Sisters,Raina Telgemeier,,,not_found
9781857238270,"The Elf Queen of Shannara (Heritage of Shannara, #3)",Terry Brooks,,,not_found
9781597372560,"The Never War (Pendragon, #3)",D.J. MacHale,,,not_found
9780060927490,"A Return to Love: Reflections on the Principles of ""A Course in Miracles""",Marianne Williamson,,,not_found
9780441006110,"Mattimeo (Redwall, #3)",Brian Jacques,,,not_found
9780446539750,"First Family (Sean King & Michelle Maxwell, #4)",David Baldacci,,,not_found
9780449902930,Feel the Fear and Do It Anyway,Susan  Jeffers,,,not_found
9781585673700,True Grit,Charles Portis,,,not_found
9781250006220,Memoirs of an Imaginary Friend,Matthew Dicks,,,not_found
9781476707720,Whistling Past the Graveyard,Susan Crandall,,,not_found
9780670886590,"Haroun and the Sea of Stories (Khalifa Brothers, #1)","Salman Rushdie, Paul Birkbeck",,,not_found
9780765336410,"The Emperor's Blades (Chronicle of the Unhewn Throne, #1)",Brian Staveley,,,not_found
9780007118890,"Tatiana and Alexander (The Bronze Horseman, #2)",Paullina Simons,,,not_found
9780743243320,Brick Lane,Monica Ali,,,not_found
9780670016780,"Half Bad (The Half Bad Trilogy, #1)",Sally Green,,,not_found
9780064400210,Sounder,"William H. Armstrong, James Barkley",,,not_found
9781451624460,A Universe from Nothing: Why There Is Something Rather Than Nothing,"Lawrence M. Krauss, Richard Dawkins",,,not_found
9780425233370,"Archangel's Kiss (Guild Hunter, #2)",Nalini Singh,,,not_found
9780061351430,Slash,"Slash, Anthony Bozza",,,not_found
9780399256940,"Rebel Belle (Rebel Belle, #1)",Rachel Hawkins,,,not_found
9780836221370,It's a Magical World: A Calvin and Hobbes Collection,Bill Watterson,,,not_found
9780345477000,"The Mephisto Club (Rizzoli & Isles, #6)",Tess Gerritsen,,,not_found
9788370540370,"Miecz przeznaczenia (Saga o Wiedźminie, #2)",Andrzej Sapkowski,,,not_found
9780842342710,The Scarlet Thread ,Francine Rivers,,,not_found
9781595828120,"Avatar: The Last Airbender (The Promise, #1)","Gene Luen Yang, Bryan Konietzko, Michael Dante DiMartino, Gurihiru",,,not_found
9780415278480,Being and Nothingness,"Jean-Paul Sartre, Hazel E. Barnes, Mary Warnock, Richard Eyre",,,not_found
9780062244760,The Pearl That Broke Its Shell,Nadia Hashimi,,,not_found
9781596064850,"Legion (Legion, #1)",Brandon Sanderson,,,not_found
9780062372110,Down the Rabbit Hole: Curious Adventures and Cautionary Tales of a Former Playboy Bunny,Holly Madison,,,not_found
9781401210110,"Y: The Last Man, Vol. 8: Kimono Dragons (Y: The Last Man, #8)","Brian K. Vaughan, Pia Guerra, Goran Sudžuka, José Marzán Jr.",,,not_found
9781416971760,"Behemoth (Leviathan, #2)","Scott Westerfeld, Keith Thompson",,,not_found
9780767915820,The Sociopath Next Door,Martha Stout,,,not_found
9781442436640,"Poison Princess (The Arcana Chronicles, #1)",Kresley Cole,https://covers.openlibrary.org/b/isbn/9781442436640-L.jpg,covers/9781442436640.jpg,ok_openlibrary
9780345524590,"Moon Over Soho (Peter Grant, #2)",Ben Aaronovitch,,,not_found
9780593054600,"Angels and Demons / The Da Vinci Code (Robert Langdon, #1-2)",Dan Brown,,,not_found
9780571203130,Zorba the Greek,"Nikos Kazantzakis, Νίκος Καζαντζάκης",https://covers.openlibrary.org/b/isbn/9780571203130-L.jpg,covers/9780571203130.jpg,ok_openlibrary
9780007208000,"The Tea Rose (The Tea Rose, #1)",Jennifer Donnelly,,,not_found
9780618249060,Silent Spring,"Rachel Carson, Linda Lear, Edward O. Wilson",https://covers.openlibrary.org/b/isbn/9780618249060-L.jpg,covers/9780618249060.jpg,ok_openlibrary
9780810979770,Do-It-Yourself Book (Diary of a Wimpy Kid),Jeff Kinney,,,not_found
9781846057650,Kill Alex Cross (Alex Cross #18),James Patterson,,,not_found
9781402284310,The Paris Architect,Charles Belfoure,,,not_found
9781595145840,"Falling Kingdoms (Falling Kingdoms, #1)","Morgan Rhodes, Michelle Rowen",,,not_found
9788190416950,Ask and It Is Given: Learning to Manifest Your Desires,"Esther Hicks, Jerry Hicks, Wayne W. Dyer",,,not_found
9780061988240,Island Beneath the Sea,"Isabel Allende, Margaret Sayers Peden",,,not_found
9781502541860,"Beautiful Redemption (The Maddox Brothers, #2)",Jamie McGuire,,,not_found
9780140436230,"The History of Tom Jones, a Foundling","Henry Fielding, Thomas Keymer, Alice Wakely",,,not_found
9788433968680,2666,Roberto Bolaño,http://books.google.com/books/content?id=MCxlAAAAMAAJ&printsec=frontcover&img=1&zoom=1&source=gbs_api,covers/9788433968680.jpg,ok_googlebooks
9780192839770,"Winesburg, Ohio",Sherwood Anderson,,,not_found
9780312939010,"C is for Corpse  (Kinsey Millhone, #3)",Sue Grafton,,,not_found
9780060958020,Five Quarters of the Orange,Joanne Harris,http://books.google.com/books/content?id=0E7JDMYGwQ0C&printsec=frontcover&img=1&zoom=1&source=gbs_api,covers/9780060958020.jpg,ok_googlebooks
9781401204880,"Y: The Last Man, Vol. 5: Ring of Truth (Y: The Last Man, #5)","Brian K. Vaughan, Pia Guerra, José Marzán Jr.",,,not_found
9781449410250,How to Tell If Your Cat Is Plotting to Kill You,"Matthew Inman, The Oatmeal",,,not_found
9780060987050,Microserfs,Douglas Coupland,,,not_found
9780316905750,"Vampire Mountain (Cirque Du Freak, #4)",Darren Shan,,,not_found
9780316014280,Light on Snow,Anita Shreve,,,not_found
,"The White Princess (The Plantagenet and Tudor Novels, #5)",Philippa Gregory,,,not_found
9780446580340,"Simple Genius (Sean King & Michelle Maxwell, #3)",David Baldacci,,,not_found
9781439181780,"The Power (The Secret, #2)",Rhonda Byrne,,,not_found
9780451460290,"Ancestors of Avalon (Avalon, #5)","Diana L. Paxson, Marion Zimmer Bradley",,,not_found
9781632154380,"Saga, Vol. 5 (Saga, #5)","Brian K. Vaughan, Fiona Staples",,,not_found
9780385334170,Deadeye Dick,Kurt Vonnegut Jr.,http://books.google.com/books/content?id=mUmNDQAAQBAJ&printsec=frontcover&img=1&zoom=1&edge=curl&source=gbs_api,covers/9780385334170.jpg,ok_googlebooks
9781407247430,The Three Stigmata of Palmer Eldritch,Philip K. Dick,,,not_found
9781416543690,"The Lions of Lucerne (Scot Harvath, #1)",Brad Thor,,,not_found
,14,Peter Clines,,,not_found
9781555974700,Out Stealing Horses,"Per Petterson, Anne Born",,,not_found
9781563891430,"Batman: Knightfall, Vol. 1: Broken Bat","Doug Moench, Chuck Dixon, Jim Aparo, Norm Breyfogle, Graham Nolan, Jim Balent",,,not_found
9780453007440,One Past Midnight: The Langoliers,"Stephen King, Willem Dafoe",,,not_found
9780440779030,The Sign of the Beaver,Elizabeth George Speare,,,not_found
9780060822550,"Ask the Dust (Arturo Bandini, #3)","John Fante, Charles Bukowski",,,not_found
9780385354300,The Strange Library,"Haruki Murakami, Ted Goossen",,,not_found
9780679774020,All Over But the Shoutin',Rick Bragg,,,not_found
9780425147510,The Key to Midnight,"Leigh Nichols, Dean Koontz",,,not_found
9780670024970,Fairy Tales from the Brothers Grimm: A New English Version,"Philip Pullman, Jacob Grimm, Wilhelm Grimm",,,not_found
9780765351550,"Debt of Bones (Sword of Truth, #0.5)",Terry Goodkind,,,not_found
9781591141270,Flight of the Intruder (Jake Grafton #1),Stephen Coonts,,,not_found
9780689840330,"Silver on the Tree (The Dark is Rising, #5)",Susan Cooper,,,not_found
9780872206040,Lysistrata,"Aristophanes, Sarah Ruden",,,not_found
9780812932290,"Losing My Virginity: How I've Survived, Had Fun, and Made a Fortune Doing Business My Way",Richard Branson,,,not_found
9781405209500,National Velvet,Enid Bagnold,,,not_found
9781847442410,The Swan Thieves,Elizabeth Kostova,,,not_found
9780061240270,Belong to Me,Marisa de los Santos,https://covers.openlibrary.org/b/isbn/9780061240270-L.jpg,covers/9780061240270.jpg,ok_openlibrary
9780547152610,Okay for Now,Gary D. Schmidt,,,not_found
9780385344400,"Iced (Fever, #6)",Karen Marie Moning,,,not_found
9780842329280,"Assassins (Left Behind, #6)","Tim LaHaye, Jerry B. Jenkins",,,not_found
9780316214440,"Red Country (First Law World, #6)",Joe Abercrombie,,,not_found
9780385341970,"Broken (Will Trent, #4)",Karin Slaughter,,,not_found
9780842332290,"The Mark (Left Behind, #8)","Tim LaHaye, Jerry B. Jenkins",http://books.google.com/books/content?id=j-9j_26aJOYC&printsec=frontcover&img=1&zoom=1&edge=curl&source=gbs_api,covers/9780842332290.jpg,ok_googlebooks
,"Checkmate (Neighbor from Hell, #3)",R.L. Mathewson,,,not_found
9780316099750,The Matchmaker,Elin Hilderbrand,,,not_found
9780547569660,Eat and Run: My Unlikely Journey to Ultramarathon Greatness,"Scott Jurek, Steve Friedman",,,not_found
9780553271360,The Lords of Discipline,Pat Conroy,,,not_found
9780099366710,"L.A. Confidential (L.A. Quartet, #3)",James Ellroy,,,not_found
,"Hardwired (Hacker, #1)",Meredith Wild,,,not_found
9780345367690,"The Diamond Throne (The Elenium, #1)",David Eddings,,,not_found
9781250031130,"The Beautiful Mystery (Chief Inspector Armand Gamache, #8)",Louise Penny,,,not_found
9780060525860,"The Darkest Hour (Warriors, #6)",Erin Hunter,,,not_found
9780752834560,Terms of Endearment,Larry McMurtry,,,not_found
9781593074490,"Those Left Behind (Serenity, #1)","Joss Whedon, Brett Matthews, Will Conrad",,,not_found
9780749907420,"Kiss of the Night (Dark-Hunter, #4)",Sherrilyn Kenyon,,,not_found
9780552772270,The Wedding Girl,Madeleine Wickham,,,not_found
9780142002070,"From Russia With Love (James Bond, #5)",Ian Fleming,,,not_found
9780849905700,He Chose the Nails,Max Lucado,,,not_found
9781408810450,"Entice (Need, #3)",Carrie Jones,,,not_found
9780061659260,"Darkest Mercy (Wicked Lovely, #5)",Melissa Marr,,,not_found
9781594634670,Modern Lovers,Emma Straub,,,not_found
9780060012340,"The Amazing Maurice and His Educated Rodents (Discworld, #28)",Terry Pratchett,,,not_found
9780195067150,With the Old Breed: At Peleliu and Okinawa,"Eugene B. Sledge, Paul Fussell",http://books.google.com/books/content?id=97edAAAAMAAJ&printsec=frontcover&img=1&zoom=1&source=gbs_api,covers/9780195067150.jpg,ok_googlebooks
9780152052610,The Hundred Dresses,"Eleanor Estes, Louis Slobodkin",,,not_found
9780525952990,The Last Runaway,Tracy Chevalier,,,not_found
9781250019810,"Lost Lake (Lost Lake, #1)",Sarah Addison Allen,,,not_found
9780571166930,The Joke,Milan Kundera,https://covers.openlibrary.org/b/isbn/9780571166930-L.jpg,covers/9780571166930.jpg,ok_openlibrary
9780553813140,"Midnight Tides (The Malazan Book of the Fallen, #5)",Steven Erikson,,,not_found
9780316234470,"The 100 (The 100, #1)",Kass Morgan,,,not_found
9781401202020,"Y: The Last Man, Vol. 3: One Small Step (Y: The Last Man, #3)","Brian K. Vaughan, Pia Guerra, José Marzán Jr., Paul Chadwick",,,not_found
,أنت لي,منى المرشود,,,not_found
9780689831870,Bear Snores On,"Karma Wilson, Jane Chapman",,,not_found
9780374349460,Memoirs of a Teenage Amnesiac,Gabrielle Zevin,,,not_found
9780425285180,"Talking as Fast as I Can: From Gilmore Girls to Gilmore Girls, and Everything in Between",Lauren Graham,,,not_found
9780142501530,"Salamandastron (Redwall, #5)","Brian Jacques, Gary Chalk",,,not_found
9780689868210,"Ironside (Modern Faerie Tales, #3)",Holly Black,,,not_found
9780963192560,Servant of the Bones,Anne Rice,,,not_found
9780140238280,The Tortilla Curtain,T.C. Boyle,https://covers.openlibrary.org/b/isbn/9780140238280-L.jpg,covers/9780140238280.jpg,ok_openlibrary
9780670072810,"Finnikin of the Rock (Lumatere Chronicles, #1)",Melina Marchetta,,,not_found
9780375757180,The Return of the Native  ,"Thomas Hardy, Alexander Theroux",,,not_found
,"Year of Yes: How to Dance It Out, Stand In the Sun and Be Your Own Person",Shonda Rhimes,,,not_found
9780062094740,Micro,"Michael Crichton, Richard   Preston",,,not_found
9781857237370,Foundation and Chaos (Second Foundation Trilogy #2),Greg Bear,,,not_found
9780743219570,Cover Her Face (Adam Dalgliesh #1),P.D. James,,,not_found
9780679725170,No Exit and Three Other Plays,"Jean-Paul Sartre, Stuart Gilbert, Lionel Abel",,,not_found
9780061985870,"Supernaturally (Paranormalcy, #2)",Kiersten White,,,not_found
9781857236550,"First King of Shannara (The Original Shannara Trilogy, #0)",Terry Brooks,,,not_found
9780312377040,"Bury Your Dead (Chief Inspector Armand Gamache, #6)",Louise Penny,,,not_found
9780316018950,"The Overlook (Harry Bosch, #13; Harry Bosch Universe, #15)",Michael Connelly,,,not_found
9780393924760,The House of the Seven Gables,"Nathaniel Hawthorne, Robert S. Levine",,,not_found
9780060525640,"Rising Storm (Warriors, #4)",Erin Hunter,,,not_found
9781250128550,Love Warrior,Glennon Doyle Melton,,,not_found
9781451656500,"The Prisoner of Cell 25 (Michael Vey, #1)",Richard Paul Evans,,,not_found
9780312377040,"The Brutal Telling (Chief Inspector Armand Gamache, #5)",Louise Penny,,,not_found
9780140189990,The Souls of Black Folk,"W.E.B. Du Bois, Donald B. Gibson, Monica W. Elbert",,,not_found
9780451160320,I Never Promised You a Rose Garden,"Hannah  Green, Joanne Greenberg",,,not_found
9781423144340,"The Crimson Crown (Seven Realms, #4)",Cinda Williams Chima,,,not_found
9780375700520,The Lover,"Marguerite Duras, Barbara Bray, Maxine Hong Kingston",,,not_found
9780375836590,"Eragon & Eldest (Inheritance, #1-2)",Christopher Paolini,,,not_found
9780316043890,The Castaways,Elin Hilderbrand,,,not_found
9780312656270,"Hades (Halo, #2)",Alexandra Adornetto,https://covers.openlibrary.org/b/isbn/9780312656270-L.jpg,covers/9780312656270.jpg,ok_openlibrary
9780374187610,"Lila (Gilead, #3)",Marilynne Robinson,,,not_found
,"Timebound (The Chronos Files, #1)",Rysa Walker,,,not_found
9780142437310,The Power and the Glory,"Graham Greene, John Updike",,,not_found
,"Twenty-Eight and a Half Wishes (Rose Gardner Mystery, #1)",Denise Grover Swank,,,not_found
9788497593880,Paula,Isabel Allende,,,not_found
9780312150600,Behind the Scenes at the Museum,Kate Atkinson,,,not_found
9781857230760,"The Scions of Shannara (Heritage of Shannara, #1)",Terry Brooks,,,not_found
9781101875940,Sweetbitter,Stephanie Danler,https://covers.openlibrary.org/b/isbn/9781101875940-L.jpg,covers/9781101875940.jpg,ok_openlibrary
9780152057800,Tangerine,"Edward Bloor, Danny De Vito",,,not_found
9780399170870,The Liar,Nora Roberts,,,not_found
9780380820850,"Romancing Mister Bridgerton (Bridgertons, #4)",Julia Quinn,,,not_found
9780727861000,Hell House,Richard Matheson,,,not_found
9780307264190,The Emperor's Children,Claire Messud,,,not_found
9780553578680,"The Third Victim (Quincy & Rainie, #2)",Lisa Gardner,http://books.google.com/books/content?id=A-yKDQAAQBAJ&printsec=frontcover&img=1&zoom=1&edge=curl&source=gbs_api,covers/9780553578680.jpg,ok_googlebooks
9780316225950,"The Wrong Side of Goodbye (Harry Bosch, #21; Harry Bosch Universe, #26)",Michael Connelly,,,not_found
,"The Proposal (The Proposition, #2)",Katie Ashley,,,not_found
9780515136530,"Key of Valor (Key Trilogy, #3)",Nora Roberts,,,not_found
9780230706160,"Hell's Corner (Camel Club, #5)",David Baldacci,,,not_found
9780060536350,Barbarians at the Gate: The Fall of RJR Nabisco,"Bryan Burrough, John Helyar",,,not_found
,Fantastic Beasts and Where to Find Them: The Original Screenplay,J.K. Rowling,,,not_found
9780316246650,"Ancillary Sword (Imperial Radch, #2)",Ann Leckie,,,not_found
9780822219000,Franz Kafka's The Castle (Dramatization),"David Fishelson, Aaron Leichter, Max Brod, Franz Kafka",,,not_found
9780307956350,The Expats,Chris Pavone,http://books.google.com/books/content?id=GO-PAl6w6GoC&printsec=frontcover&img=1&zoom=1&edge=curl&source=gbs_api,covers/9780307956350.jpg,ok_googlebooks
9780312649620,"The Girl Who Circumnavigated Fairyland in a Ship of Her Own Making (Fairyland, #1)","Catherynne M. Valente, Ana Juan",,,not_found
9780446576990,"The Book of the Dead (Pendergast, #7; Diogenes, #3)","Douglas Preston, Lincoln Child",,,not_found
9783847905170,Er ist wieder da,Timur Vermes,,,not_found
,"Prince of Wolves (The Grey Wolves, #1)",Quinn Loftis,,,not_found
9780842329290,"The Indwelling (Left Behind, #7)","Tim LaHaye, Jerry B. Jenkins",,,not_found
9780316099780,Beautiful Day,Elin Hilderbrand,,,not_found
9780743453000,"Bare Bones (Temperance Brennan, #6)",Kathy Reichs,,,not_found
9780385518340,"Dexter in the Dark (Dexter, #3)",Jeff Lindsay,,,not_found
9780316219360,The Yellow Birds,Kevin Powers,,,not_found
9780142004420,"My Family and Other Animals (Corfu Trilogy, #1)","Gerald Durrell, Helma Lapiņa",,,not_found
9780451213200,Just One Look,Harlan Coben,,,not_found
9780312278500,The Glass Bead Game,"Hermann Hesse, Richard Winston, Clara Winston, Theodore Ziolkowski",http://books.google.com/books/content?id=Yn6wX9LurKwC&printsec=frontcover&img=1&zoom=1&edge=curl&source=gbs_api,covers/9780312278500.jpg,ok_googlebooks
9780679723690,Cathedral,Raymond Carver,,,not_found
9780451212450,Back Roads,Tawni O'Dell,,,not_found
9780582418170,The Body,"Stephen King, Robin A.H. Waterfield",,,not_found
9780670063120,"Eona: The Last Dragoneye (Eon, #2)",Alison Goodman,,,not_found
9780316224130,"NYPD Red (NYPD Red, #1)","James Patterson, Marshall Karp",https://covers.openlibrary.org/b/isbn/9780316224130-L.jpg,covers/9780316224130.jpg,ok_openlibrary
,"Simple Perfection (Rosemary Beach, #6; Perfection, #2)",Abbi Glines,,,not_found
9780785213060,A Million Miles in a Thousand Years: What I Learned While Editing My Life,Donald Miller,,,not_found
9780486455590,"Eight Cousins (Eight Cousins, #1)",Louisa May Alcott,,,not_found
9780064432540,Chicken Soup with Rice: A Book of Months (The Nutshell Library),Maurice Sendak,,,not_found
9780060001510,Diary of a Worm,"Doreen Cronin, Harry Bliss",,,not_found
9780425203870,"R is for Ricochet (Kinsey Millhone, #18)",Sue Grafton,http://books.google.com/books/content?id=eH-bGL-RRRgC&printsec=frontcover&img=1&zoom=1&source=gbs_api,covers/9780425203870.jpg,ok_googlebooks
9780425267080,"Burn (Breathless, #3)",Maya Banks,https://covers.openlibrary.org/b/isbn/9780425267080-L.jpg,covers/9780425267080.jpg,ok_openlibrary
9781416949670,"The Grey King (The Dark Is Rising, #4)",Susan Cooper,,,not_found
9780345533630,"Hunted (The Iron Druid Chronicles, #6)",Kevin Hearne,,,not_found
9780140259440,The Complete Novels,Jane Austen,,,not_found
9780061921260,Epic Fail,Claire LaZebnik,,,not_found
,"The Scarecrow (Jack McEvoy, #2)",Michael Connelly,,,not_found
9780345478160,"A Caress of Twilight (Merry Gentry, #2)",Laurell K. Hamilton,,,not_found
9780743482970,The Manchurian Candidate (Movie Tie-In Edition),Richard Condon,,,not_found
9780316101840,"Nevermore (Maximum Ride, #8)",James Patterson,,,not_found
9780425193820,"Fudge-a-Mania (Fudge, #4)",Judy Blume,,,not_found
9781400079090,Operating Instructions: A Journal of My Son's First Year,Anne Lamott,,,not_found
9781300160300,"Devoured (Devoured, #1)",Emily Snow,,,not_found
9780345376600,Pale Blue Dot: A Vision of the Human Future in Space,"Carl Sagan, Ann Druyan",,,not_found
9780553418840,The Book of Strange New Things,Michel Faber,,,not_found
9780310266300,The Irresistible Revolution: Living as an Ordinary Radical,Shane Claiborne,http://books.google.com/books/content?id=70hRLTVBNnAC&printsec=frontcover&img=1&zoom=1&edge=curl&source=gbs_api,covers/9780310266300.jpg,ok_googlebooks
9780979777710,"Brain Rules: 12 Principles for Surviving and Thriving at Work, Home, and School",John Medina,,,not_found
9781416914170,"The Pilgrims of Rayne (Pendragon, #8)",D.J. MacHale,,,not_found
9781439165640,The Hundred-Foot Journey,Richard C. Morais,,,not_found
9780061944340,"Big Nate: In a Class by Himself (Big Nate Novels, #1)",Lincoln Peirce,,,not_found
9780399250580,Scorpia Rising (Alex Rider #9),Anthony Horowitz,,,not_found
9780811216550,Journey to the End of the Night,"Louis-Ferdinand Céline, Ralph Manheim, William T. Vollmann",,,not_found
9780061232920,"Forever Princess (The Princess Diaries, #10)",Meg Cabot,,,not_found
9780375705040,"Breath, Eyes, Memory",Edwidge Danticat,,,not_found
9781476727910,The Humans,Matt Haig,http://books.google.com/books/content?id=Z0MTlFNNQuoC&printsec=frontcover&img=1&zoom=1&edge=curl&source=gbs_api,covers/9781476727910.jpg,ok_googlebooks
9780688156820,The Melancholy Death of Oyster Boy and Other Stories,Tim Burton,,,not_found
9781590523180,For Women Only: What You Need to Know about the Inner Lives of Men,Shaunti Feldhahn,,,not_found
9780553479010,"Seize the Night (Moonlight Bay, #2)","Dean Koontz, Keith Szarabajka",,,not_found
9780399250570,"Crocodile Tears (Alex Rider, #8)",Anthony Horowitz,,,not_found
9780060773760,A Quick Bite (Argeneau #1),Lynsay Sands,,,not_found
9789771754960,1/4 جرام,Essam Youssef,,,not_found
9780312971240,"Ice Station (Shane Schofield, #1)",Matthew Reilly,,,not_found
9780440217500,A Dangerous Fortune,Ken Follett,,,not_found
9780739439070,"Key of Knowledge (Key Trilogy, #2)",Nora Roberts,,,not_found
9780143034350,The Well of Lost Plots (Thursday Next #3),Jasper Fforde,,,not_found
9780061692050,Canada,Richard Ford,,,not_found
9780689859370,"The Seeing Stone (The Spiderwick Chronicles, #2)","Holly Black, Tony DiTerlizzi",,,not_found
9780553585970,The Wealth of Nations,Adam Smith,,,not_found
9780140284580,"Stalingrad: The Fateful Siege, 1942–1943",Antony Beevor,,,not_found
9780143037230,"The Big Over Easy (Nursery Crime, #1)",Jasper Fforde,,,not_found
9781421532010,"Beast Master, Vol. 1 (Beast Master, #1)",Kyousuke Motomi,,,not_found
,BookRags Summary:  A Storm of Swords,BookRags,,,not_found
9780865471180,West with the Night,Beryl Markham,http://books.google.com/books/content?id=k5aXb2_Hn1EC&printsec=frontcover&img=1&zoom=1&edge=curl&source=gbs_api,covers/9780865471180.jpg,ok_googlebooks
9780399157530,If You Ask Me (And of Course You Won't),Betty White,,,not_found
9781594489860,The Cellist of Sarajevo,Steven Galloway,http://books.google.com/books/content?id=zfJnYi6-qVMC&printsec=frontcover&img=1&zoom=1&edge=curl&source=gbs_api,covers/9781594489860.jpg,ok_googlebooks
9780743490090,"Giggle, Giggle, Quack","Doreen Cronin, Betsy Lewin",,,not_found
9780312351660,"Smooth Talking Stranger (Travises, #3)",Lisa Kleypas,,,not_found
9780872204200,Discourse on Method and Meditations on First Philosophy,"René Descartes, Donald A. Cress",,,not_found
9780399155680,"The Defector (Gabriel Allon, #9)",Daniel Silva,,,not_found
9781451664130,In One Person,John Irving,,,not_found
9780446612760,"Still Life With Crows (Pendergast, #4)","Douglas Preston, Lincoln Child",,,not_found
9780385721710,The Wisdom of Crowds,James Surowiecki,,,not_found
9780553269220,"Rilla of Ingleside (Anne of Green Gables, #8)",L.M. Montgomery,,,not_found
9780684845780,Unlimited Power : The New Science Of Personal Achievement,"Anthony Robbins, Kenneth H. Blanchard, Jason Winters",,,not_found
9780312650090,"Outpost (Razorland, #2)",Ann Aguirre,,,not_found
9781608198060,Can't We Talk about Something More Pleasant?,Roz Chast,,,not_found
9780307401240,Why Be Happy When You Could Be Normal?,Jeanette Winterson,http://books.google.com/books/content?id=931NYgEACAAJ&printsec=frontcover&img=1&zoom=1&source=gbs_api,covers/9780307401240.jpg,ok_googlebooks
9780060987470,The Long Hard Road Out of Hell,"Marilyn Manson, Neil Strauss",,,not_found
9780446554960,"Fever Dream (Pendergast, #10)","Douglas Preston, Lincoln Child",,,not_found
9780330376150,The Fog,James Herbert,,,not_found
9780395137210,"Lyle, Lyle, Crocodile",Bernard Waber,,,not_found
9780590554080,"Sandry's Book (Circle of Magic, #1)",Tamora Pierce,,,not_found
9780316190080,"Etiquette & Espionage (Finishing School, #1)",Gail Carriger,,,not_found
9780553589500,Sole Survivor,Dean Koontz,,,not_found
9781501142540,Britt-Marie Was Here,"Fredrik Backman, Henning Koch, سمانه پرهیزکاری",,,not_found
9780151012750,Death With Interruptions,"José Saramago, Margaret Jull Costa",,,not_found
9780764224740,"The Shunning (The Heritage of Lancaster County, #1)",Beverly  Lewis,,,not_found
9780140183530,Kim,"Rudyard Kipling, Edward Said",,,not_found
9780310263460,Velvet Elvis: Repainting the Christian Faith,Rob Bell,,,not_found
,The Dead Key,D.M. Pulley,,,not_found
9780451464960,"Written in Red (The Others, #1)",Anne Bishop,,,not_found
9780393311200,The Seven-Percent Solution,Nicholas Meyer,,,not_found
9780679736040,Toujours Provence,Peter Mayle,,,not_found
9780439791460,"Gregor and the Marks of Secret (Underland Chronicles, #4)",Suzanne Collins,,,not_found
,"Leave Me Breathless (Ross Siblings, #3)",Cherrie Lynn,,,not_found
,"Play (Stage Dive, #2)",Kylie Scott,,,not_found
9780375759860,The Lost Painting,Jonathan Harr,,,not_found
9780307594880,My Beloved World,Sonia Sotomayor,,,not_found
9780385534820,The Light in the Ruins,Chris Bohjalian,,,not_found
9780812536360,"A Deepness in the Sky (Zones of Thought, #2)",Vernor Vinge,,,not_found
9781579126290,"A Murder Is Announced (Miss Marple, #5)",Agatha Christie,,,not_found
9780810909660,Gnomes,"Rien Poortvliet, Wil Huygen",,,not_found
9780425197490,"Undead and Unemployed (Undead, #2)",MaryJanice Davidson,,,not_found
9781416527270,"The Little Lady Agency (The Little Lady Agency, #1)",Hester Browne,,,not_found
9780553383680,Gates of Fire: An Epic Novel of the Battle of Thermopylae,Steven Pressfield,,,not_found
,Stuck-Up Suit,"Vi Keeland, Penelope Ward",,,not_found
9780140432080,On Liberty,John Stuart Mill,,,not_found
9780062225080,Not My Father's Son,Alan Cumming,,,not_found
9780425266520,"Gabriel's Redemption (Gabriel's Inferno, #3)",Sylvain Reynard,,,not_found
9781934964100,"Scott Pilgrim, Volume 5: Scott Pilgrim Vs. the Universe",Bryan Lee O'Malley,,,not_found
9780446571620,"Simply Irresistible (Lucky Harbor, #1)",Jill Shalvis,,,not_found
9780805082110,Better: A Surgeon's Notes on Performance,Atul Gawande,,,not_found
9780470484230,"Twilight and Philosophy: Vampires, Vegetarians, and the Pursuit of Immortality","Rebecca Housel, J. Jeremy Wisnewski, William Irwin",,,not_found
,رحلتي من الشك إلى الإيمان,مصطفى محمود,,,not_found
9780449818440,"Mitosis (The Reckoners, #1.5)",Brandon Sanderson,,,not_found
9780521657300,Critique of Pure Reason,"Immanuel Kant, Paul Guyer, Allen W. Wood",,,not_found
9780786866020,Fish: A Proven Way to Boost Morale and Improve Results,"Stephen C. Lundin, Harry Paul, John Christensen, Kenneth H. Blanchard",,,not_found
,"Beauty from Surrender (Beauty, #2)",Georgia Cates,,,not_found
9780743449750,"D-Day, June 6, 1944: The Battle for the Normandy Beaches",Stephen E. Ambrose,,,not_found
9780547251270,A Long Walk to Water: Based on a True Story,Linda Sue Park,,,not_found
9780061449180,"Light (Gone, #6)",Michael  Grant,,,not_found
9780515142860,Midnight Bayou,Nora Roberts,,,not_found
9780345419680,"To Your Scattered Bodies Go (Riverworld, #1)",Philip José Farmer,,,not_found
9780345032800,Games People Play,Eric Berne,,,not_found
9781568650950,The Doomsday Conspiracy,Sidney Sheldon,,,not_found
9780525950790,The Prodigal God: Recovering the Heart of the Christian Faith,Timothy J. Keller,https://covers.openlibrary.org/b/isbn/9780525950790-L.jpg,covers/9780525950790.jpg,ok_openlibrary
9780156031200,Winter's Tale,Mark Helprin,,,not_found
9780143036260,Common Sense,Thomas Paine,,,not_found
9781423301850,"Rapture in Death (In Death, #4)","J.D. Robb, Susan Ericksen",,,not_found
9780767903580,Falling Leaves: The Memoir of an Unwanted Chinese Daughter,Adeline Yen Mah,,,not_found
9780307463630,"The 4-Hour Body: An Uncommon Guide to Rapid Fat-Loss, Incredible Sex, and Becoming Superhuman",Timothy Ferriss,,,not_found
,The Holy Bible: English Standard Version,Anonymous,,,not_found
9781595549630,The Wedding Dress,Rachel Hauck,,,not_found
9781250011920,"Whispers at Moonrise (Shadow Falls, #4)",C.C. Hunter,,,not_found
9780375727020,The Elementary Particles,"Michel Houellebecq, Frank Wynne",,,not_found
9780439014570,"The Adventures of Captain Underpants (Captain Underpants, #1)",Dav Pilkey,,,not_found
9780547564650,"How Children Succeed: Grit, Curiosity, and the Hidden Power of Character",Paul Tough,,,not_found
9780785114770,Dracula (Marvel Illustrated),"Roy Thomas, Dick Giordano, Mark D. Beazley, Bram Stoker",,,not_found
9780446677940,The Fountains of Paradise,Arthur C. Clarke,,,not_found
9780670038340,The Bastard of Istanbul,Elif Shafak,,,not_found
,Life and Other Near-Death Experiences,Camille Pagán,,,not_found
9780061231410,"The Doomsday Key (Sigma Force, #6)",James Rollins,,,not_found
9780192836380,La Dame aux Camélias,"Alexandre Dumas fils, David Coward",https://covers.openlibrary.org/b/isbn/9780192836380-L.jpg,covers/9780192836380.jpg,ok_openlibrary
9781400043870,The Ruins,Scott B. Smith,,,not_found
9780060525650,"A Dangerous Path (Warriors, #5)",Erin Hunter,,,not_found
9780675093250,A Rose for Emily and Other Stories,William Faulkner,,,not_found
9781607513510,"The Night Angel Trilogy (Night Angel, #1-3)",Brent Weeks,,,not_found
9780375814690,"Bloodhound (Beka Cooper, #2)",Tamora Pierce,,,not_found
9780192834100,The Lives of the Artists,"Giorgio Vasari, Julia Conway Bondanella, Peter Bondanella",,,not_found
9780312934330,"Unleash the Night (Dark Hunter, #8; Were-Hunter, #2)",Sherrilyn Kenyon,,,not_found
9780446400150,"A Morbid Taste for Bones (Chronicles of Brother Cadfael, #1)",Ellis Peters,,,not_found
9780449000760,"Dances with Wolves (Dances with Wolves, #1)",Michael Blake,,,not_found
9780064301380,"The Art Spirit: Notes, Articles, Fragments of Letters and Talks to Students, Bearing on the Concept and Technique of Picture Making, the Study of Art (Icon Editions)","Robert Henri, Forbes Watson, Margery A. Ryerson",,,not_found
9780747594150,"Syren (Septimus Heap, #5)",Angie Sage,,,not_found
9781611099690,"Brilliance (Brilliance Saga, #1)",Marcus Sakey,,,not_found
9780571219350,The Fortress of Solitude,Jonathan Lethem,,,not_found
9781741753590,The Slap,Christos Tsiolkas,,,not_found
,"The Air He Breathes (Elements, #1)",Brittainy C. Cherry,,,not_found
9780689859400,"The Wrath of Mulgarath (The Spiderwick Chronicles, #5)","Holly Black, Tony DiTerlizzi",,,not_found
9780374104110,"Authority (Southern Reach, #2)",Jeff VanderMeer,,,not_found
9780553804830,The Darkest Evening of the Year,Dean Koontz,,,not_found
9780385498810,Bee Season,Myla Goldberg,,,not_found
9780061966900,The Scrapbook of Frankie Pratt,Caroline Preston,,,not_found
9780517543050,Be Here Now,"Ram Dass, Richard Alpert",http://books.google.com/books/content?id=U8cGWu0uPmIC&printsec=frontcover&img=1&zoom=1&edge=curl&source=gbs_api,covers/9780517543050.jpg,ok_googlebooks
9783453532980,"Metro 2033 (METRO, #1)","Dmitry Glukhovsky, M. David Drevs",,,not_found
9780060567120,"Indelible (Grant County, #4)",Karin Slaughter,,,not_found
9780425098650,Night Chills,Dean Koontz,,,not_found
9780307931900,Two Boys Kissing,David Levithan,https://covers.openlibrary.org/b/isbn/9780307931900-L.jpg,covers/9780307931900.jpg,ok_openlibrary
9780345373530,"The Ruby Knight (The Elenium, #2)",David Eddings,,,not_found
9780060177250,The Thief of Always,Clive Barker,,,not_found
9780425204210,"Trace (Kay Scarpetta, #13)",Patricia Cornwell,,,not_found
9780440243910,"Genghis: Birth of an Empire (Conqueror, #1)",Conn Iggulden,,,not_found
9780553589380,"Kiss of Crimson (Midnight Breed, #2)",Lara Adrian,,,not_found
9781416580940,Kiss of a Demon King (Immortals After Dark #7),Kresley Cole,,,not_found
9780988695110,"Forever My Girl (The Beaumont Series, #1)",Heidi McLaughlin,,,not_found
9780345497630,"The Keepsake (Rizzoli & Isles, #7)",Tess Gerritsen,,,not_found
9781477825940,"The Glass Magician (The Paper Magician Trilogy, #2)",Charlie N. Holmberg,,,not_found
9789380658670,Chanakya's Chant,Ashwin Sanghi,,,not_found
9780553813160,"The Bonehunters (Malazan Book of the Fallen, #6)",Steven Erikson,,,not_found
,The Call of Cthulhu,H.P. Lovecraft,,,not_found
9780195168950,Battle Cry of Freedom,James M. McPherson,,,not_found
9780385738830,Because of Mr. Terupt,Rob Buyea,,,not_found
,The One That Got Away,Simon Wood,,,not_found
9780316219270,The Everything Store: Jeff Bezos and the Age of Amazon,Brad Stone,,,not_found
9780446617610,Lifeguard,"James Patterson, Andrew Gross",,,not_found
9780312265050,The Naked and the Dead,Norman Mailer,,,not_found
9781937053160,"Apollyon (Covenant, #4)",Jennifer L. Armentrout,,,not_found
,How to Build a Girl,Caitlin Moran,,,not_found
9780330398050,Blubber,Judy Blume,,,not_found
9780007288380,"I Heart New York (I Heart, #1)",Lindsey Kelk,,,not_found
9780061783200,"One Grave at a Time (Night Huntress, #6)",Jeaniene Frost,,,not_found
9780307162340,The Little Mermaid,"Michael Teitelbaum, Sue DiCicco",,,not_found
9780452281460,"Beauty's Release (Sleeping Beauty, #3)","A.N. Roquelaure, Anne Rice",,,not_found
9780545040520,"Airhead (Airhead, #1)",Meg Cabot,,,not_found
9780399156590,"The Rembrandt Affair (Gabriel Allon, #10)",Daniel Silva,,,not_found
9780393240240,Smoke Gets in Your Eyes: And Other Lessons from the Crematory,Caitlin Doughty,,,not_found
9780152063850,"Jessica's Guide to Dating on the Dark Side (Jessica, #1)",Beth Fantaskey,,,not_found
9780061147980,20th Century Ghosts,"Joe Hill, Christopher Golden",,,not_found
9780609610570,Execution: The Discipline of Getting Things Done,"Larry Bossidy, Ram Charan, Charles Burck",,,not_found
9780871401530,"Complete Poems, 1904-1962",E.E. Cummings,,,not_found
9780375724500,Ghostwritten,David Mitchell,,,not_found
9780743250630,The Know-It-All: One Man's Humble Quest to Become the Smartest Person in the World,A.J. Jacobs,,,not_found
,"Father Mine (Black Dagger Brotherhood, #6.5)",J.R. Ward,,,not_found
9780879235730,"Swallows and Amazons (Swallows and Amazons, #1)",Arthur Ransome,,,not_found
9781402245790,"Rock Hard (Sinners on Tour, #2)",Olivia Cunning,,,not_found
9780316114270,Where the Mountain Meets the Moon,Grace Lin,,,not_found
,The Einstein Prophecy,Robert Masello,,,not_found
9789793062920,"Sang Pemimpi (Tetralogi Laskar Pelangi, #2)",Andrea Hirata,,,not_found
9780312642690,Summer Rental,Mary Kay Andrews,,,not_found
9781400047470,The Double Bind,Chris Bohjalian,,,not_found
9780525953070,"Touch & Go (Tessa Leoni, #2)",Lisa Gardner,,,not_found
9780007563040,The Ice Twins,S.K. Tremayne,,,not_found
9781594744550,"Dawn of the Dreadfuls (Pride and Prejudice and Zombies, #0.5)","Steve Hockensmith, Jane Austen, Patrick Arrasmith",,,not_found
9780152020680,"Half Magic (Tales of Magic, #1)","Edward Eager, N.M. Bodecker",,,not_found
9781400069800,Salt Sugar Fat: How the Food Giants Hooked Us,Michael Moss,,,not_found
9780553807240,"Live to Tell (Detective D.D. Warren, #4)",Lisa Gardner,,,not_found
9780452284450,The Virgin Blue,Tracy Chevalier,,,not_found
9781595143230,"The Ruby Circle (Bloodlines, #6)",Richelle Mead,,,not_found
9780553351390,Peace Is Every Step: The Path of Mindfulness in Everyday Life,"Thich Nhat Hanh, Arnold Kotler, Dalai Lama XIV",,,not_found
,White Nights,Fyodor Dostoyevsky,,,not_found
9780688128980,Lilly's Purple Plastic Purse,Kevin Henkes,,,not_found
9789792335580,"Electric Daisy, Vol. 1 (Dengeki Daisy, #1)",Kyousuke Motomi,,,not_found
9780930289450,Batman: A Death in the Family,"Jim Starlin, Jim Aparo, Mike DeCarlo",,,not_found
9780385608020,"Started Early, Took My Dog (Jackson Brodie, #4)",Kate Atkinson,,,not_found
9781400069590,TransAtlantic,Colum McCann,,,not_found
9780061783170,"Eternal Kiss of Darkness (Night Huntress World, #2)",Jeaniene Frost,,,not_found
9780425165580,Books of Blood: Volumes One to Three (Books of Blood #1-3),Clive Barker,,,not_found
9780060763890,"The Judas Strain (Sigma Force, #4)",James Rollins,,,not_found
9780140143510,"84, Charing Cross Road",Helene Hanff,,,not_found
9780785263720,Searching for God Knows What,Donald Miller,,,not_found
9780060088870,The Bridge of San Luis Rey,Thornton Wilder,,,not_found
,"A Shade of Blood (A Shade of Vampire, #2)",Bella Forrest,,,not_found
9780525951580,"Freedom™ (Daemon, #2)",Daniel Suarez,,,not_found
9780425227720,"Skin Trade (Anita Blake, Vampire Hunter #17)",Laurell K. Hamilton,,,not_found
9780061006620,Fatherland,Robert   Harris,,,not_found
9780141439860,Shirley,"Charlotte Brontë, Lucasta Miller, collaborative, Jessica Cox",,,not_found
9781570820880,Disney's the Lion King,Don Ferguson,,,not_found
9780743571360,"The Spellman Files (The Spellmans, #1)",Lisa Lutz,,,not_found
9781501117210,Scrappy Little Nobody,Anna Kendrick,,,not_found
9780060256720,The Missing Piece,Shel Silverstein,,,not_found
9780875793270,Jesus the Christ,James E. Talmage,,,not_found
9780515116760,"Born in Ice (Born In Trilogy, #2)",Nora Roberts,,,not_found
9781842431020,Villa Incognito,Tom Robbins,,,not_found
9780374260510,The Sellout,Paul Beatty,,,not_found
9780804192970,Night School,"Lee Child, Dick Hill",,,not_found
9780062248470,Beyond Belief: My Secret Life Inside Scientology and My Harrowing Escape,"Jenna Miscavige Hill, Lisa Pulitzer",,,not_found
9781401202220,"Fables, Vol. 4: March of the Wooden Soldiers","Bill Willingham, Mark Buckingham, Craig Hamilton, Steve Leialoha, P. Craig Russell",,,not_found
9780865163480,Apology,"Plato, James J. Helm",,,not_found
9780345515510,"The Silent Girl (Rizzoli & Isles, #9)",Tess Gerritsen,,,not_found
,"Never Never: Part Three (Never Never, #3)","Colleen Hoover, Tarryn Fisher",,,not_found
9780007175190,Horton Hatches the Egg,Dr. Seuss,,,not_found
9781563893280,"Preacher, Volume 3: Proud Americans","Garth Ennis, Steve Dillon, Penn Jillette",,,not_found
9780316017440,The Terror,Dan Simmons,,,not_found
9780307960310,The Little Red Hen (Little Golden Book),"Diane Muldrow, J.P. Miller",,,not_found
9780307595120,"The Wolf Gift (The Wolf Gift Chronicles, #1)",Anne Rice,,,not_found
9780061957900,"A Perfect Blood (The Hollows, #10)",Kim Harrison,,,not_found
,"The Atlantis Plague (The Origin Mystery, #2)",A.G. Riddle,,,not_found
9780061733640,"Game Change: Obama and the Clintons, McCain and Palin, and the Race of a Lifetime","John Heilemann, Mark Halperin",,,not_found
9780671729420,"Garden of Shadows (Dollanganger, #5)",V.C. Andrews,,,not_found
9781455501470,Lethal,Sandra Brown,,,not_found
9780310240010,Joni: An Unforgettable Story,"Joni Eareckson Tada, Joe Musser",,,not_found
9780670447170,Madeline's Rescue,Ludwig Bemelmans,,,not_found
9780786932180,"War of the Twins (Dragonlance: Legends, #2)","Margaret Weis, Tracy Hickman",,,not_found
9781556525320,Katherine,"Anya Seton, Philippa Gregory",,,not_found
9780060584020,"Metro Girl (Alex Barnaby, #1)",Janet Evanovich,,,not_found
9780142000150,Brunelleschi's Dome: How a Renaissance Genius Reinvented Architecture,Ross King,,,not_found
9780316036180,"Cross Fire (Alex Cross, #17)",James Patterson,,,not_found
9780312360820,"Second Grave on the Left (Charley Davidson, #2)",Darynda Jones,,,not_found
9780062225470,Where They Found Her,Kimberly McCreight,,,not_found
9781455549010,"The Edge of Always (The Edge of Never, #2)",J.A. Redmerski,,,not_found
9780141020520,A Short History of Tractors in Ukrainian,Marina Lewycka,,,not_found
,"The Score (Off-Campus, #3)",Elle Kennedy,,,not_found
9781401322430,"Nigella Express: Good Food, Fast",Nigella Lawson,,,not_found
9780553590170,"Industrial Magic (Women of the Otherworld, #4)",Kelley Armstrong,,,not_found
9780345475820,We Were Soldiers Once... and Young: Ia Drang - The Battle that Changed the War in Vietnam,"Harold G. Moore, Joseph L. Galloway",,,not_found
9780142407580,Heat,Mike Lupica,,,not_found
9780330348780,"N is for Noose (Kinsey Millhone, #14)",Sue Grafton,,,not_found
9782070364240,"Le Petit Nicolas (Le petit Nicolas, #1)","René Goscinny, Jean-Jacques Sempé",,,not_found
9780345349580,A Distant Mirror:  The Calamitous 14th Century,Barbara W. Tuchman,,,not_found
9780060554740,The Game: Penetrating the Secret Society of Pickup Artists,Neil Strauss,,,not_found
9780451215710,Whiteout,Ken Follett,,,not_found
9780749941990,Just Like Heaven (Smythe-Smith Quartet #1),Julia Quinn,,,not_found
,"White Hot Kiss (The Dark Elements, #1)",Jennifer L. Armentrout,,,not_found
9780778321610,"The Shop on Blossom Street (Blossom Street, #1)",Debbie Macomber,,,not_found
9780525952760,"Catch Me (Detective D.D. Warren, #6)",Lisa Gardner,,,not_found
9781577312290,Creative Visualization: Use the Power of Your Imagination to Create What You Want in Your Life,Shakti Gawain,,,not_found
9781560768810,"Starless Night (Forgotten Realms: Legacy of the Drow, #2; Legend of Drizzt, #8)",R.A. Salvatore,,,not_found
9780446539810,"The Bourne Objective (Jason Bourne, #8)","Eric Van Lustbader, Robert Ludlum",,,not_found
,28 حرف,أحمد حلمي,,,not_found
9780446616620,"Night Fall (John Corey, #3)",Nelson DeMille,,,not_found
9780316000960,"Trials of Death (Cirque Du Freak, #5)",Darren Shan,,,not_found
9780310247530,"Even Now (Lost Love, #1)",Karen Kingsbury,,,not_found
9780316059860,Testimony,Anita Shreve,,,not_found
9781937007580,"Magic Rises (Kate Daniels, #6)",Ilona Andrews,,,not_found
9780446604090,The Best Laid Plans,Sidney Sheldon,,,not_found
9780316211290,"Unlucky 13 (Women’s Murder Club, #13)","James Patterson, Maxine Paetro",,,not_found
9780345524610,"Whispers Under Ground (Peter Grant, #3)",Ben Aaronovitch,,,not_found
9780061259340,"Secrets of a Summer Night (Wallflowers, #1)",Lisa Kleypas,,,not_found
9780312655460,"A Trick of the Light (Chief Inspector Armand Gamache, #7)",Louise Penny,,,not_found
9780061433020,Nation,Terry Pratchett,,,not_found
9784757518090,Pandora Hearts 1巻,"Jun Mochizuki, 望月淳",http://books.google.com/books/content?id=12SOQgAACAAJ&printsec=frontcover&img=1&zoom=1&source=gbs_api,covers/9784757518090.jpg,ok_googlebooks
9780345329460,At the Mountains of Madness and Other Tales of Terror,H.P. Lovecraft,,,not_found
9780893662130,"Dragonsdawn (Pern, #9)",Anne McCaffrey,,,not_found
9780399252650,Mockingbird,Kathryn Erskine,,,not_found
9781595540350,"Red: The Heroic Rescue (The Circle, #2)",Ted Dekker,,,not_found
9780060596990,Lit,Mary Karr,,,not_found
9781590521360,I Kissed Dating Goodbye,Joshua Harris,,,not_found
9780805210550,The Complete Stories,"Franz Kafka, Nahum N. Glatzer, John Updike, Willa Muir, Edwin Muir, Tania Stern, James Stern, Ernst Kaiser, Eithne Wilkins",,,not_found
9780375703060,Ellen Foster,Kaye Gibbons,,,not_found
9781569242640,Veganomicon: The Ultimate Vegan Cookbook,"Isa Chandra Moskowitz, Terry Hope Romero",,,not_found
9780374530630,Wise Blood,Flannery O'Connor,,,not_found
9789753638030,Kürk Mantolu Madonna,Sabahattin Ali,,,not_found
9780786933880,"Test of the Twins (Dragonlance: Legends, #3)","Margaret Weis, Tracy Hickman",,,not_found
9780345379630,"Running with the Demon (Word & Void, #1)",Terry Brooks,,,not_found
9781557488150,In His Steps,Charles M. Sheldon,,,not_found
9781423102990,"Knuffle Bunny Too: A Case of Mistaken Identity (Knuffle Bunny, #2)",Mo Willems,,,not_found
9781423119500,"Percy Jackson and the Olympians Boxed Set (Percy Jackson and the Olympians, #1-5)","Rick Riordan, Tk",https://covers.openlibrary.org/b/isbn/9781423119500-L.jpg,covers/9781423119500.jpg,ok_openlibrary
9781439136830,Lothaire (Immortals After Dark #12),Kresley Cole,,,not_found
9780446195970,"The Whole Truth (A. Shaw, #1)",David Baldacci,,,not_found
9780061628020,"Stolen Innocence: My Story of Growing Up in a Polygamous Sect, Becoming a Teenage Bride, and Breaking Free of Warren Jeffs","Elissa Wall, Lisa Pulitzer",,,not_found
9781401216220,Batman: The Man Who Laughs,"Ed Brubaker, Doug Mahnke, Patrick Zircher, Aaron Sowd, Steve Bird",,,not_found
9780399256930,Out of the Easy,Ruta Sepetys,,,not_found
9780060744520,"Midnight (Warriors: The New Prophecy, #1)",Erin Hunter,,,not_found
9780062273210,The Hard Thing About Hard Things: Building a Business When There Are No Easy Answers,Ben Horowitz,,,not_found
9781461052140,"The Fallen Star (Fallen Star, #1)",Jessica Sorensen,,,not_found
9780340936150,My Booky Wook,Russell Brand,,,not_found
9780345348660,"The Illearth War (The Chronicles of Thomas Covenant the Unbeliever, #2)",Stephen R. Donaldson,,,not_found
9781592406520,Just My Type: A Book About Fonts,Simon Garfield,,,not_found
9780399155480,"Promises in Death (In Death, #28)",J.D. Robb,,,not_found
9781846247190,The Zombie Room,R.D. Ronald,,,not_found
9780876853630,Love Is a Dog from Hell,Charles Bukowski,,,not_found
9780425259860,"Shadow Spell (The Cousins O'Dwyer Trilogy, #2)",Nora Roberts,http://books.google.com/books/content?id=_7KMDQAAQBAJ&printsec=frontcover&img=1&zoom=1&edge=curl&source=gbs_api,covers/9780425259860.jpg,ok_googlebooks
9780316229300,"The Fifth Season (The Broken Earth, #1)",N.K. Jemisin,,,not_found
9780670019630,Shades of Grey,Jasper Fforde,,,not_found
9780552150220,The Analyst,John Katzenbach,,,not_found
9780307582390,"The Mysterious Benedict Society and the Prisoner's Dilemma (The Mysterious Benedict Society, #3)","Trenton Lee Stewart, Del Roy",,,not_found
9780140389660,"That Was Then, This Is Now",S.E. Hinton,,,not_found
9788252574590,Min kamp 1 (Min kamp #1),Karl Ove Knausgård,,,not_found
9780061579040,The Family Fang,Kevin    Wilson,,,not_found
9780385342320,"A Red Herring Without Mustard (Flavia de Luce, #3)",Alan Bradley,,,not_found
9780684804480,No Ordinary Time: Franklin and Eleanor Roosevelt: The Home Front in World War II,Doris Kearns Goodwin,,,not_found
9780375701900,Straight Man,Richard Russo,,,not_found
9780060744880,The Pursuit of Happyness,Chris Gardner,,,not_found
9780375701960,The Moviegoer,Walker Percy,,,not_found
9780808553040,"The Egypt Game (Game, #1)",Zilpha Keatley Snyder,,,not_found
9780385521220,"Sisterhood Everlasting (Sisterhood, #5)",Ann Brashares,,,not_found
9780451452020,Infinity Welcomes Careful Drivers (Red Dwarf #1),Grant Naylor,,,not_found
9780060735430,Coyote Blue,Christopher Moore,,,not_found
9780261102160,Unfinished Tales of Númenor and Middle-Earth,"J.R.R. Tolkien, Christopher Tolkien",,,not_found
9780413774030,The Cherry Orchard,"Anton Chekhov, Tom    Murphy",,,not_found
9781600965270,Orthodoxy,G.K. Chesterton,,,not_found
9780099478420,The Heart of the Matter,Graham Greene,http://books.google.com/books/content?id=tHiMEAAAQBAJ&printsec=frontcover&img=1&zoom=1&source=gbs_api,covers/9780099478420.jpg,ok_googlebooks
9789953890580,فوضى الحواس,"أحلام مستغانمي, Ahlam Mosteghanemi",,,not_found
9781419711890,"The Long Haul (Diary of a Wimpy Kid, #9)",Jeff Kinney,,,not_found
9780060542090,Fancy Nancy,"Jane O'Connor, Robin Preiss Glasser",,,not_found
9780316018710,Sail,"James Patterson, Howard Roughan",,,not_found
9781408859640,The Sleeper and the Spindle,"Neil Gaiman, Chris Riddell",,,not_found
9780451419910,A Fall of Marigolds,Susan Meissner,,,not_found
9780452281430,"Beauty's Punishment (Sleeping Beauty, #2)","A.N. Roquelaure, Anne Rice",,,not_found
9781414310560,"The Negotiator (O'Malley, #1)",Dee Henderson,,,not_found
9780143417230,Can Love Happen Twice?,Ravinder Singh,,,not_found
9780060548930,"A Lion Among Men (The Wicked Years, #3)","Gregory Maguire, Douglas Smith",,,not_found
9780679728890,Death Comes for the Archbishop,Willa Cather,,,not_found
9781841497970,"Fair Game (Alpha & Omega, #3)",Patricia Briggs,,,not_found
9780802136690,This Boy's Life,Tobias Wolff,,,not_found
9780380720870,"Shadow of a Dark Queen (The Serpentwar Saga, #1)",Raymond E. Feist,,,not_found
9780312382860,"Patient Zero (Joe Ledger, #1)",Jonathan Maberry,,,not_found
9781423194550,"The Son of Sobek (Percy Jackson & Kane Chronicles Crossover, #1)",Rick Riordan,,,not_found
9789953716890,في ديسمبر تنتهي كل الأحلام,أثير عبدالله النشمي,,,not_found
9780446401050,Passion Unleashed (Demonica #3),Larissa Ione,,,not_found
9780307118390,Just for You (Little Critter),Mercer Mayer,,,not_found
9780152046910,"Talking to Dragons (Enchanted Forest Chronicles, #4)","Patricia C. Wrede, Peter de Sève",https://covers.openlibrary.org/b/isbn/9780152046910-L.jpg,covers/9780152046910.jpg,ok_openlibrary
9780060002500,Amazonia,James Rollins,,,not_found
9780743426800,"Inca Gold (Dirk Pitt, #12)",Clive Cussler,http://books.google.com/books/content?id=FtnQOJZVRlYC&printsec=frontcover&img=1&zoom=1&source=gbs_api,covers/9780743426800.jpg,ok_googlebooks
,"Own the Wind (Chaos, #1)",Kristen Ashley,,,not_found
9780380810340,Feeling Good: The New Mood Therapy,David D. Burns,,,not_found
9780446504130,NurtureShock: New Thinking About Children,"Po Bronson, Ashley Merryman",http://books.google.com/books/content?id=8e_ORAAACAAJ&printsec=frontcover&img=1&zoom=1&source=gbs_api,covers/9780446504130.jpg,ok_googlebooks
9780425210280,"Predator (Kay Scarpetta, #14)",Patricia Cornwell,,,not_found
9780515141400,Blue Smoke,Nora Roberts,,,not_found
9781400069620,Delicious!,Ruth Reichl,,,not_found
9780894864020,Codependent No More: How to Stop Controlling Others and Start Caring for Yourself,Melody Beattie,,,not_found
9781933480090,Oblomov,"Ivan Goncharov, Stephen Pearl, Galya Diment",,,not_found
9780446579670,"Wild Fire (John Corey, #4)",Nelson DeMille,,,not_found
9780743497300,Two Little Girls in Blue,Mary Higgins Clark,,,not_found
9780553272120,"Daughter of the Empire (The Empire Trilogy, #1)","Raymond E. Feist, Janny Wurts",,,not_found
9780689872370,"Everlost (Skinjacker, #1)",Neal Shusterman,,,not_found
9781439136800,Dreams of a Dark Warrior (Immortals After Dark #11),Kresley Cole,,,not_found
9780142428700,"Theodore Boone: Kid Lawyer (Theodore Boone, #1)","John Grisham, Richard Thomas",,,not_found
9780142300700,"A Year Down Yonder (A Long Way from Chicago, #2)",Richard Peck,,,not_found
9781421514820,"High School Debut, Vol. 01 (High School Debut, #1)",Kazune Kawahara,,,not_found
9781594487580,My Name Is Memory,Ann Brashares,,,not_found
9780007203120,"Dead and Alive (Dean Koontz's Frankenstein, #3)",Dean Koontz,,,not_found
9781450595990,"Tiger's Voyage (The Tiger Saga, #3)",Colleen Houck,,,not_found
9780671449020,The Going-To-Bed Book,Sandra Boynton,,,not_found
9780060894080,Genome: the Autobiography of a Species in 23 Chapters,Matt Ridley,,,not_found
9780679744470,Written on the Body,Jeanette Winterson,,,not_found
9780064473620,"Knocked Out by My Nunga-Nungas (Confessions of Georgia Nicolson, #3)",Louise Rennison,,,not_found
9780842332290,"Desecration (Left Behind, #9)","Tim LaHaye, Jerry B. Jenkins",,,not_found
9781594205000,Redeployment,Phil Klay,,,not_found
9780385733980,Going Bovine,Libba Bray,,,not_found
9780752861750,The Postman Always Rings Twice,James M. Cain,,,not_found
9780375758780,The Glass Palace,Amitav Ghosh,,,not_found
9780965925080,Shadow Divers,Robert Kurson,,,not_found
9780385736850,"The Dead-Tossed Waves (The Forest of Hands and Teeth, #2)",Carrie Ryan,,,not_found
9781595144360,Chopsticks,"Jessica Anthony, Rodrigo Corral",,,not_found
9781250010120,Every Fifteen Minutes,Lisa Scottoline,,,not_found
9780385741390,"The Eye of Minds (The Mortality Doctrine, #1)",James Dashner,,,not_found
9780060535030,"City of the Beasts (Eagle and Jaguar, #1)","Isabel Allende, Margaret Sayers Peden",,,not_found
9780425212040,"Grave Surprise (Harper Connelly, #2)",Charlaine Harris,,,not_found
9780749934120,"Ceremony in Death (In Death, #5)",J.D. Robb,,,not_found
9780345807150,"Cockroaches (Harry Hole, #2)","Jo Nesbø, Don Bartlett",,,not_found
9780545052400,"11 Birthdays (Willow Falls, #1)",Wendy Mass,,,not_found
9789770915350,أولاد حارتنا,"Naguib Mahfouz, نجيب محفوظ",,,not_found
9780345460010,"The Scar (Bas-Lag, #2)",China Miéville,,,not_found
9780060751650,"Haunted (The Mediator, #5)",Meg Cabot,http://books.google.com/books/content?id=VMfveOyhr4kC&printsec=frontcover&img=1&zoom=1&edge=curl&source=gbs_api,covers/9780060751650.jpg,ok_googlebooks
9781579126930,"4:50 from Paddington (Miss Marple, #8)",Agatha Christie,http://books.google.com/books/content?id=THd8f1og-usC&printsec=frontcover&img=1&zoom=1&source=gbs_api,covers/9781579126930.jpg,ok_googlebooks
,"Up to Me (The Bad Boys, #2)",M. Leighton,,,not_found
,"Waking Up Married (Waking Up, #1)",Mira Lyn Kelly,,,not_found
9780385907510,Moon Over Manifest,Clare Vanderpool,,,not_found
9780689860060,"Dragondrums (Harper Hall, #3)",Anne McCaffrey,,,not_found
9780553241600,Mila 18,Leon Uris,,,not_found
9780446574460,The Story of Beautiful Girl,Rachel Simon,,,not_found
9780140280560,"Galileo's Daughter: A Historical Memoir of Science, Faith and Love",Dava Sobel,,,not_found
9780719568960,"Sea of Poppies (Ibis Trilogy, #1)",Amitav Ghosh,,,not_found
9781854596380,Tartuffe,"Molière, Martin Sorrell",,,not_found
9780553291000,Nightfall,"Isaac Asimov, Robert Silverberg",,,not_found
9780061129770,"The Monkey Wrench Gang (Monkey Wrench Gang, #1)",Edward Abbey,,,not_found
9780152018480,How I Became a Pirate,"Melinda Long, David Shannon",,,not_found
9780062049640,"Love Wins: A Book About Heaven, Hell, and the Fate of Every Person Who Ever Lived",Rob Bell,,,not_found
9781400063840,Last Night in Twisted River,John Irving,,,not_found
9780312933550,A Matter of Honor,Jeffrey Archer,,,not_found
9780451233190,"Bite Club (The Morganville Vampires, #10)",Rachel Caine,,,not_found
9780743482880,Mr. Perfect,Linda Howard,,,not_found
9780553805550,No Time for Goodbye (No Time For Goodbye #1),Linwood Barclay,http://books.google.com/books/content?id=aas_mAEACAAJ&printsec=frontcover&img=1&zoom=1&source=gbs_api,covers/9780553805550.jpg,ok_googlebooks
9780545176870,Drawing from Memory,Allen Say,,,not_found
9780007273740,"The Dragon Keeper (Rain Wild Chronicles, #1)",Robin Hobb,,,not_found
9780195007770,A Sand County Almanac and Sketches Here and There,Aldo Leopold,,,not_found
9780805072070,Lassie Come-Home,"Eric Knight, Marguerite Kirmse",,,not_found
9780333710940,The Gruffalo,"Julia Donaldson, Axel Scheffler",,,not_found
9781932100660,"The China Study: The Most Comprehensive Study of Nutrition Ever Conducted And the Startling Implications for Diet, Weight Loss, And Long-term Health","T. Colin Campbell, Thomas M. Campbell II",,,not_found
9780345455290,"The Salmon of Doubt (Dirk Gently, #3)",Douglas Adams,,,not_found
9781857987640,The City and the Stars,Arthur C. Clarke,,,not_found
9780316737370,"How to Train Your Dragon (How to Train Your Dragon, #1)",Cressida Cowell,,,not_found
9782723495620,"Tokyo Ghoul, tome 1 (Tokyo Ghoul, #1)","Sui Ishida, 石田 スイ",,,not_found
9780224063980,"Jimmy Corrigan, the Smartest Kid on Earth",Chris Ware,,,not_found
9780349111890,Brief Interviews with Hideous Men,David Foster Wallace,,,not_found
9780061767590,"L.A. Candy (L.A. Candy, #1)",Lauren Conrad,,,not_found
9781416516730,All Around the Town,Mary Higgins Clark,,,not_found
9781440154230,The Siren,Kiera Cass,,,not_found
9780679764410,American Sphinx: The Character of Thomas Jefferson,Joseph J. Ellis,,,not_found
9780340686030,The Quiet Game,Greg Iles,,,not_found
9780307948690,Headhunters,"Jo Nesbø, Don Bartlett",,,not_found
9780399153360,"The Messenger (Gabriel Allon, #6)",Daniel Silva,,,not_found
9780060730260,"Ida B. . . and Her Plans to Maximize Fun, Avoid Disaster, and (Possibly) Save the World",Katherine Hannigan,https://covers.openlibrary.org/b/isbn/9780060730260-L.jpg,covers/9780060730260.jpg,ok_openlibrary
9780141023430,The Sheltering Sky,Paul Bowles,,,not_found
9780345495360,The Lady Elizabeth,Alison Weir,,,not_found
9781406331160,The Rest of Us Just Live Here,Patrick Ness,,,not_found
9781455503250,The Astronaut Wives Club,Lily Koppel,,,not_found
9780446581200,The Monster of Florence,"Douglas Preston, Mario Spezi",,,not_found
9780060084610,Cheaper by the Dozen,"Frank B. Gilbreth Jr., Ernestine Gilbreth Carey",,,not_found
9780553816330,"Seduced by Moonlight (Merry Gentry, #3)",Laurell K. Hamilton,,,not_found
9780375757910,The Man Who Was Thursday: A Nightmare,"G.K. Chesterton, Jonathan Lethem",,,not_found
9780316057550,Winter's Bone,Daniel Woodrell,,,not_found
9780060888640,"Sword Song (The Saxon Stories, #4)",Bernard Cornwell,,,not_found
,Bossman,Vi Keeland,,,not_found
9780061251340,Deceptively Delicious: Simple Secrets to Get Your Kids Eating Good Food,Jessica Seinfeld,,,not_found
9780316780380,The Weight of Water,Anita Shreve,,,not_found
9781301786460,"Music of the Heart (Runaway Train, #1)",Katie Ashley,,,not_found
9788423648990,Marina,Carlos Ruiz Zafón,,,not_found
9780988489110,"Truth (Consequences, #2)",Aleatha Romig,,,not_found
9780451203780,Scarlet Feather,Maeve Binchy,,,not_found
9780060507770,"The Last Hero (Discworld, #27; Rincewind #7)","Terry Pratchett, Paul Kidby",,,not_found
9780553275730,Fantastic Voyage,Isaac Asimov,http://books.google.com/books/content?id=4pMsEAAAQBAJ&printsec=frontcover&img=1&zoom=1&edge=curl&source=gbs_api,covers/9780553275730.jpg,ok_googlebooks
9781616386110,The Harbinger: The Ancient Mystery that Holds the Secret of America's Future,Jonathan Cahn,,,not_found
9780316254780,The Geography of You and Me,Jennifer E. Smith,,,not_found
9780062073170,"The English Girl (Gabriel Allon, #13)",Daniel Silva,,,not_found
9781409521970,"Angel (Angel, #1)",L.A. Weatherly,,,not_found
9780312243360,We Wish to Inform You That Tomorrow We Will Be Killed with Our Families,Philip Gourevitch,,,not_found
9781400068170,Clara and Mr. Tiffany,Susan Vreeland,,,not_found
9781416997950,"Seeds of Rebellion (Beyonders, #2)",Brandon Mull,,,not_found
9780785139870,Raymond E. Feist's Magician Master,"Bryan J.L. Glass, Tim Seeley, Hugo Petrus, Raymond E. Feist",,,not_found
9780440228650,Chinese Cinderella: The True Story of an Unwanted Daughter,Adeline Yen Mah,,,not_found
9780451225010,The Black Dagger Brotherhood: An Insider's Guide,J.R. Ward,,,not_found
,Ayat-Ayat Cinta,Habiburrahman El-Shirazy,,,not_found
9780192751030,"Ramona and Her Father (Ramona, #4)","Beverly Cleary, Alan Tiegreen",,,not_found
9781600963940,The Secret Adversary (Tommy and Tuppence #1),Agatha Christie,,,not_found
9781600104830,"Locke & Key, Vol. 2: Head Games","Joe Hill, Gabriel Rodríguez",,,not_found
9780394752850,Hopscotch,"Julio Cortázar, Gregory Rabassa",,,not_found
9780345528210,"Fallen (Will Trent, #5)",Karin Slaughter,,,not_found
9781250091840,"Stars Above (The Lunar Chronicles, #4.5)",Marissa Meyer,,,not_found
,"Sweet Dreams (Colorado Mountain, #2)",Kristen Ashley,,,not_found
9780425182870,"Chosen Prey (Lucas Davenport, #12)",John Sandford,,,not_found
9780312421430,No Logo,Naomi Klein,,,not_found
9780446698220,Fear and Loathing on the Campaign Trail '72,Hunter S. Thompson,,,not_found
9780385518510,Clapton: The Autobiography,Eric Clapton,,,not_found
9780743219600,Shroud for a Nightingale (Adam Dalgliesh #4),P.D. James,,,not_found
9780451210560,No Second Chance,Harlan Coben,,,not_found
9781250019840,"First Frost (Waverley Family, #2)",Sarah Addison Allen,,,not_found
9780330426640,Stories of Your Life and Others,Ted Chiang,,,not_found
9789707704660,Travesuras de la niña mala,Mario Vargas Llosa,,,not_found
9781565126800,The Girl Who Fell from the Sky,Heidi W. Durrow,,,not_found
9780375727280,Lunar Park,Bret Easton Ellis,,,not_found
9780553804320,"Hide (Detective D.D. Warren, #2)",Lisa Gardner,,,not_found
9780385349830,Manuscript Found in Accra,"Paulo Coelho, Margaret Jull Costa",,,not_found
9781682305030,"Broken Prince (The Royals, #2)",Erin Watt,,,not_found
9780007117150,Weaveworld,Clive Barker,,,not_found
9780312380790,Save Me,Lisa Scottoline,,,not_found
9780689869130,"The Rivers of Zadaa (Pendragon, #6)",D.J. MacHale,,,not_found
9780345527780,"Wicked Business (Lizzy & Diesel, #2)",Janet Evanovich,,,not_found
9780345414010,Friday,Robert A. Heinlein,,,not_found
9781414318640,"Her Mother's Hope (Marta's Legacy, #1)",Francine Rivers,http://books.google.com/books/content?id=Sz1pcgAACAAJ&printsec=frontcover&img=1&zoom=1&source=gbs_api,covers/9781414318640.jpg,ok_googlebooks
9780345438320,Nicholas and Alexandra,Robert K. Massie,,,not_found
9780395870820,Tuesday,David Wiesner,,,not_found
9780399148700,"Red Rabbit (Jack Ryan Universe, #3)",Tom Clancy,,,not_found
9780886773790,"Arrows of the Queen (Heralds of Valdemar, #1)",Mercedes Lackey,,,not_found
9780006497010,"Rise of a Merchant Prince (The Serpentwar Saga, #2)",Raymond E. Feist,,,not_found
9780374521720,Slouching Towards Bethlehem,Joan Didion,,,not_found
9780062002330,"Angelfire (Angelfire, #1)",Courtney Allison Moulton,,,not_found
9781451665600,Mile 81,Stephen King,,,not_found
9780375870900,Escape from Mr. Lemoncello's Library (Mr. Lemoncello's Library #1),Chris Grabenstein,,,not_found
9780689859400,"The Ironwood Tree (The Spiderwick Chronicles, #4)","Holly Black, Tony DiTerlizzi",,,not_found
9780689846240,The Yearling,Marjorie Kinnan Rawlings,,,not_found
9780312426230,The Brooklyn Follies,Paul Auster,,,not_found
9780767915300,The Sex Lives of Cannibals: Adrift in the Equatorial Pacific,J. Maarten Troost,,,not_found
9780446569900,I Am Ozzy,"Ozzy Osbourne, Chris Ayres",,,not_found
9780373210630,"Dare You To (Pushing the Limits, #2)",Katie McGarry,,,not_found
9780375703060,A Virtuous Woman,Kaye Gibbons,,,not_found
9780778313080,"Touch of Power (Healer, #1)",Maria V. Snyder,,,not_found
9780345374720,"The Sapphire Rose (The Elenium, #3)",David Eddings,,,not_found
9780515128540,"Tears of the Moon (Gallaghers of Ardmore / Irish Trilogy, #2)",Nora Roberts,,,not_found
9780751531210,The Gold Coast,Nelson DeMille,,,not_found
,"The Hook Up (Game On, #1)",Kristen Callihan,,,not_found
9781476798170,Did You Ever Have a Family,Bill Clegg,,,not_found
9780684839390,On Death and Dying,Elisabeth Kübler-Ross,,,not_found
9780060562500,"It Happened One Autumn (Wallflowers, #2)",Lisa Kleypas,,,not_found
9780671758900,"Loves Music, Loves to Dance",Mary Higgins Clark,,,not_found
9780399155160,"Scarpetta (Kay Scarpetta, #16)",Patricia Cornwell,,,not_found
9780786901650,"Siege of Darkness (Forgotten Realms: Legacy of the Drow, #3; Legend of Drizzt, #9)",R.A. Salvatore,,,not_found
,"Sand Omnibus (Sand, #1-5)",Hugh Howey,,,not_found
9780553505850,"Darkness, Take My Hand (Kenzie & Gennaro, #2)",Dennis Lehane,,,not_found
9781416983250,"Perfect (Impulse, #2)",Ellen Hopkins,,,not_found
9780425189030,"Portrait in Death (In Death, #16)",J.D. Robb,,,not_found
2940016319510,"Play with Me (With Me in Seattle, #3)",Kristen Proby,,,not_found
,"Ceaseless (Existence Trilogy, #3)",Abbi Glines,,,not_found
9781780892890,"14th Deadly Sin (Women’s Murder Club, #14)","James Patterson, Maxine Paetro",,,not_found
9780399171090,The Collector,Nora Roberts,,,not_found
9780515138820,Sunshine,Robin McKinley,,,not_found
9781401210090,"Y: The Last Man, Vol. 7: Paper Dolls (Y: The Last Man, #7)","Brian K. Vaughan, Pia Guerra, Goran Sudžuka, José Marzán Jr.",,,not_found
9780312939020,"D is for Deadbeat (Kinsey Millhone, #4)",Sue Grafton,,,not_found
9780316000970,"The Vampire Prince (Cirque Du Freak, #6)",Darren Shan,https://covers.openlibrary.org/b/isbn/9780316000970-L.jpg,covers/9780316000970.jpg,ok_openlibrary
9781608195220,Salvage the Bones,Jesmyn Ward,,,not_found
9780671447540,Mornings on Horseback,David McCullough,,,not_found
9780345455680,London,Edward Rutherfurd,,,not_found
9781301442430,"Silence (Silence, #1)",Natasha Preston,,,not_found
9781612184720,"Off to Be the Wizard (Magic 2.0, #1)",Scott  Meyer,,,not_found
9781250059310,My True Love Gave to Me: Twelve Holiday Stories,"Stephanie Perkins, Holly Black, Ally Carter, Matt de la Pena, Gayle Forman, Jenny Han, David Levithan, Kelly Link, Myra McEntire, Rainbow Rowell, Laini Taylor, Kiersten White",,,not_found
9780679753340,Nobody's Fool,Richard Russo,,,not_found
9780451076460,Rage,"Richard Bachman, Stephen King",,,not_found
9780224093610,The Cat's Table,Michael Ondaatje,,,not_found
9780140447420,"Germinal (Les Rougon-Macquart, #13)","Émile Zola, Roger Pearson",,,not_found
9781857988220,The Demolished Man,Alfred Bester,,,not_found
9780060725130,"Ninth Key (The Mediator, #2)",Meg Cabot,,,not_found
9781423121300,"Lost in Time (Blue Bloods, #6)",Melissa de la Cruz,,,not_found
9780553383840,Of Love and Shadows,"Isabel Allende, Margaret Sayers Peden",,,not_found
9780525954580,"Find Her (Detective D.D. Warren, #8)",Lisa Gardner,,,not_found
9781939392750,"Frigid (Frigid, #1)","J. Lynn, Jennifer L. Armentrout",,,not_found
9780805088410,"The Evolution of Calpurnia Tate (Calpurnia Tate, #1)",Jacqueline Kelly,,,not_found
9781423108760,"Bad Girls Don't Die (Bad Girls Don't Die, #1)",Katie Alender,,,not_found
9780425100650,Twilight Eyes,Dean Koontz,,,not_found
9780307377330,Asterios Polyp,David Mazzucchelli,,,not_found
9780345383270,"Domes of Fire (The Tamuli, #1)",David Eddings,,,not_found
9780446695690,Sick Puppy,Carl Hiaasen,,,not_found
,Two By Two,Nicholas Sparks,,,not_found
9780345481290,"Throne of Jade (Temeraire, #2)",Naomi Novik,https://covers.openlibrary.org/b/isbn/9780345481290-L.jpg,covers/9780345481290.jpg,ok_openlibrary
9780439846840,"The Stonekeeper's Curse (Amulet, #2)",Kazu Kibuishi,,,not_found
9780836217350,The Days Are Just Packed: A Calvin and Hobbes Collection,Bill Watterson,,,not_found
9781582405310,"The Walking Dead, Vol. 04: The Heart's Desire","Robert Kirkman, Charlie Adlard, Cliff Rathburn",,,not_found
9781600610870,"An Illustrated Life: Drawing Inspiration From The Private Sketchbooks Of Artists, Illustrators And Designers",Danny Gregory,,,not_found
9780743412020,Pay It Forward,Catherine Ryan Hyde,,,not_found
9780307990680,"Odd Apocalypse (Odd Thomas, #5)",Dean Koontz,,,not_found
9781401307930,The Creative License: Giving Yourself Permission to Be The Artist You Truly Are,Danny Gregory,,,not_found
9780679752550,Discipline and Punish: The Birth of the Prison,"Michel Foucault, Alan Sheridan, Thomas Mathiesen, Walter Seitter, Drago Braco Rotar",,,not_found
9781594481570,Plan B: Further Thoughts on Faith,Anne Lamott,,,not_found
9780345531480,"The Skull Throne (Demon Cycle, #4)",Peter V. Brett,,,not_found
9781591169280,"Full Moon o Sagashite, Vol. 1","Arina Tanemura, Tomo Kimura",,,not_found
9780312369510,"Devil May Cry (Dark-Hunter, #11)",Sherrilyn Kenyon,,,not_found
9780060935760,"The Archer's Tale (The Grail Quest, #1)",Bernard Cornwell,,,not_found
9780812974040,In the Company of the Courtesan,Sarah Dunant,,,not_found
9780316013830,Sea Glass,Anita Shreve,,,not_found
9781582349020,"River Secrets (The Books of Bayern, #3)",Shannon Hale,,,not_found
9780061668100,"Illusions (Wings, #3)",Aprilynne Pike,,,not_found
9781250034490,"Be Careful What You Wish For (The Clifton Chronicles, #4)",Jeffrey Archer,,,not_found
2940016487080,"Second Chance Boyfriend (One Week Girlfriend, #2)",Monica  Murphy,,,not_found
9781401202320,"Y: The Last Man, Vol. 4: Safeword (Y: The Last Man, #4)","Brian K. Vaughan, Pia Guerra, Goran Parlov, José Marzán Jr.",,,not_found
9781461072520,"Inescapable (The Premonition, #1)",Amy A. Bartol,,,not_found
9780785127220,Magician: Apprentice  (Raymond E. Feist's Magician: Apprentice #1),"Raymond E. Feist, Michael Avon Oeming, Bryan J.L. Glass, Ryan Stegman",,,not_found
9780425204030,"Atlantis Found (Dirk Pitt, #15)",Clive Cussler,https://covers.openlibrary.org/b/isbn/9780425204030-L.jpg,covers/9780425204030.jpg,ok_openlibrary
9780785281120,Developing the Leader Within You,John C. Maxwell,,,not_found
9780451165660,Fatal Vision,Joe McGinniss,,,not_found
9780385664450,Ape House,Sara Gruen,,,not_found
9781594201510,Gang Leader for a Day: A Rogue Sociologist Takes to the Streets,Sudhir Venkatesh,,,not_found
9780062331150,The Bees,Laline Paull,,,not_found
9780345422550,Polgara the Sorceress (Malloreon),"David Eddings, Leigh Eddings",,,not_found
9780385539080,China Rich Girlfriend (Crazy Rich Asians #2),Kevin Kwan,http://books.google.com/books/content?id=UlbuoQEACAAJ&printsec=frontcover&img=1&zoom=1&source=gbs_api,covers/9780385539080.jpg,ok_googlebooks
9781416543700,"State of the Union (Scot Harvath, #3)",Brad Thor,,,not_found
9780007157170,"That Hideous Strength (Space Trilogy, #3)",C.S. Lewis,,,not_found
9780736918830,A Woman After God's Own Heart,Elizabeth George,,,not_found
9780446675370,"Bless Me, Ultima",Rudolfo Anaya,,,not_found
9780375703840,Glamorama,Bret Easton Ellis,,,not_found
9781250015550,The Good House,Ann Leary,,,not_found
9780312593320,A Secret Kept,Tatiana de Rosnay,,,not_found
9780375703830,Silk,Alessandro Baricco,,,not_found
9780156106800,The Baron in the Trees,"Italo Calvino, Archibald Colquhoun",,,not_found
9788770530680,"The Redeemer (Harry Hole, #6)",Jo Nesbø,,,not_found
9780316133200,"Twilight: The Graphic Novel, Vol. 2  (Twilight: The Graphic Novel, #2)","Stephenie Meyer, Young Kim",,,not_found
2940148861120,"Raw (RAW Family, #1)",Belle Aurora,,,not_found
9780778303820,The Darkest Lie (Lords of the Underworld #6),Gena Showalter,,,not_found
9780842332310,"The Remnant (Left Behind, #10)","Tim LaHaye, Jerry B. Jenkins",,,not_found
9780380809070,"The Great Book of Amber (The Chronicles of Amber, #1-10)",Roger Zelazny,,,not_found
,"Beautiful Bitch (Beautiful Bastard, #1.5)",Christina Lauren,,,not_found
9788370540910,"Czas pogardy (Saga o Wiedźminie, #4)",Andrzej Sapkowski,,,not_found
9780312939040,"F is for Fugitive (Kinsey Millhone, #6)",Sue Grafton,,,not_found
9780385535590,The Dressmaker,Kate Alcott,,,not_found
9780395304490,Jumanji,Chris Van Allsburg,,,not_found
9780307377330,Incognito: The Secret Lives of the Brain,David Eagleman,,,not_found
,"Until November (Until, #1)",Aurora Rose Reynolds,,,not_found
9780688161120,Replay,Ken Grimwood,,,not_found
9781250044660,Heartless,Marissa Meyer,,,not_found
9781400031820,"The Full Cupboard of Life (No. 1 Ladies' Detective Agency, #5)",Alexander McCall Smith,,,not_found
9780393062240,Death by Black Hole - And Other Cosmic Quandaries,Neil deGrasse Tyson,,,not_found
9780060757360,"The Pigman (The Pigman, #1)",Paul Zindel,,,not_found
9780385491070,The Edible Woman,Margaret Atwood,,,not_found
,My Heart and Other Black Holes,Jasmine Warga,,,not_found
9780060751970,"How to Marry a Millionaire Vampire (Love at Stake, #1)",Kerrelyn Sparks,,,not_found
9780679882800,The Foot Book: Dr. Seuss's Wacky Book of Opposites (Bright and Early Board Books),Dr. Seuss,,,not_found
9780545284100,"Abandon (Abandon, #1)",Meg Cabot,,,not_found
9780684832360,"The Christmas Box (The Christmas Box, #1)",Richard Paul Evans,,,not_found
635517080452,Anatomy for the Artist,Sarah Simblet,,,not_found
9780689877800,"The Recruit (Cherub, #1)",Robert Muchamore,,,not_found
9780618619160,The Ancestor's Tale: A Pilgrimage to the Dawn of Evolution,Richard Dawkins,,,not_found
9780385493630,Fermat's Enigma: The Epic Quest to Solve the World's Greatest Mathematical Problem,Simon Singh,,,not_found
9780140178210,The Bloody Chamber and Other Stories,Angela Carter,,,not_found
9780385515500,"Deep Storm (Jeremy Logan, #1)",Lincoln Child,,,not_found
9780557364630,"My Blood Approves (My Blood Approves, #1)",Amanda Hocking,,,not_found
9780060012790,A Cook's Tour: Global Adventures in Extreme Cuisines,Anthony Bourdain,,,not_found
9781602862560,"Finding Me: A Decade of Darkness, a Life Reclaimed - A Memoir of the Cleveland Kidnappings","Michelle Knight, Michelle Burford",,,not_found
9780515117790,"Born in Shame (Born In Trilogy, #3)",Nora Roberts,,,not_found
9780061176100,The Power of Art,Simon Schama,,,not_found
9780062295900,Girl in a Band,Kim Gordon,,,not_found
,The Chemist,Stephenie Meyer,,,not_found
9780743474160,"Paradise (Second Opportunities, #1)",Judith McNaught,https://covers.openlibrary.org/b/isbn/9780743474160-L.jpg,covers/9780743474160.jpg,ok_openlibrary
9780399156910,"Bad Blood (Virgil Flowers, #4)",John Sandford,,,not_found
9780525478930,"Ninth Grade Slays (The Chronicles of Vladimir Tod, #2)",Heather Brewer,,,not_found
9780738718680,"Return to Paradise (Leaving Paradise, #2)",Simone Elkeles,,,not_found
9780399153940,"Book of the Dead (Kay Scarpetta, #15)",Patricia Cornwell,,,not_found
9781577780720,"Jesus Freaks: Stories of Those Who Stood for Jesus, the Ultimate Jesus Freaks (Jesus Freaks, #1)","D.C. Talk, The Voice of the Martyrs",,,not_found
9781594204210,Cooked: A Natural History of Transformation,Michael Pollan,,,not_found
9780765326580,"The Lost Gate (Mither Mages, #1)",Orson Scott Card,,,not_found
9780451456720,Daughter of the Blood (The Black Jewels #1),Anne Bishop,,,not_found
9780307960500,"Police (Harry Hole, #10)","Jo Nesbø, Don Bartlett",,,not_found
9781569314070,"Fushigi Yûgi: The Mysterious Play, Vol. 1: Priestess","Yuu Watase, Yuji Oniki",,,not_found
9780979159300,"The Lace Reader (The Lace Reader, #1)",Brunonia Barry,,,not_found
9780970398110,Anne Rice's The Tale of the Body Thief (A Graphic Novel),"Faye Perozich, Travis Moore, Michael Halbleib, Daerick Gröss, Anne Rice",,,not_found
9785559609130,"Vittorio, The Vampire (New Tales of the Vampires, #2)",Anne Rice,,,not_found
9780691017850,The Hero With a Thousand Faces,Joseph Campbell,,,not_found
9780345443600,"A Stroke of Midnight (Merry Gentry, #4)",Laurell K. Hamilton,,,not_found
9781401323580,And Another Thing...,Eoin Colfer,,,not_found
9780618562040,"Empress Orchid (Empress Orchid, #1)",Anchee Min,,,not_found
9780743453010,"Monday Mourning (Temperance Brennan, #7)",Kathy Reichs,,,not_found
9780615796150,"Damaged (Damaged, #1)",H.M. Ward,,,not_found
9780007169960,There's a Wocket in My Pocket!,Dr. Seuss,,,not_found
9780140367460,"The Princess and the Goblin  (Princess Irene and Curdie, #1)","George MacDonald, Arthur Hughes",,,not_found
9781605981730,"The Preacher (Patrik Hedström, #2)","Camilla Läckberg, Steven T. Murray",,,not_found
9780312361270,The Gatecrasher,Madeleine Wickham,,,not_found
9780060733350,"The Confusion (The Baroque Cycle, #2)",Neal Stephenson,,,not_found
9780615408990,"That Boy (That Boy, #1)",Jillian Dodd,,,not_found
9780857522280,"Raising Steam (Discworld, #40, Moist von Lipwig #3 )",Terry Pratchett,,,not_found
9780060567230,Lord of Light,"Roger Zelazny, Sönmez Güven",,,not_found
9780802141680,The Lone Ranger and Tonto Fistfight in Heaven,Sherman Alexie,,,not_found
9780399163840,"X (Kinsey Millhone, #24)",Sue Grafton,,,not_found
9780224064930,Esio Trot,"Roald Dahl, Quentin Blake",,,not_found
9780547959210,"Independent Study (The Testing, #2)",Joelle Charbonneau,,,not_found
9781593070920,"Hellboy, Vol. 3: The Chained Coffin and Others (Hellboy, #3)",Mike Mignola,,,not_found
9780307279960,A Simple Plan,Scott B. Smith,,,not_found
9780374529950,Play It as It Lays,"Joan Didion, David Thomson",,,not_found
9780316018750,"Run for Your Life (Michael Bennett, #2)","James Patterson, Michael Ledwidge",,,not_found
9780553590160,"Dime Store Magic (Women of the Otherworld, #3)",Kelley Armstrong,,,not_found
9780553573350,"Blue Mars (Mars Trilogy, #3)",Kim Stanley Robinson,,,not_found
9781250022070,"The Long Way Home (Chief Inspector Armand Gamache, #10)",Louise Penny,,,not_found
9780375865860,Please Ignore Vera Dietz,A.S. King,,,not_found
9780061020020,"The Struggle (The Vampire Diaries, #2)",L.J. Smith,,,not_found
9780722533950,The Valkyries,"Paulo Coelho, Alan R. Clarke",,,not_found
9780060766210,"Curse of the Bane (The Last Apprentice / Wardstone Chronicles, #2)","Joseph Delaney, Patrick  Arrasmith",,,not_found
9780440237560,"The Dark Highlander (Highlander, #5)",Karen Marie Moning,,,not_found
9780812971900,"No god but God: The Origins, Evolution and Future of Islam",Reza Aslan,,,not_found
9780440237560,"The Immortal Highlander (Highlander, #6)",Karen Marie Moning,,,not_found
9780679734470,"VALIS (VALIS Trilogy, #1)",Philip K. Dick,,,not_found
9780545284160,"The Runaway King (The Ascendance Trilogy, #2)",Jennifer A. Nielsen,,,not_found
9780679724510,The Second Sex,"Simone de Beauvoir, H.M. Parshley, Deirdre Bair",,,not_found
9780553286400,"Dragon Wing (The Death Gate Cycle, #1)","Margaret Weis, Tracy Hickman",,,not_found
9781401213510,"Y: The Last Man, Vol. 9: Motherland (Y: The Last Man, #9)","Brian K. Vaughan, Pia Guerra, Goran Sudžuka, José Marzán Jr.",,,not_found
9781608866880,"Lumberjanes, Vol. 1: Beware the Kitten Holy","Noelle Stevenson, Grace Ellis, Shannon Waters, Shannon Watters, Brooke A. Allen, Faith Hicks, Kat Leyh, Brooke Allen, Carolyn Nowak, Various, Carey Pietsch",,,not_found
9780553062180,The Highly Sensitive Person: How to Thrive When the World Overwhelms You,Elaine N. Aron,,,not_found
9780380817920,"Ilium (Ilium, #1)",Dan Simmons,,,not_found
9780385495400,The First American: The Life and Times of Benjamin Franklin,H.W. Brands,,,not_found
9780385515990,The Palace of Illusions,Chitra Banerjee Divakaruni,,,not_found
9780446617090,"Dance of Death (Pendergast, #6; Diogenes, #2)","Douglas Preston, Lincoln Child",,,not_found
9780547248040,"This World We Live In (Last Survivors, #3)",Susan Beth Pfeffer,,,not_found
9781591167530,"Hunter x Hunter, Vol. 01 (Hunter x Hunter, #1)","Yoshihiro Togashi, 冨樫 義博",,,not_found
9780425194520,Midnight,Dean Koontz,,,not_found
9780749934130,"Vengeance in Death (In Death, #6)",J.D. Robb,,,not_found
9781416963970,"White Cat (Curse Workers, #1)",Holly Black,,,not_found
9781846054760,"The Gift (Witch & Wizard, #2)","James Patterson, Ned Rust",,,not_found
9780345536150,"A Game of Thrones: Comic Book, Issue 1","Daniel Abraham, George R.R. Martin, Tommy Patterson",,,not_found
9780553575380,"To Say Nothing of the Dog (Oxford Time Travel, #2)",Connie Willis,,,not_found
9780060092570,The Terminal Man,Michael Crichton,,,not_found
9780385333900,Jailbird,Kurt Vonnegut Jr.,https://covers.openlibrary.org/b/isbn/9780385333900-L.jpg,covers/9780385333900.jpg,ok_openlibrary
9780679722310,Where I'm Calling From: New and Selected Stories,Raymond Carver,,,not_found
9780060569660,Autobiography of a Face,Lucy Grealy,http://books.google.com/books/content?id=95UTUIi2b9EC&printsec=frontcover&img=1&zoom=1&edge=curl&source=gbs_api,covers/9780060569660.jpg,ok_googlebooks
9780062224100,Vanishing Girls,Lauren Oliver,,,not_found
9780143035410,"Something Rotten (Thursday Next, #4)",Jasper Fforde,,,not_found
9780061242430,"Darke (Septimus Heap, #6)","Angie Sage, Mark Zug",,,not_found
9780810996170,The Wimpy Kid Movie Diary (Diary of a Wimpy Kid),Jeff Kinney,,,not_found
9780517580520,"The Land of Painted Caves (Earth's Children, #6)",Jean M. Auel,,,not_found
9780736421870,Snow White and the Seven Dwarfs (Little Golden Book),Walt Disney Company,,,not_found
9780679722630,The Thin Man,Dashiell Hammett,,,not_found
9780316726190,Trading Up,Candace Bushnell,,,not_found
9780553279720,"The Uplift War (The Uplift Saga, #3)",David Brin,,,not_found
9780380974730,"Rage of a Demon King (The Serpentwar Saga, #3)",Raymond E. Feist,,,not_found
9780670011310,Waiting For You,Susane Colasanti,,,not_found
9780140186310,Lucky Jim,"Kingsley Amis, David Lodge",,,not_found
9780399167840,"The Rose Society (The Young Elites, #2)",Marie Lu,,,not_found
,Sleep Tight,Rachel Abbott,,,not_found
9780345484280,Angel Falls,Kristin Hannah,,,not_found
9780060534060,"A Faint Cold Fear (Grant County, #3)",Karin Slaughter,,,not_found
9781476731900,The Short and Tragic Life of Robert Peace: A Brilliant Young Man Who Left Newark for the Ivy League,Jeff Hobbs,,,not_found
9780425201340,Mao's Last Dancer,Li Cunxin,,,not_found
9780553807230,"The Neighbor (Detective D.D. Warren, #3)",Lisa Gardner,,,not_found
9781401218130,"Y: The Last Man, Vol. 10: Whys and Wherefores (Y: The Last Man, #10)","Brian K. Vaughan, Pia Guerra, José Marzán Jr.",,,not_found
9780812520480,"Eon (The Way, #1)",Greg Bear,,,not_found
9780679723950,"Memories, Dreams, Reflections","C.G. Jung, Aniela Jaffé, Richard Winston, Clara Winston",http://books.google.com/books/content?id=tWKKDQAAQBAJ&printsec=frontcover&img=1&zoom=1&edge=curl&source=gbs_api,covers/9780679723950.jpg,ok_googlebooks
9780425234330,"Bullet (Anita Blake, Vampire Hunter #19)",Laurell K. Hamilton,http://books.google.com/books/content?id=50EZnwEACAAJ&printsec=frontcover&img=1&zoom=1&source=gbs_api,covers/9780425234330.jpg,ok_googlebooks
9789953566240,بيكاسو وستاربكس,ياسر حارب,,,not_found
9780812993100,The Summer Before the War,Helen Simonson,,,not_found
9780060725140,"Reunion (The Mediator, #3)",Meg Cabot,,,not_found
9781409135200,"The Scottish Prisoner (Lord John Grey, #3)",Diana Gabaldon,,,not_found
,"The Initiate (Divergent, #0.2)",Veronica Roth,,,not_found
9780061230840,"The Secret Diaries of Miss Miranda Cheever (Bevelstoke, #1)",Julia Quinn,,,not_found
9780571206930,Laughable Loves,"Milan Kundera, Suzanne Rappaport",,,not_found
9781557091530,The Constitution of the United States of America,Founding Fathers,,,not_found
9783822859800,Gustav Klimt: 1862-1918,Gilles Néret,,,not_found
9780060955230,Under the Volcano,Malcolm Lowry,,,not_found
9780679824110,"Dinosaurs Before Dark (Magic Tree House, #1)","Mary Pope Osborne, Salvatore Murdocca",,,not_found
9781416505500,Have Space Suit—Will Travel,Robert A. Heinlein,,,not_found
9781598184310,The Sea Wolf,Jack London,,,not_found
9780375727140,The Dive From Clausen's Pier,Ann Packer,,,not_found
9780060725140,"Darkest Hour (The Mediator, #4)",Meg Cabot,,,not_found
9780345482400,Enchantment,Orson Scott Card,,,not_found
,Percy Jackson's Greek Gods (A Percy Jackson and the Olympians Guide),"Rick Riordan, John Rocco",,,not_found
9781770460610,Hark! A Vagrant,Kate Beaton,,,not_found
9780060576170,Death in Venice,"Thomas Mann, Michael Henry Heim, Michael Cunningham",,,not_found
9781594561800,The Fall of the House of Usher,Edgar Allan Poe,,,not_found
9780062508350,The Tibetan Book of Living and Dying,"Sogyal Rinpoche, Andrew Harvey",,,not_found
9781416914200,"The Soldiers of Halla (Pendragon, #10)",D.J. MacHale,,,not_found
9780385732080,"The Boyfriend List: 15 Guys, 11 Shrink Appointments, 4 Ceramic Frogs and Me, Ruby Oliver (Ruby Oliver, #1)",E. Lockhart,,,not_found
9780091879200,Lucky Man,Michael J. Fox,,,not_found
9780140236230,"Regeneration (Regeneration, #1)",Pat Barker,,,not_found
9781841957170,The Penelopiad,Margaret Atwood,,,not_found
9780786837460,Don't Let the Pigeon Stay Up Late!,Mo Willems,,,not_found
9780679744730,The Fire Next Time,"James     Baldwin, Kıvanç Güney",,,not_found
9780743265030,The Starter Wife,Gigi Levangie Grazer,,,not_found
9781401204950,We3,"Grant Morrison, Frank Quitely",,,not_found
9780061288850,"The Coffin Club (Vampire Kisses, #5)",Ellen Schreiber,,,not_found
9780060096120,"Princess in Pink (The Princess Diaries, #5)",Meg Cabot,,,not_found
9780375753140,Main Street,Sinclair Lewis,,,not_found
9780618683080,"Dairy Queen (Dairy Queen, #1)",Catherine Gilbert Murdock,,,not_found
9781597801610,The Improbable Adventures of Sherlock Holmes,"John Joseph Adams, Robert J. Sawyer, Stephen King, Michael Moorcock, Sharyn McCrumb, Stephen Baxter, Anne Perry, Barbara Hambly, Tanith Lee, Neil Gaiman, Rob Rogers, Naomi Novik, Anthony Burgess, Dominic Green, Laurie R. King, Barbara Roden, Peter Tremayne, Tim Lebbon, Bradley H. Sinor, Edward D. Hoch, Vonda N. McIntyre, Darrell Schweitzer, Mary Robinette Kowal, H.Paul Jeffers, Geoffrey A. Landis, Amy Myers, Tony Pi, Chris Roberson, Mark Valentine",,,not_found
9780061493350,Telegraph Avenue,Michael Chabon,,,not_found
9781250054810,The Book of Speculation,Erika Swyler,,,not_found
9780385341970,"Undone (Will Trent, #3)",Karin Slaughter,,,not_found
9780425235680,"Flirt (Anita Blake, Vampire Hunter #18)",Laurell K. Hamilton,,,not_found
9780515124220,"Inner Harbor (Chesapeake Bay Saga, #3)",Nora Roberts,,,not_found
9780061779720,"Bite Me (A Love Story, #3)",Christopher Moore,,,not_found
9780886778580,"Green Rider (Green Rider, #1)",Kristen Britain,,,not_found
9780785729200,"The Dragonriders of Pern (Dragonriders of Pern, #1-3)",Anne McCaffrey,,,not_found
9781401200770,"Fables, Vol. 2: Animal Farm","Bill Willingham, Mark Buckingham, Steve Leialoha, James Jean",https://covers.openlibrary.org/b/isbn/9781401200770-L.jpg,covers/9781401200770.jpg,ok_openlibrary
9780394719690,Zen of Seeing: Seeing/Drawing as Meditation,Frederick Franck,,,not_found
9781400067600,"The Social Animal: The Hidden Sources of Love, Character, and Achievement",David  Brooks,,,not_found
9781594631400,"Boy, Snow, Bird",Helen Oyeyemi,,,not_found
9780385533420,Solar,Ian McEwan,,,not_found
9780312424670,Small Island,Andrea Levy,,,not_found
9780226458080,The Structure of Scientific Revolutions,Thomas S. Kuhn,,,not_found
9781250022130,"A Great Reckoning (Chief Inspector Armand Gamache, #12)",Louise Penny,,,not_found
9780446610180,The Sky is Falling,Sidney Sheldon,,,not_found
,House,"Frank E. Peretti, Ted Dekker",,,not_found
9780553265960,Darkness at Noon,"Arthur Koestler, Daphne Hardy",,,not_found
9780312939040,"E is for Evidence (Kinsey Millhone, #5)",Sue Grafton,,,not_found
9780007133610,"The Curse of Chalion (World of the Five Gods, #1)",Lois McMaster Bujold,,,not_found
9780767915600,Straight Talking,Jane Green,,,not_found
9780441014190,"Dauntless (The Lost Fleet, #1)",Jack Campbell,,,not_found
9780425238810,"The Perfect Play (Play by Play, #1)",Jaci Burton,,,not_found
9780778322860,Me & Emma,Elizabeth Flock,,,not_found
9780515136260,"Chesapeake Blue (Chesapeake Bay Saga, #4)",Nora Roberts,,,not_found
,"Until You (Fall Away, #1.5)","Penelope Douglas, Nelson Hobbs",,,not_found
9780316040100,Ash,Malinda Lo,,,not_found
9780763620910,"The Earth, My Butt, and Other Big Round Things",Carolyn Mackler,,,not_found
9781551111730,Lord Jim,Joseph Conrad,,,not_found
9780893816940,Diane Arbus: Monograph,"Diane Arbus, Stan Grossfeld, Doon Arbus, Marvin Israel",,,not_found
9780671664270,Don't Panic: The Official Hitchhiker's Guide to the Galaxy Companion,Neil Gaiman,,,not_found
9780060852010,"Queen of Babble in the Big City (Queen of Babble, #2)",Meg Cabot,,,not_found
,"Be with Me (Wait for You, #2)","J. Lynn, Jennifer L. Armentrout",,,not_found
9780765335340,"Vicious (Villains, #1)","V.E. Schwab, Victoria Schwab",https://covers.openlibrary.org/b/isbn/9780765335340-L.jpg,covers/9780765335340.jpg,ok_openlibrary
9780375836980,A Color of His Own,Leo Lionni,,,not_found
9780425194520,"Raise the Titanic! (Dirk Pitt, #4)",Clive Cussler,,,not_found
9780553588730,The Happiest Baby on the Block: The New Way to Calm Crying and Help Your Newborn Baby Sleep Longer,Harvey Karp,,,not_found
9780142400760,"Things Not Seen (Things, #1)",Andrew Clements,,,not_found
9780394900870,Yertle the Turtle and Other Stories,Dr. Seuss,,,not_found
9780786851490,The Supernaturalist,Eoin Colfer,,,not_found
9781609071230,The Rent Collector,Camron Wright,,,not_found
,"Take a Chance (Rosemary Beach, #7; Chance, #1)",Abbi Glines,,,not_found
9780375703420,Family Matters,Rohinton Mistry,,,not_found
9780786856920,Schooled,Gordon Korman,,,not_found
9780385517260,The Fifth Discipline: The Art & Practice of The Learning Organization,Peter M. Senge,,,not_found
9781936608900,It Starts with Food: Discover the Whole30 and Change Your Life in Unexpected Ways,"Dallas Hartwig, Melissa Hartwig",,,not_found
9780151012700,Merle's Door: Lessons from a Freethinking Dog,Ted Kerasote,,,not_found
9781406501070,"Jo's Boys (Little Women, #3)",Louisa May Alcott,,,not_found
9780440227200,"Brian's Winter (Brian's Saga, #3)",Gary Paulsen,,,not_found
9780452287080,How the García Girls Lost Their Accents ,Julia Alvarez,,,not_found
9780525955110,Home (Myron Bolitar #11),Harlan Coben,,,not_found
9780609807910,"Second Helpings (Jessica Darling, #2)",Megan McCafferty,,,not_found
9780525952890,"The Absent One (Department Q, #2)","Jussi Adler-Olsen, K.E. Semmel",,,not_found
9780872860740,Notes of a Dirty Old Man,Charles Bukowski,,,not_found
9780689840340,"Greenwitch (The Dark Is Rising, #3)",Susan Cooper,,,not_found
9781582406120,"The Walking Dead, Vol. 05: The Best Defense","Robert Kirkman, Charlie Adlard, Cliff Rathburn",,,not_found
9780064407340,"Abarat (Abarat, #1)",Clive Barker,,,not_found
9780316012830,"One Good Turn (Jackson Brodie, #2)",Kate Atkinson,,,not_found
9780062072180,"Portrait of a Spy (Gabriel Allon, #11)",Daniel Silva,,,not_found
9780671023460,"Kissed by an Angel/The Power of Love/Soulmates (Kissed by an Angel, #1-3)",Elizabeth Chandler,,,not_found
9780007219760,"The Burning Land (The Saxon Stories, #5)",Bernard Cornwell,,,not_found
9780586203190,"2061: Odyssey Three (Space Odyssey, #3)",Arthur C. Clarke,,,not_found
9780061284430,"Afterlife (Evernight, #4)",Claudia Gray,,,not_found
9781439187320,"The Walk (The Walk, #1)",Richard Paul Evans,,,not_found
9780547628390,"Dark Triumph (His Fair Assassin, #2)",Robin LaFevers,,,not_found
9780399250480,Slam,Nick Hornby,,,not_found
9789791227020,"Edensor (Tetralogi Laskar Pelangi, #3)",Andrea Hirata,,,not_found
9780544289600,The Crossover,Kwame Alexander,,,not_found
9780739464460,The Line of Beauty,Alan Hollinghurst,,,not_found
9789791227780,Perahu Kertas,Dee Lestari,https://covers.openlibrary.org/b/isbn/9789791227780-L.jpg,covers/9789791227780.jpg,ok_openlibrary
9780749009520,The Rose Garden,Susanna Kearsley,,,not_found
9780060833460,The Effective Executive: The Definitive Guide to Getting the Right Things Done (Harperbusiness Essentials),Peter F. Drucker,,,not_found
9781595541220,Monster,Frank E. Peretti,,,not_found
9780451208190,"The English Assassin (Gabriel Allon, #2)",Daniel Silva,,,not_found
9781632150200,"The Wicked + The Divine, Vol. 1: The Faust Act","Kieron Gillen, Jamie McKelvie, Matt Wilson, Clayton Cowles",,,not_found
9780743284880,Chuck Klosterman IV: A Decade of Curious People and Dangerous Ideas,Chuck Klosterman,,,not_found
9780553808030,Innocence,Dean Koontz,,,not_found
9781401917590,The Law of Attraction: The Basics of the Teachings of Abraham,"Esther Hicks, Jerry Hicks",,,not_found
,"Maybe Not (Maybe, #1.5)",Colleen Hoover,,,not_found
9781423157530,"In The Afterlight (The Darkest Minds, #3)",Alexandra Bracken,,,not_found
9780399154780,"Dark of the Moon (Virgil Flowers, #1)",John Sandford,,,not_found
9780373210460,"Goddess Interrupted (Goddess Test, #2)",Aimee Carter,,,not_found
9780688213860,"Henry Huggins (Henry Huggins, #1)","Beverly Cleary, Tracy Dockray",,,not_found
9780689859380,"Lucinda's Secret (The Spiderwick Chronicles, #3)","Holly Black, Tony DiTerlizzi",,,not_found
9780064434520,Bedtime for Frances,"Russell Hoban, Garth Williams",,,not_found
9784770020670,Totto-chan: The Little Girl at the Window,"Tetsuko Kuroyanagi, Chihiro Iwasaki, Dorothy Britton",,,not_found
9780375758260,When Genius Failed: The Rise and Fall of Long-Term Capital Management,Roger Lowenstein,,,not_found
9780804178430,"Half the World (Shattered Sea, #2)",Joe Abercrombie,,,not_found
,"Thief (Love Me with Lies, #3)",Tarryn Fisher,,,not_found
9781590303160,Writing Down the Bones: Freeing the Writer Within,Natalie Goldberg,,,not_found
9780316000990,"Hunters of the Dusk (Cirque Du Freak, #7)",Darren Shan,,,not_found
9780886777630,"City of Golden Shadow (Otherland, #1)",Tad Williams,,,not_found
9780064403690,Jacob Have I Loved,Katherine Paterson,,,not_found
9780316089520,The Postcard Killers,"James Patterson, Liza Marklund",,,not_found
9781421536380,"Kamisama Kiss, Vol. 1","Julietta Suzuki, Tomo Kimura",,,not_found
9780689869110,"Black Water (Pendragon, #5)",D.J. MacHale,,,not_found
9780425093250,"Five Little Pigs (Hercule Poirot, #24)",Agatha Christie,,,not_found
9780345524490,Embassytown,China Miéville,,,not_found
9780553212420,"Sherlock Holmes: The Complete Novels and Stories, Volume I",Arthur Conan Doyle,,,not_found
9780836220630,The Far Side Gallery,Gary Larson,,,not_found
9780373210700,"The Eternity Cure (Blood of Eden, #2)",Julie Kagawa,,,not_found
9780425163720,"Holiday in Death (In Death, #7)",J.D. Robb,,,not_found
9780553582760,By the Light of the Moon,Dean Koontz,,,not_found
9781594486340,The Good Lord Bird,James McBride,,,not_found
9780345379060,"Legend (The Drenai Saga, #1)",David Gemmell,,,not_found
9780803736700,"Three Times Lucky (Tupelo Landing, #1)",Sheila Turnage,,,not_found
9780330418880,"Every Boy's Got One (Boy, #3)",Meg Cabot,,,not_found
9780743492830,Between a Rock and a Hard Place,Aron Ralston,,,not_found
9780425217290,"An Ice Cold Grave (Harper Connelly, #3)",Charlaine Harris,https://covers.openlibrary.org/b/isbn/9780425217290-L.jpg,covers/9780425217290.jpg,ok_openlibrary
9780451166610,Small Sacrifices: A True Story of Passion and Murder,Ann Rule,,,not_found
9780811874560,All My Friends Are Dead,"Avery Monsen, Jory John",,,not_found
9780515123170,"Rising Tides (Chesapeake Bay Saga, #2)",Nora Roberts,,,not_found
9781405038160,"The Six Sacred Stones (Jack West Jr, #2)",Matthew Reilly,,,not_found
9780006471260,A Stranger In The Mirror,Sidney Sheldon,,,not_found
9781781251560,What Got You Here Won't Get You There: How Successful People Become Even More Successful,"Marshall Goldsmith, Mark Reiter",,,not_found
9781421506140,"Bleach, Volume 15",Tite Kubo,,,not_found
9780375821820,Flush,Carl Hiaasen,,,not_found
9781400067820,Antifragile: Things That Gain from Disorder,Nassim Nicholas Taleb,,,not_found
9780743281640,"The Watchman (Elvis Cole, #11; Joe Pike, #1)",Robert Crais,,,not_found
9780679600210,Out of Africa,"Isak Dinesen, Karen Blixen",,,not_found
9781492622470,This Is Where It Ends,Marieke Nijkamp,,,not_found
9781451683400,Free Will,Sam Harris,,,not_found
9780778324220,"Stray (Shifters, #1)",Rachel Vincent,,,not_found
9780062267730,"From Ashes (From Ashes, #1)",Molly McAdams,,,not_found
9780316018610,A Summer Affair,Elin Hilderbrand,,,not_found
9780060809090,"Strong Poison (Lord Peter Wimsey, #6)",Dorothy L. Sayers,,,not_found
9780385737430,Liar & Spy,Rebecca Stead,,,not_found
9780142302390,"Mariel of Redwall (Redwall, #4)","Brian Jacques, Gary Chalk",,,not_found
9780142003340,The Blank Slate: The Modern Denial of Human Nature,Steven Pinker,,,not_found
9780743482850,Antony and Cleopatra,"William Shakespeare, Cynthia Marshall, Barbara A. Mowat, Paul Werstine",,,not_found
,"Jet (Marked Men, #2)",Jay Crownover,,,not_found
9780345496540,The Dreaming Void,Peter F. Hamilton,,,not_found
9780545040560,"Being Nikki (Airhead, #2)",Meg Cabot,,,not_found
9780689839080,"Among the Impostors (Shadow Children, #2)",Margaret Peterson Haddix,,,not_found
9781442413180,"Thirst No. 3: The Eternal Dawn (Thirst, #3)",Christopher Pike,,,not_found
9780743442850,Addicted,Zane,,,not_found
9780765329580,"Article 5 (Article 5, #1)",Kristen Simmons,,,not_found
9780440244450,"Midnight Rising (Midnight Breed, #4)",Lara Adrian,,,not_found
9780060534040,"Kisscut (Grant County, #2)",Karin Slaughter,,,not_found
9781936365010,It Chooses You,"Miranda July, Brigitte Sire",,,not_found
9781627040200,"Found in You (Fixed, #2)",Laurelin Paige,,,not_found
9781439172570,The First Bad Man,Miranda July,,,not_found
9780439755210,"Drums, Girls & Dangerous Pie (Drums, Girls & Dangerous Pie, #1)",Jordan Sonnenblick,,,not_found
9780886776060,"To Green Angel Tower, Part 2 (Memory, Sorrow, and Thorn, #3; Part 2)",Tad Williams,,,not_found
9781400097030,The Sea,John Banville,,,not_found
9780316405350,Invisible,"James Patterson, David Ellis",,,not_found
9780425210760,Mr. Murder,Dean Koontz,,,not_found
9781594745770,"The Last Policeman (The Last Policeman, #1)",Ben H. Winters,,,not_found
9780451211030,"The Bastard (Kent Family Chronicles, #1)",John Jakes,,,not_found
9780345487130,Earth Abides,George R. Stewart,,,not_found
9780316106540,"Allies of the Night (Cirque du Freak, #8)",Darren Shan,,,not_found
9780571207760,The Feast of the Goat,"Mario Vargas Llosa, Edith Grossman",,,not_found
9780553269220,"Rainbow Valley (Anne of Green Gables, #7)",L.M. Montgomery,,,not_found
9780446608370,Thunderhead,"Douglas Preston, Lincoln Child",http://books.google.com/books/content?id=WNGs__8JK74C&printsec=frontcover&img=1&zoom=1&source=gbs_api,covers/9780446608370.jpg,ok_googlebooks
9780425241510,"Dragon Bound (Elder Races, #1)",Thea Harrison,,,not_found
9780553297260,Darkness,John Saul,,,not_found
9780316074150,"Changeless (Parasol Protectorate, #2)",Gail Carriger,,,not_found
9780060727540,Cash,"Johnny Cash, Patrick   Carr",,,not_found
9781576839320,The Pursuit of Holiness,"Jerry Bridges, Foster W. Cline, Jim Fay",,,not_found
9780345451320,Halo: The Fall of Reach,Eric S. Nylund,,,not_found
9780061093330,Low Country,Anne Rivers Siddons,,,not_found
9780312241350,"And the Band Played On: Politics, People, and the AIDS Epidemic","Randy Shilts, William Greider",,,not_found
9780385737630,Revolution,Jennifer Donnelly,,,not_found
9780843955840,The Colorado Kid (Hard Case Crime #13),Stephen King,,,not_found
9780061957920,"Ever After (The Hollows, #11)",Kim Harrison,,,not_found
9780446324820,Audrey Rose,Frank De Felitta,,,not_found
9780061935110,"Vanish (Firelight, #2)",Sophie Jordan,,,not_found
9780380811080,"Again the Magic (Wallflowers, #0)",Lisa Kleypas,,,not_found
9781101946620,The Nix,Nathan  Hill,,,not_found
9780809510830,Carmilla,J. Sheridan Le Fanu,,,not_found
9780836218530,The Calvin and Hobbes Lazy Sunday Book,Bill Watterson,,,not_found
9780375829830,Saving Francesca,Melina Marchetta,,,not_found
9780385538890,The Guest Room,Chris Bohjalian,,,not_found
9781476271420,"Avoiding Commitment (Avoiding, #1)",K.A. Linde,,,not_found
9780194232630,The Monkey's Paw (Oxford Bookworms),"Diane Mowat, W.W. Jacobs",https://covers.openlibrary.org/b/isbn/9780194232630-L.jpg,covers/9780194232630.jpg,ok_openlibrary
9780316224180,"Confessions of a Murder Suspect (Confessions, #1)","James Patterson, Maxine Paetro",,,not_found
9780307394960,Skeletons at the Feast,Chris Bohjalian,,,not_found
9780449221500,"L is for Lawless (Kinsey Millhone, #12)",Sue Grafton,,,not_found
9781401205010,"Y: The Last Man, Vol. 6: Girl on Girl (Y: The Last Man, #6)","Brian K. Vaughan, Pia Guerra, Goran Sudžuka, José Marzán Jr.",,,not_found
9780812505180,The Magic of Recluce (The Saga of Recluce #1),L.E. Modesitt Jr.,,,not_found
9780440420060,Milkweed,Jerry Spinelli,,,not_found
9780060283260,If You Give a Pig a Party,"Laura Joffe Numeroff, Felicia Bond",,,not_found
9780061719550,American on Purpose: The Improbable Adventures of an Unlikely Patriot,Craig Ferguson,,,not_found
9780140157730,"Virtual Light (Bridge, #1)",William Gibson,,,not_found
9780747549920,Last Exit to Brooklyn,"Hubert Selby Jr., Gilbert Sorrentino",,,not_found
9780316185900,The Lifeboat,Charlotte Rogan,,,not_found
9781401303390,Always Looking Up: The Adventures of an Incurable Optimist,Michael J. Fox,,,not_found
9780061852050,"Nine Rules to Break When Romancing a Rake (Love By Numbers, #1)",Sarah MacLean,,,not_found
9780781805510,Quo Vadis,"Henryk Sienkiewicz, W.S. Kuniczak",,,not_found
9780439672440,"The Fire Within (The Last Dragon Chronicles, #1)",Chris d'Lacey,,,not_found
9780062235790,"The Jewel (The Lone City, #1)",Amy Ewing,,,not_found
9780590259380,Is Your Mama a Llama?,"Deborah Guarino, Steven Kellogg",,,not_found
9780586203810,"Servant of the Empire (The Empire Trilogy, #2)","Raymond E. Feist, Janny Wurts",,,not_found
9780515144600,"The Hollow (Sign of Seven, #2)",Nora Roberts,,,not_found
9780385535630,"Heads in Beds: A Reckless Memoir of Hotels, Hustles, and So-Called Hospitality",Jacob Tomsky,,,not_found
9781476792490,"After We Collided (After, #2)",Anna Todd,,,not_found
9780679758330,Confederates in the Attic: Dispatches from the Unfinished Civil War,Tony Horwitz,,,not_found
9780312546340,"This Book Is Full of Spiders: Seriously, Dude, Don't Touch It (John Dies at the End, #2)",David Wong,,,not_found
9783822835530,Dali: The Paintings,"Robert Descharnes, Gilles Néret",,,not_found
9781416505070,"Seven Deadly Wonders (Jack West Jr, #1)",Matthew Reilly,,,not_found
9781605045540,"Unleashed (Ross Siblings, #1)",Cherrie Lynn,,,not_found
9780345443590,"Mistral's Kiss (Merry Gentry, #5)",Laurell K. Hamilton,,,not_found
9780446400980,Desire Unchained (Demonica #2),Larissa Ione,,,not_found
9780743287940,The 8th Habit: From Effectiveness to Greatness,Stephen R. Covey,,,not_found
9780765327830,"I Am Not A Serial Killer (John Cleaver, #1)",Dan Wells,,,not_found
9780399146270,Cold Fire / Hideaway / The Key to Midnight,"Dean Koontz, Leigh Nichols",,,not_found
9781476789260,Eight Hundred Grapes,Laura Dave,,,not_found
9780449005780,"Welcome to the World, Baby Girl! (Elmwood Springs, #1)",Fannie Flagg,,,not_found
9780439436560,"Drowned Wednesday (The Keys to the Kingdom, #3)",Garth Nix,,,not_found
9780393318680,Filth,Irvine Welsh,,,not_found
9780345543000,"Turbo Twenty-Three (Stephanie Plum, #23)",Janet Evanovich,,,not_found
9780316066340,The Girls,Lori Lansens,,,not_found
9780446618670,The Alibi,Sandra Brown,,,not_found
,"Law Man (Dream Man, #3)",Kristen Ashley,,,not_found
9780062088150,A Land More Kind Than Home,Wiley Cash,,,not_found
9781451616880,The Time in Between,"María Dueñas, Daniel Hahn",https://covers.openlibrary.org/b/isbn/9781451616880-L.jpg,covers/9781451616880.jpg,ok_openlibrary
9780545298420,"Shatterproof (The 39 Clues: Cahills vs. Vespers, #4)",Roland Smith,,,not_found
9780307718970,Five Days at Memorial: Life and Death in a Storm-Ravaged Hospital,Sheri  Fink,,,not_found
9780590224730,"Kristy's Great Idea (The Baby-Sitters Club, #1)",Ann M. Martin,,,not_found
,"Dirty Red (Love Me with Lies, #2)",Tarryn Fisher,,,not_found
9780140443160,Bel-Ami,"Guy de Maupassant, Douglas Parmée",,,not_found
9781400031540,"The Fifth Woman (Kurt Wallander, #6)","Henning Mankell, Steven T. Murray",,,not_found
9781594489990,The Wordy Shipmates,Sarah Vowell,,,not_found
9780226500670,A River Runs Through It and Other Stories,Norman Maclean,,,not_found
,The Hating Game,Sally   Thorne,,,not_found
9780425190460,Idoru (Bridge #2),William Gibson,,,not_found
,"Neanderthal Seeks Human (Knitting in the City, #1)",Penny Reid,,,not_found
9780452280400,Paradise,Toni Morrison,,,not_found
9780373777920,"The Best Man (Blue Heron, #1)",Kristan Higgins,,,not_found
,"Criminal (Will Trent, #6)",Karin Slaughter,,,not_found
9780064473450,"Castle in the Air (Howl's Moving Castle, #2)",Diana Wynne Jones,,,not_found
9780545298410,"A King's Ransom (The 39 Clues: Cahills vs. Vespers, #2)",Jude Watson,,,not_found
9781594202440,The Poisoner's Handbook: Murder and the Birth of Forensic Medicine in Jazz Age New York,Deborah Blum,,,not_found
9781523662450,RoomHate,Penelope Ward,,,not_found
9781416960590,Living Dead Girl,Elizabeth Scott,,,not_found
9780938077880,The Dhammapada,"Anonymous, Ananda Maitreya, Thich Nhat Hanh, Balangoda Ananda Maitreya Maitreya",,,not_found
9780812995820,Rising Strong,Brené Brown,,,not_found
9780312144070,The Samurai's Garden,Gail Tsukiyama,,,not_found
9780316018780,Swimsuit,"James Patterson, Maxine Paetro",,,not_found
9780842371510,Through Gates of Splendor,Elisabeth Elliot,,,not_found
6221102017180,تاكسي: حواديت المشاوير,"خالد الخميسي, Khaled Al Khamissi",,,not_found
9780380794480,"Dream a Little Dream (Chicago Stars, #4)",Susan Elizabeth Phillips,,,not_found
9780385344040,"Speaking from Among the Bones (Flavia de Luce, #5)",Alan Bradley,,,not_found
9780316213070,The Darkest Part of the Forest,Holly Black,,,not_found
9780804177990,Black-Eyed Susans,Julia Heaberlin,,,not_found
9781416971770,"Goliath (Leviathan, #3)","Scott Westerfeld, Keith Thompson",,,not_found
9781421506720,"Reborn! Vol. 01: Reborn Arrives! (Reborn!, #1)","Akira Amano, JN Productions, Frances E. Wall",,,not_found
9780312335280,All Things Wise and Wonderful,James Herriot,,,not_found
9781584790840,I'm Just Here for the Food: Food + Heat = Cooking,Alton Brown,,,not_found
9780425180970,"The Bear and the Dragon (Jack Ryan Universe, #11)",Tom Clancy,,,not_found
9780312934320,Sins of the Night (Dark-Hunter #7),Sherrilyn Kenyon,,,not_found
9781416509640,"Tehanu (Earthsea Cycle, #4)",Ursula K. Le Guin,,,not_found
9781594486630,Hunger Makes Me a Modern Girl,Carrie Brownstein,,,not_found
9780399158990,"W is for Wasted (Kinsey Millhone, #23)",Sue Grafton,,,not_found
9781595143990,"Shades of Earth (Across the Universe, #3)",Beth Revis,,,not_found
9780062217070,"Reboot (Reboot, #1)",Amy Tintera,,,not_found
9781400067660,Thomas Jefferson: The Art of Power,Jon Meacham,,,not_found
9780007113800,"Murder in Mesopotamia (Hercule Poirot, #14)",Agatha Christie,,,not_found
9780380794870,"What Looks Like Crazy on an Ordinary Day (Idlewild, #1)",Pearl Cleage,,,not_found
9780449000620,"G is for Gumshoe (Kinsey Millhone, #7)",Sue Grafton,,,not_found
9780553575380,"Excession (Culture, #5)",Iain M. Banks,,,not_found
9780316037880,"The Magician's Apprentice (Black Magician, #0.5)",Trudi Canavan,,,not_found
9781455521320,"King and Maxwell (Sean King & Michelle Maxwell, #6)",David Baldacci,,,not_found
9780060958340,Love's Executioner and Other Tales of Psychotherapy,Irvin D. Yalom,,,not_found
9781600106960,"Locke & Key, Vol. 3: Crown of Shadows","Joe Hill, Gabriel Rodríguez",,,not_found
9781595541210,The Visitation,Frank E. Peretti,,,not_found
9780593046320,"Reaper's Gale (The Malazan Book of the Fallen, #7)",Steven Erikson,,,not_found
9780140184940,Our Man in Havana,Graham Greene,,,not_found
9781576751750,Leadership and Self-Deception: Getting Out of the Box,The Arbinger Institute,,,not_found
9780312351650,"Blue-Eyed Devil (Travises, #2)",Lisa Kleypas,,,not_found
9780316097540,Kill Me If You Can,"James Patterson, Marshall Karp",,,not_found
9780316016670,"Killers of the Dawn (Cirque Du Freak, #9)",Darren Shan,,,not_found
9780671028370,"Deadly Decisions (Temperance Brennan, #3)",Kathy Reichs,,,not_found
9780515089940,Tramp for the Lord,Corrie ten Boom,,,not_found
9781401232060,Batman: The Black Mirror,"Scott Snyder, Jock, Francesco Francavilla, Jared K. Fletcher, Sal Cipriano, David   Baron",,,not_found
9781423340420,"A Lick of Frost (Merry Gentry, #6)","Laurell K. Hamilton, Laural Merlington",,,not_found
9780099690600,The Abyss,"Orson Scott Card, James Cameron",,,not_found
9781492623440,The Readers of Broken Wheel Recommend,"Katarina Bivald, Alice Menzies",,,not_found
9780060278690,If You Take a Mouse to the Movies,"Laura Joffe Numeroff, Felicia Bond",,,not_found
9780316097530,"Alex Cross, Run (Alex Cross, #20)",James Patterson,,,not_found
9780812979920,Stuff White People Like: A Definitive Guide to the Unique Taste of Millions,Christian Lander,,,not_found
,حبيبتي بكماء,محمد السالم,,,not_found
9780060004870,"Live by Night (Coughlin, #2)",Dennis Lehane,,,not_found
9780062004050,"Until I Die (Revenants, #2)",Amy Plum,,,not_found
9780312621680,"The Witch's Daughter (The Witch's Daughter, #1)",Paula Brackston,,,not_found
9780425259870,"Blood Magick (The Cousins O'Dwyer Trilogy, #3)",Nora Roberts,,,not_found
9781857230220,"The Garden of Rama (Rama, #3)","Arthur C. Clarke, Gentry Lee",,,not_found
9781439192820,The Magic of Reality: How We Know What's Really True,"Richard Dawkins, Dave McKean",,,not_found
9780345348680,"The Power That Preserves (The Chronicles of Thomas Covenant the Unbeliever, #3)",Stephen R. Donaldson,,,not_found
9780718149860,The Brightest Star in the Sky,Marian Keyes,,,not_found
9780140283360,Waiting for the Barbarians,J.M. Coetzee,,,not_found
9781592407120,"Girl Walks into a Bar . . .: Comedy Calamities, Dating Disasters, and a Midlife Miracle",Rachel Dratch,,,not_found
9780684859230,To Have and Have Not,Ernest Hemingway,,,not_found
9781476708690,"The Innovators: How a Group of  Hackers, Geniuses and Geeks Created the Digital Revolution",Walter Isaacson,,,not_found
9780307350440,El coronel no tiene quien le escriba,Gabriel García Márquez,,,not_found
9780451219600,Jackdaws,Ken Follett,,,not_found
9780060750860,"The System of the World (The Baroque Cycle, #3)",Neal Stephenson,,,not_found
9780385423600,The Last Seven Months of Anne Frank,Willy Lindwer,,,not_found
9780060734010,"Touching Spirit Bear (Spirit Bear, #1)",Ben Mikaelsen,,,not_found
9781439142000,The Flamethrowers,Rachel Kushner,,,not_found
9781439187010,Unorthodox: The Scandalous Rejection of My Hasidic Roots,Deborah Feldman,,,not_found
9780062318330,"The Selection Stories: The Prince & The Guard (The Selection, #0.5, 2.5)",Kiera Cass,,,not_found
9780062076110,"Twice Tempted (Night Prince, #2)",Jeaniene Frost,,,not_found
9780842356300,"Remember (Redemption, #2)","Karen Kingsbury, Gary Smalley",,,not_found
9780441011740,Redemption Ark,Alastair Reynolds,,,not_found
9780345485780,"The Venetian Betrayal (Cotton Malone, #3)",Steve Berry,,,not_found
9780062001030,Entwined,Heather Dixon,https://covers.openlibrary.org/b/isbn/9780062001030-L.jpg,covers/9780062001030.jpg,ok_openlibrary
9780395957750,The Robe,Lloyd C. Douglas,,,not_found
9780151189790,"Collected Poems, 1909-1962",T.S. Eliot,,,not_found
9780786834270,Beauty and the Beast,"Walt Disney Company, Ellen Titlebaum",,,not_found
9780060766240,"Night of the Soul Stealer (The Last Apprentice / Wardstone Chronicles, #3)","Joseph Delaney, Patrick  Arrasmith",,,not_found
9781594486400,The Yonahlossee Riding Camp for Girls,Anton DiSclafani,,,not_found
9781250052380,"Lead (Stage Dive, #3)",Kylie Scott,,,not_found
9781400065590,Kabul Beauty School: An American Woman Goes Behind the Veil,Deborah Rodriguez,,,not_found
9780061906220,Pete the Cat: I Love My White Shoes,"Eric Litwin, James Dean",https://covers.openlibrary.org/b/isbn/9780061906220-L.jpg,covers/9780061906220.jpg,ok_openlibrary
9780553588380,"No Humans Involved (Women of the Otherworld, #7)",Kelley Armstrong,,,not_found
9780747538360,The Gift of Fear: Survival Signals That Protect Us from Violence,Gavin de Becker,,,not_found
9780061944370,"Big Nate Strikes Again (Big Nate Novels, #2)",Lincoln Peirce,,,not_found
9781442406600,"Endless Summer (The Boys Next Door, #1-2)",Jennifer Echols,,,not_found
9780800717890,"His Needs, Her Needs: Building an Affair-Proof Marriage",Willard F. Harley Jr.,,,not_found
9780778319050,Don't You Cry,Mary Kubica,,,not_found
,"Vain (The Seven Deadly, #1)",Fisher Amelie,,,not_found
9780515141660,"Dance of the Gods (Circle Trilogy, #2)",Nora Roberts,,,not_found
9781442402000,"Nevermore (Nevermore, #1)",Kelly Creagh,,,not_found
9780307738620,"The Ring of Solomon (Bartimaeus, #0.5)","Jonathan Stroud, Simon  Jones",,,not_found
9780802131800,The Blind Owl,"Sadegh Hedayat, D.P. Costello",,,not_found
9780439568470,"Welcome to Dead House (Goosebumps, #1)",R.L. Stine,,,not_found
9780060837050,The Master Butchers Singing Club,Louise Erdrich,,,not_found
9781501124370,Everyone Brave is Forgiven,Chris Cleave,,,not_found
9780765319230,"Chronicles of the Black Company (The Chronicles of the Black Company, #1-3)",Glen Cook,,,not_found
9780553129200,The Great Train Robbery,Michael Crichton,,,not_found
9780345467520,The Things We Do for Love,Kristin Hannah,,,not_found
9780671774680,Mother of Pearl,Melinda Haynes,,,not_found
9780451207790,The Key to Rebecca,Ken Follett,,,not_found
9780451233320,"Hard Bitten (Chicagoland Vampires, #4)",Chloe Neill,,,not_found
9780739437580,Safe Harbour,Danielle Steel,,,not_found
9780765343260,"Son of the Shadows (Sevenwaters, #2)",Juliet Marillier,,,not_found
,Abducted (Lizzy Gardner #1),T.R. Ragan,,,not_found
9780609610660,Barefoot Contessa Family Style: Easy Ideas and Recipes That Make Everyone Feel Like Family,"Ina Garten, Maura McEvoy",,,not_found
9780515128550,"Heart of the Sea (Gallaghers of Ardmore / Irish Trilogy, #3)",Nora Roberts,,,not_found
9780061914170,Crush It!: Why Now Is the Time to Cash In on Your Passion,Gary Vaynerchuk,,,not_found
9780375713750,I Don't Know How She Does It,Allison Pearson,,,not_found
9780440244490,"Veil of Midnight (Midnight Breed, #5)",Lara Adrian,,,not_found
9780812974420,At the Mountains of Madness,"H.P. Lovecraft, China Miéville, S.T. Joshi",,,not_found
9781500453300,"The Long Way to a Small, Angry Planet (Wayfarers, #1)",Becky  Chambers,,,not_found
9780380792640,Subterranean,James Rollins,,,not_found
9781563897150,"Preacher, Volume 9: Alamo","Garth Ennis, Steve Dillon",,,not_found
9780140286810,Collected Fictions,"Jorge Luis Borges, Andrew Hurley",,,not_found
9781606840600,"Raised by Wolves (Raised by Wolves, #1)",Jennifer Lynn Barnes,,,not_found
9780451219240,Promise Me (Myron Bolitar #8),Harlan Coben,,,not_found
9780151010980,"Mistakes Were Made (But Not by Me): Why We Justify Foolish Beliefs, Bad Decisions, and Hurtful Acts","Carol Tavris, Elliot Aronson",,,not_found
9780743464670,The Russia House,John le Carré,,,not_found
9780061720860,"Midnight (The Vampire Diaries: The Return, #3)",L.J. Smith,,,not_found
9780312934350,"Dark Side of the Moon (Dark-Hunter #9, Were-Hunter #3)",Sherrilyn Kenyon,,,not_found
9780060845510,The Third Chimpanzee: The Evolution and Future of the Human Animal,Jared Diamond,,,not_found
9780451197870,Roadwork,"Richard Bachman, Stephen King",,,not_found
9780425204050,"Valhalla Rising (Dirk Pitt, #16)",Clive Cussler,,,not_found
9780062267180,"Crush (Crash, #3)",Nicole  Williams,,,not_found
9780316081060,"Deadline (Newsflesh Trilogy, #2)",Mira Grant,,,not_found
9780613026670,Just Me in the Tub (Mercer Mayer's Little Critter),"Gina Mayer, Mercer Mayer",,,not_found
9780525951060,Long Lost  (Myron Bolitar #9),Harlan Coben,,,not_found
9781430300620,My Stroke of Insight: A Brain Scientist's Personal Journey,Jill Bolte Taylor,,,not_found
9780440242920,"Faithless (Grant County, #5)",Karin Slaughter,,,not_found
9781582406850,"The Walking Dead, Vol. 06: This Sorrowful Life","Robert Kirkman, Charlie Adlard, Cliff Rathburn",,,not_found
9781481438860,"Until Friday Night (The Field Party, #1)",Abbi Glines,,,not_found
9780061161540,Inés of My Soul,"Isabel Allende, Margaret Sayers Peden",,,not_found
9780316324690,Frog Music,Emma Donoghue,,,not_found
9780425199590,Cold Fire,Dean Koontz,,,not_found
9781573227960,An Instance of the Fingerpost,Iain Pears,,,not_found
9780345497450,"Shugo Chara!, Vol. 1: Who Do You Want to Be? (Shugo Chara!, #1)",Peach-Pit,,,not_found
9789797591520,5 cm,Donny Dhirgantoro,,,not_found
9780060517120,Crossing the Chasm: Marketing and Selling High-Tech Products to Mainstream Customers,"Geoffrey A. Moore, Regis McKenna",,,not_found
9780451215770,The Innocent,Harlan Coben,,,not_found
9780586062000,Robots and Empire (Robot #4),Isaac Asimov,,,not_found
9780375424470,Your Inner Fish: A Journey into the 3.5-Billion-Year History of the Human Body,Neil Shubin,,,not_found
9789719234200,ABNKKBSNPLAKo?! (Mga Kwentong Chalk ni Bob Ong),Bob Ong,,,not_found
9780618982510,Are You My Mother?,Alison Bechdel,,,not_found
9781250001540,"Third Grave Dead Ahead (Charley Davidson, #3)",Darynda Jones,,,not_found
9780805099250,"The Heart of Betrayal (The Remnant Chronicles, #2)",Mary E. Pearson,,,not_found
9781591841660,The Dip: A Little Book That Teaches You When to Quit (and When to Stick),Seth Godin,,,not_found
9780060930320,Identity,"Milan Kundera, Linda Asher",,,not_found
9780425142490,The Funhouse,"Owen  West, Dean Koontz",,,not_found
,The Mill River Recluse,Darcie Chan,,,not_found
9780743297300,The Speed of Trust: The One Thing that Changes Everything,Stephen M.R. Covey,,,not_found
9780671004540,You Belong To Me,Mary Higgins Clark,,,not_found
9780688163180,The Given Day (Coughlin #1),Dennis Lehane,,,not_found
9780060856270,First They Killed My Father: A Daughter of Cambodia Remembers,Loung Ung,,,not_found
9780553584520,"The Killing Hour (Quincy & Rainie, #4)",Lisa Gardner,,,not_found
9780573613050,No Exit,Jean-Paul Sartre,https://covers.openlibrary.org/b/isbn/9780573613050-L.jpg,covers/9780573613050.jpg,ok_openlibrary
9780345418520,"Castle Roogna (Xanth, #3)",Piers Anthony,,,not_found
9780552152170,Not Without My Daughter,Betty Mahmoody,,,not_found
9780671673680,While My Pretty One Sleeps,Mary Higgins Clark,,,not_found
9780061132230,"Dance with a Vampire (Vampire Kisses, #4)",Ellen Schreiber,,,not_found
9780140045290,Sometimes a Great Notion,Ken Kesey,,,not_found
9780856761220,Arsenic and Old Lace,Joseph Kesselring,,,not_found
9780312992620,The Blue Bistro,Elin Hilderbrand,https://covers.openlibrary.org/b/isbn/9780312992620-L.jpg,covers/9780312992620.jpg,ok_openlibrary
9780590554090,"Tris's Book (Circle of Magic, #2)",Tamora Pierce,,,not_found
9781439171220,The Moral Landscape: How Science Can Determine Human Values,Sam Harris,,,not_found
9781582344160,Hey Nostradamus!,Douglas Coupland,,,not_found
,"Hardpressed (Hacker, #2)",Meredith Wild,,,not_found
9780802135580,Che Guevara: A Revolutionary Life,Jon Lee Anderson,,,not_found
9780060085490,Island,Aldous Huxley,https://covers.openlibrary.org/b/isbn/9780060085490-L.jpg,covers/9780060085490.jpg,ok_openlibrary
9780060519540,"The Secret Hour (Midnighters, #1)",Scott Westerfeld,,,not_found
9781590387830,"The Candy Shop War (The Candy Shop War, #1)",Brandon Mull,,,not_found
9780007235800,Like the Flowing River ,Paulo Coelho,,,not_found
,Grimm's Fairy Tales,"Jacob Grimm, Wilhelm Grimm, منى الخميسي",,,not_found
9780689868240,Valiant (Modern Faerie Tales #2),Holly Black,,,not_found
,"Between the Lines (Between the Lines, #1)",Tammara Webber,,,not_found
9780553588190,"Broken (Women of the Otherworld, #6)",Kelley Armstrong,,,not_found
9780140549060,Why Mosquitoes Buzz in People's Ears,"Verna Aardema, Leo Dillon, Diane Dillon",,,not_found
9781780481010,The Farseer Trilogy (Farseer Trilogy #1-3),Robin Hobb,,,not_found
9780812993870,"Shopaholic to the Stars (Shopaholic, #7)",Sophie Kinsella,,,not_found
9780399154350,High Noon,Nora Roberts,,,not_found
9781608463860,Men Explain Things to Me,Rebecca Solnit,,,not_found
2940016554330,"Rock with Me (With Me in Seattle, #4)",Kristen Proby,,,not_found
9781471110670,The Farm,Tom Rob Smith,,,not_found
9780930452900,Driving Miss Daisy,Alfred Uhry,,,not_found
9780316044780,"The Prince of Mist (Niebla, #1)","Carlos Ruiz Zafón, Lucia Graves",,,not_found
9781848764570,The Elephant Tree,R.D. Ronald,,,not_found
9780060885460,"The First Four Years  (Little House, #9)","Laura Ingalls Wilder, Garth Williams",,,not_found
9780375422710,"In the Company of Cheerful Ladies (No. 1 Ladies' Detective Agency, #6)",Alexander McCall Smith,,,not_found
9780743294380,"Bones to Ashes (Temperance Brennan, #10)",Kathy Reichs,,,not_found
9780553804720,The Definitive Book of Body Language,"Allan Pease, Barbara Pease",,,not_found
9780684859740,"Grave Secrets (Temperance Brennan, #5)",Kathy Reichs,,,not_found
9781847249550,Cleopatra's Daughter,Michelle Moran,,,not_found
,"Club Shadowlands (Masters of the Shadowlands, #1)",Cherise Sinclair,,,not_found
9780316128520,"Tick Tock (Michael Bennett, #4)","James Patterson, Michael Ledwidge",,,not_found
9780316881790,Never Cry Wolf,Farley Mowat,,,not_found
9780738713700,"Lament: The Faerie Queen's Deception (Books of Faerie, #1)",Maggie Stiefvater,https://covers.openlibrary.org/b/isbn/9780738713700-L.jpg,covers/9780738713700.jpg,ok_openlibrary
9780007144360,Complete Works of Oscar Wilde,"Oscar Wilde, Merlin Holland",,,not_found
9781416543790,"The First Commandment (Scot Harvath, #6)",Brad Thor,,,not_found
,"Accordance (Significance, #2)",Shelly Crane,,,not_found
9781250022080,The Nature of the Beast (Chief Inspector Armand Gamache #11),Louise Penny,https://covers.openlibrary.org/b/isbn/9781250022080-L.jpg,covers/9781250022080.jpg,ok_openlibrary
9780345548480,"Shattered (The Iron Druid Chronicles, #7)",Kevin Hearne,,,not_found
9781250012890,"Chosen at Nightfall (Shadow Falls, #5)",C.C. Hunter,https://covers.openlibrary.org/b/isbn/9781250012890-L.jpg,covers/9781250012890.jpg,ok_openlibrary
9780765316980,"Zoe's Tale (Old Man's War, #4)",John Scalzi,,,not_found
9780936184750,The New Best Recipe,"Cook's Illustrated Magazine, John Burgoyne, Carl Tremblay",,,not_found
9780399171630,"The Rose & the Dagger (The Wrath & the Dawn, #2)",Renee Ahdieh,,,not_found
9780749934170,"Conspiracy in Death (In Death, #8)",J.D. Robb,https://covers.openlibrary.org/b/isbn/9780749934170-L.jpg,covers/9780749934170.jpg,ok_openlibrary
9780060520620,The Proper Care and Feeding of Husbands,Laura C. Schlessinger,,,not_found
9781595542880,"Green: The Beginning and the End (The Circle, #0)",Ted Dekker,,,not_found
,"Before Jamaica Lane (On Dublin Street, #3)",Samantha Young,,,not_found
9780553418290,The Fold,Peter Clines,,,not_found
9780316243710,"The Crown Tower (The Riyria Chronicles, #1)",Michael J. Sullivan,,,not_found
9781401229700,Daytripper,"Fábio Moon, Gabriel Bá, Craig Thompson, Dave Stewart, Sean Konot",,,not_found
9780307266770,The Museum of Innocence,"Orhan Pamuk, Maureen Freely",,,not_found
9780399184510,The Mothers,Brit Bennett,,,not_found
9780385031140,Faust,"Johann Wolfgang von Goethe, Walter Kaufmann",,,not_found
9780425205950,"Cards on the Table (Hercule Poirot, #15)",Agatha Christie,,,not_found
9780399256130,Bloodrose (Nightshade #3; Nightshade World #6),Andrea Cremer,,,not_found
9789792760870,"Black Butler, Vol. 3 (Black Butler, #3)",Yana Toboso,,,not_found
9781442449620,"Tales from a Not-So-Smart Miss Know-It-All (Dork Diaries, #5)",Rachel Renée Russell,,,not_found
9780380709530,"Ramona and Her Mother (Ramona, #5)",Beverly Cleary,,,not_found
9780007119360,"Appointment with Death (Hercule Poirot, #19)",Agatha Christie,,,not_found
9780060734570,"Natural Born Charmer (Chicago Stars, #7)",Susan Elizabeth Phillips,,,not_found
9780345453750,"The Sword of Shannara Trilogy (Shannara, #1-3)",Terry Brooks,,,not_found
9781476776880,Maybe in Another Life,Taylor Jenkins Reid,,,not_found
9780515144670,"The Pagan Stone (Sign of Seven, #3)",Nora Roberts,,,not_found
9789626344250,The Valley of Fear,"Arthur Conan Doyle, David Timson",,,not_found
,Norse Mythology,Neil Gaiman,,,not_found
9780679721890,The Woman Warrior,Maxine Hong Kingston,,,not_found
9780307111550,Three Little Kittens,"Masha, Marie Simchow Stern",,,not_found
9780142196590,A Tale of Two Cities / Great Expectations,Charles Dickens,,,not_found
,"Bad Rep (Bad Rep, #1)",A. Meredith Walters,,,not_found
9780671792800,Principle-Centered Leadership,Stephen R. Covey,,,not_found
9780062273260,"Faking It (Losing It, #2)",Cora Carmack,https://covers.openlibrary.org/b/isbn/9780062273260-L.jpg,covers/9780062273260.jpg,ok_openlibrary
9781451697250,"Carry On, Warrior: Thoughts on Life Unarmed",Glennon Doyle Melton,,,not_found
9780062026540,"The Bitter Kingdom (Fire and Thorns, #3)",Rae Carson,,,not_found
9780141004920,"The Teeth of the Tiger (Jack Ryan Universe, #12)",Tom Clancy,,,not_found
9780307960380,Frosty the Snowman (Frosty the Snowman),Diane Muldrow,,,not_found
9780816638630,A Single Man,Christopher Isherwood,,,not_found
,"Wild Man (Dream Man, #2)",Kristen Ashley,,,not_found
9780345419580,"Moreta: Dragonlady of Pern (Pern, #7)",Anne McCaffrey,,,not_found
9780060841830,"The Queen of Attolia (The Queen's Thief, #2)",Megan Whalen Turner,,,not_found
9781455502750,Mortality,Christopher Hitchens,,,not_found
9780439672470,"Icefire (The Last Dragon Chronicles, #2)",Chris d'Lacey,,,not_found
9780671737820,Honor's Splendour,Julie Garwood,,,not_found
9780684848010,Citizen Soldiers: The U. S. Army from the Normandy Beaches to the Bulge to the Surrender of Germany,Stephen E. Ambrose,,,not_found
9781563894910,"Preacher, Volume 6: War in the Sun","Garth Ennis, Steve Dillon, Peter Snejbjerg",,,not_found
9781780890160,"Hope to Die (Alex Cross, #22)",James Patterson,,,not_found
9780786286800,"Valley of Silence (Circle Trilogy, #3)",Nora Roberts,,,not_found
9780440421240,"The Prophet of Yonwood (Book of Ember, #3)",Jeanne DuPrau,,,not_found
9781439159670,"Deep Kiss of Winter (Includes: Immortals After Dark, #8; Alien Huntress, #3.5)","Kresley Cole, Gena Showalter",,,not_found
9780399158020,"Red Mist (Kay Scarpetta, #19)",Patricia Cornwell,,,not_found
9780316175560,Shut Out,Kody Keplinger,,,not_found
9780385344010,"I Am Half-Sick of Shadows (Flavia de Luce, #4)",Alan Bradley,,,not_found
9780736421980,Sleeping Beauty: a Little Golden Book (Disney Princess),"Michael Teitelbaum, Walt Disney Company",,,not_found
9780062351420,Welcome to Night Vale,"Joseph Fink, Jeffrey Cranor",,,not_found
9780380815590,"An Offer From a Gentleman (Bridgertons, #3)",Julia Quinn,,,not_found
9780062327180,"Dumplin' (Dumplin', #1)",Julie   Murphy,,,not_found
9780373775810,The Darkest Surrender  (Lords of the Underworld #8),Gena Showalter,,,not_found
9780872861560,Tales of Ordinary Madness,Charles Bukowski,,,not_found
9780425181610,Danse Macabre,Stephen King,,,not_found
9780356502430,Ancillary Mercy (Imperial Radch #3),Ann Leckie,,,not_found
9781860499260,The Vagina Monologues,"Eve Ensler, Gloria Steinem",,,not_found
9780375761140,Our Mutual Friend,Charles Dickens,,,not_found
2940014977680,"Seducing Cinderella (Fighting for Love, #1)",Gina L. Maxwell,,,not_found
9781400075710,"Blue Shoes and Happiness (No. 1 Ladies' Detective Agency, #7)",Alexander McCall Smith,,,not_found
9780316926060,A Handful of Dust,Evelyn Waugh,,,not_found
9780385524990,Not My Daughter,Barbara Delinsky,,,not_found
9780312990960,The Book of Illusions,Paul Auster,,,not_found
9780440242180,"To Tame a Highland Warrior (Highlander, #2)",Karen Marie Moning,,,not_found
9780741444560,"Monster Hunter International (Monster Hunter International, #1)",Larry Correia,,,not_found
9780375760140,Daniel Deronda,"George Eliot, Edmund White",,,not_found
9780752849520,Quentins,Maeve Binchy,,,not_found
9780316058250,A Mango-Shaped Space,Wendy Mass,,,not_found
9780316375150,Here's to Us,Elin Hilderbrand,,,not_found
9780373774520,"Chasing Perfect (Fool's Gold, #1)",Susan Mallery,,,not_found
9780446580280,"The Wheel of Darkness (Pendergast, #8)","Douglas Preston, Lincoln Child",,,not_found
9781609074610,Blackmoore,Julianne Donaldson,,,not_found
9781101886690,"Sleeping Giants (Themis Files, #1)",Sylvain Neuvel,,,not_found
9780310919800,Life Application Study Bible: NIV,"Anonymous, Ronald A. Beers, Ronald A. Beers",,,not_found
9781401360240,The Debutante Divorcee,Plum Sykes,,,not_found
9781401201140,The Sandman: Endless Nights,"Neil Gaiman, Barron Storey, Bill Sienkiewicz, Glenn Fabry, Dave McKean, P. Craig Russell, Milo Manara, Miguelanxo Prado, Frank Quitely, Todd Klein",,,not_found
9781594482300,The Night Watch,Sarah Waters,,,not_found
9780099435140,The First Wives Club,Olivia Goldsmith,,,not_found
9781250034520,"Mightier Than the Sword (The Clifton Chronicles, #5)",Jeffrey Archer,,,not_found
9780842335720,Leota's Garden,Francine Rivers,https://covers.openlibrary.org/b/isbn/9780842335720-L.jpg,covers/9780842335720.jpg,ok_openlibrary
9780385489520,Sister of My Heart,Chitra Banerjee Divakaruni,,,not_found
9780755308450,The Vanishing Act of Esme Lennox,Maggie O'Farrell,,,not_found
9780671743060,Boy's Life,Robert McCammon,,,not_found
9780307263000,Nature Girl,Carl Hiaasen,,,not_found
9780312427800,The Housekeeper and the Professor,"Yōko Ogawa, Stephen Snyder",,,not_found
9780375759020,Adam Bede,"George Eliot, Joanna Trollope, Hugh Osborne",,,not_found
9780099460180,"Blood Canticle (The Vampire Chronicles, #10)",Anne Rice,,,not_found
9781416963980,Doll Bones,"Holly Black, Eliza Wheeler",,,not_found
9780449000630,"H is for Homicide (Kinsey Millhone, #8)",Sue Grafton,,,not_found
9781594201930,The Ascent of Money: A Financial History of the World,Niall Ferguson,,,not_found
9781596911060,JPod,Douglas Coupland,,,not_found
9780553584490,The Face,Dean Koontz,,,not_found
9780525952370,One Last Thing Before I Go,Jonathan Tropper,,,not_found
9780195087450,"Purgatorio (The Divine Comedy, #2)","Dante Alighieri, Robert M. Durling",,,not_found
9780670012090,The Impossible Knife of Memory,Laurie Halse Anderson,,,not_found
9780804140420,Food: A Love Story,Jim Gaffigan,,,not_found
9780446564080,"Deliver Us from Evil (A. Shaw, #2)",David Baldacci,,,not_found
9781423116190,"By the Time You Read This, I'll Be Dead","Julie Anne Peters, C.J. Bott",,,not_found
9780739317140,"City of Night (Dean Koontz's Frankenstein, #2)","Dean Koontz, Ed Gorman, John Bedford Lloyd",,,not_found
9780812966920,number9dream,David Mitchell,,,not_found
9781416914240,"The Quillan Games (Pendragon, #7)",D.J. MacHale,,,not_found
9780439545280,"Charlie Bone and the Castle of Mirrors (The Children of the Red King, #4)",Jenny Nimmo,https://covers.openlibrary.org/b/isbn/9780439545280-L.jpg,covers/9780439545280.jpg,ok_openlibrary
9781451617530,The Girls of Atomic City: The Untold Story of the Women Who Helped Win World War II,Denise Kiernan,,,not_found
9780765310090,"Toll the Hounds (The Malazan Book of the Fallen, #8)",Steven Erikson,,,not_found
9780613096480,"The Green Mile, Part 1: The Two Dead Girls",Stephen King,,,not_found
9780060987330,Girlfriend in a Coma,Douglas Coupland,,,not_found
9780385722440,Ella Minnow Pea: A Novel in Letters,Mark Dunn,,,not_found
,"The Unidentified Redhead (Redhead, #1)",Alice Clayton,,,not_found
9780062363240,A Head Full of Ghosts,Paul Tremblay,,,not_found
9780062105620,Maya's Notebook,"Isabel Allende, Anne McLean",,,not_found
9780756409610,"Broken Homes (Peter Grant, #4)",Ben Aaronovitch,,,not_found
9780385348610,Better Than Before: Mastering the Habits of Our Everyday Lives,Gretchen Rubin,,,not_found
9780593057770,The Bone Garden ,Tess Gerritsen,,,not_found
9780553563730,"The King's Buccaneer (Krondor's Sons, #2)",Raymond E. Feist,,,not_found
9780060760880,"One Crazy Summer (Gaither Sisters, #1)",Rita Williams-Garcia,,,not_found
9780061931410,"Dragon Haven (Rain Wild Chronicles, #2)",Robin Hobb,,,not_found
9780316113670,"If You're Reading This, It's Too Late (Secret, #2)","Pseudonymous Bosch, Gilbert Ford",,,not_found
9781406904830,"Right Ho, Jeeves (Jeeves, #6)",P.G. Wodehouse,,,not_found
9780316014500,You've Been Warned,"James Patterson, Howard Roughan",,,not_found
9780689823820,A Child's Garden of Verses,"Robert Louis Stevenson, Tasha Tudor",,,not_found
9780545175300,"The Adventures of Ook and Gluk, Kung-Fu Cavemen from the Future","Dav Pilkey, George Beard, Harold Hutchins",,,not_found
9780310219230,The Jesus I Never Knew,Philip Yancey,,,not_found
9781590388130,The Wednesday Letters,Jason F. Wright,,,not_found
9780439372950,"Chasing Vermeer (Chasing Vermeer, #1)","Blue Balliett, Brett Helquist",,,not_found
,Hidden,Catherine McKenzie,,,not_found
9781595142530,"Betrayals (Strange Angels, #2)","Lili St. Crow, Lilith Saintcrow",,,not_found
9789799625700,"Supernova: Ksatria, Puteri, dan Bintang Jatuh",Dee Lestari,https://covers.openlibrary.org/b/isbn/9789799625700-L.jpg,covers/9789799625700.jpg,ok_openlibrary
9780743454160,Turning Angel,Greg Iles,,,not_found
9780062351200,"The Queen (The Selection, #0.4)",Kiera Cass,,,not_found
9780330339190,The Informers,Bret Easton Ellis,,,not_found
9781607062550,"The Walking Dead, Vol. 12: Life Among Them","Robert Kirkman, Charlie Adlard",,,not_found
9781401204590,Identity Crisis,"Brad Meltzer, Rags Morales, Michael Bair, Joss Whedon",http://books.google.com/books/content?id=NJy4AAAACAAJ&printsec=frontcover&img=1&zoom=1&source=gbs_api,covers/9781401204590.jpg,ok_googlebooks
9780826412770,Pedagogy of the Oppressed,"Paulo Freire, Myra Bergman Ramos, Donaldo Macedo, Richard Shaull",,,not_found
9780307700320,"Some Luck (Last Hundred Years: A Family Saga, #1)",Jane Smiley,,,not_found
9782290032050,"Rama II (Rama, #2)","Arthur C. Clarke, Gentry Lee",,,not_found
9780060744540,"Moonrise (Warriors: The New Prophecy, #2)",Erin Hunter,https://covers.openlibrary.org/b/isbn/9780060744540-L.jpg,covers/9780060744540.jpg,ok_openlibrary
9780375870420,"Unspoken (The Lynburn Legacy, #1)",Sarah Rees Brennan,,,not_found
9780316123080,"Who Could That Be at This Hour? (All the Wrong Questions, #1)","Lemony Snicket, Seth",,,not_found
,"Rock the Heart (Black Falcon, #1)",Michelle A. Valentine,,,not_found
9781860460950,The Gospel According to Jesus Christ,José Saramago,,,not_found
9781594746380,"William Shakespeare's Star Wars: Verily, A New Hope (William Shakespeare's Star Wars, #4)",Ian Doescher,,,not_found
9780061797060,"The Calling (Darkness Rising, #2)",Kelley Armstrong,,,not_found
9781595827490,Avatar: The Last Airbender: The Lost Adventures,"Bryan Konietzko, Michael Dante DiMartino, Aaron Ehasz, Alison Wilgus, Amy Kim Ganter, Brian Ralph, Corey Lewis, Dave Roman, Elsa Garagarza, Ethan Spaulding, Frank Pittarese, Gurihiru, J. Torres, Joaquim Dos Santos, Johane Matte, John O'Bryan, Joshua Hamilton, Justin Ridge, Kaite Mattila, May Chan, Rawles Marie Lumumba, Reagan Lodge, Tim Hedrick, Tom McWeeney",,,not_found
9789770928290,الطنطورية,"Radwa Ashour, رضوى عاشور",,,not_found
9781599903220,"Princess of the Midnight Ball (The Princesses of Westfalin Trilogy, #1)",Jessica Day George,,,not_found
,"Captive Prince (Captive Prince, #1)",C.S. Pacat,,,not_found
9780140505400,Miss Rumphius,Barbara Cooney,,,not_found
9780020306660,Ball Four,Jim Bouton,,,not_found
9781416916180,Five Little Peppers and How They Grew,Margaret Sidney,,,not_found
9789580469710,Aura,Carlos Fuentes,,,not_found
9780393325360,A Random Walk Down Wall Street,Burton G. Malkiel,,,not_found
9781439178230,Forget You,Jennifer Echols,,,not_found
,"The Atlantis World (The Origin Mystery, #3)",A.G. Riddle,,,not_found
9781401202570,"Fables, Vol. 3: Storybook Love","Bill Willingham, Mark Buckingham, Steve Leialoha, James Jean",,,not_found
9780330247050,Marathon Man,William Goldman,,,not_found
9780988707400,"Wanted (Wanted, #1)",Kelly Elliott,,,not_found
9780615417170,"Providence (Providence, #1)",Jamie McGuire,,,not_found
9780345313160,"Bearing an Hourglass (Incarnations of Immortality, #2)",Piers Anthony,,,not_found
9780064440580,"Days with Frog and Toad (Frog and Toad, #4)",Arnold Lobel,,,not_found
9780060835770,"The King of Attolia (The Queen's Thief, #3)",Megan Whalen Turner,,,not_found
9780786854450,"Disney after Dark (Kingdom Keepers, #1)","Ridley Pearson, David Frankland",,,not_found
9780679747190,"Cities of the Plain (The Border Trilogy, #3)",Cormac McCarthy,,,not_found
9780061784780,"The Devil Colony (Sigma Force, #7)",James Rollins,,,not_found
,"Trust in Me (Wait for You, #1.5)","J. Lynn, Jennifer L. Armentrout",,,not_found
9780241141820,Skippy Dies,Paul Murray,,,not_found
9781607515420,The Apothecary's Daughter,Julie Klassen,,,not_found
9780393320920,What Do You Care What Other People Think?,Richard Feynman,http://books.google.com/books/content?id=LUrJI3AQ4FAC&printsec=frontcover&img=1&zoom=1&source=gbs_api,covers/9780393320920.jpg,ok_googlebooks
9780734411850,"Embrace (The Violet Eden Chapters, #1)",Jessica Shirvington,,,not_found
9780671729460,"My Sweet Audrina (Audrina, #1)",V.C. Andrews,,,not_found
9780671721720,"The Honor of the Queen (Honor Harrington, #2)",David Weber,,,not_found
9780061043580,"Unnatural Death (Lord Peter Wimsey, #3)",Dorothy L. Sayers,,,not_found
9781559360620,"Angels in America, Part One: Millennium Approaches",Tony Kushner,,,not_found
9780385341320,My Best Friend's Girl,Dorothy Koomson,,,not_found
9780380773530,"Dreaming of You (The Gamblers, #2)",Lisa Kleypas,,,not_found
9780679601080,The Complete Poems,John Keats,,,not_found
9780671011340,"Almost Heaven (Sequels, #3)",Judith McNaught,,,not_found
9780143017870,Three Day Road,Joseph Boyden,,,not_found
9780752852610,Red Harvest,Dashiell Hammett,,,not_found
9781421502410,"Naruto, Vol. 11: Impassioned Efforts (Naruto, #11)","Masashi Kishimoto, Frances Wall",,,not_found
9780375758740,Comfort Me with Apples: More Adventures at the Table,Ruth Reichl,,,not_found
9780446583140,One Summer,David Baldacci,,,not_found
9780345418500,"The Source of Magic (Xanth, #2)",Piers Anthony,https://covers.openlibrary.org/b/isbn/9780345418500-L.jpg,covers/9780345418500.jpg,ok_openlibrary
9780802132220,Train to Pakistan,Khushwant Singh,,,not_found
9781416530720,"Whitney, My Love (Westmoreland, #2)",Judith McNaught,,,not_found
9781742372620,Jasper Jones,Craig Silvey,,,not_found
9781594486000,A Brief History of Seven Killings,Marlon James,,,not_found
9781455507190,The Middlesteins,Jami Attenberg,,,not_found
9780857532020,"The Screaming Staircase (Lockwood & Co., #1)",Jonathan Stroud,,,not_found
9780525421560,Hold Still,Nina LaCour,,,not_found
9780671702520,The Prize,Julie Garwood,http://books.google.com/books/content?id=bOO4eCws7M0C&printsec=frontcover&img=1&zoom=1&source=gbs_api,covers/9780671702520.jpg,ok_googlebooks
9780674430010,Capital in the Twenty-First Century,"Thomas Piketty, Arthur Goldhammer",,,not_found
9780671223500,Eloise ,"Kay Thompson, Hilary Knight",,,not_found
9780316159430,Flyboys: A True Story of Courage,James D. Bradley,,,not_found
9780804138820,Summer House with Swimming Pool,Herman Koch,,,not_found
9780375724670,True History of the Kelly Gang,Peter Carey,,,not_found
,"Chrzest ognia (Saga o Wiedźminie, #5)",Andrzej Sapkowski,,,not_found
9780060082160,"Get Shorty (Chili Palmer, #1)",Elmore Leonard,,,not_found
9781476740480,"One Tiny Lie (Ten Tiny Breaths, #2)",K.A. Tucker,,,not_found
9780553588450,Full Moon Rising (Riley Jenson Guardian #1),Keri Arthur,,,not_found
9780679747050,Genius: The Life and Science of Richard Feynman,James Gleick,,,not_found
9780451523490,The Day of the Locust,"Nathanael West, Alfred Kazin",,,not_found
9780060741040,The Dance Of Anger: A Woman's Guide to Changing the Patterns of Intimate Relationships,Harriet Lerner,,,not_found
9780312360400,Honolulu,Alan Brennert,,,not_found
9781423166000,"United We Spy (Gallagher Girls, #6)",Ally Carter,,,not_found
9780340752490,Winter Solstice,Rosamunde Pilcher,,,not_found
9780451230550,"The Morganville Vampires, Volume 1 (The Morganville Vampires, #1-2)",Rachel Caine,,,not_found
9780439680100,"Raven's Gate (The Gatekeepers, #1)",Anthony Horowitz,,,not_found
9780375500720,The Heart of a Woman,Maya Angelou,http://books.google.com/books/content?id=hB2NEAAAQBAJ&printsec=frontcover&img=1&zoom=1&source=gbs_api,covers/9780375500720.jpg,ok_googlebooks
9780698113570,The Five Chinese Brothers,"Claire Huchet Bishop, Kurt Wiese",,,not_found
9780449912420,Three Comrades,Erich Maria Remarque,,,not_found
9780374292090,Wolf in White Van,John Darnielle,,,not_found
9780316070620,"Alex Cross's Trial (Alex Cross, #15)","James Patterson, Richard DiLallo",,,not_found
,"The Mating  (Law of the Lycans, #2)",Nicky Charles,,,not_found
9781423134500,"Bloody Valentine (Blue Bloods, #5.5)",Melissa de la Cruz,,,not_found
9780375414950,Bridge of Sighs,Richard Russo,,,not_found
9781451636020,Waking Up: A Guide to Spirituality Without Religion,Sam Harris,,,not_found
9780027436300,King of the Wind: The Story of the Godolphin Arabian,"Marguerite Henry, Wesley Dennis",,,not_found
9780192835150,"The Call of the Wild, White Fang and Other Stories",Jack London,,,not_found
,"The Fixed Trilogy (Fixed, #1-3)",Laurelin Paige,,,not_found
9780140277450,The Rape of Nanking,Iris Chang,,,not_found
9780670020540,Why Evolution Is True,Jerry A. Coyne,,,not_found
9780380782340,"Nobody's Baby But Mine (Chicago Stars, #3)",Susan Elizabeth Phillips,,,not_found
9781572245370,The Untethered Soul: The Journey Beyond Yourself,Michael A. Singer,,,not_found
9780385524380,Sway: The Irresistible Pull of Irrational Behavior,"Ori Brafman, Rom Brafman",http://books.google.com/books/content?id=Jpt2wAEACAAJ&printsec=frontcover&img=1&zoom=1&source=gbs_api,covers/9780385524380.jpg,ok_googlebooks
9780743271320,Brokeback Mountain,Annie Proulx,,,not_found
9780330413350,Sons of Fortune,Jeffrey Archer,,,not_found
,الرحيق المختوم,Safiy al-Rahman al-Mubarakfuri,,,not_found
9780374266520,The Solitaire Mystery: A Novel About Family and Destiny,"Jostein Gaarder, Sarah Jane Hails",,,not_found
,"The Shadows (Black Dagger Brotherhood, #13)",J.R. Ward,,,not_found
9781250010090,Keep Quiet,Lisa Scottoline,,,not_found
9780762447700,You Are a Badass: How to Stop Doubting Your Greatness and Start Living an Awesome Life,Jen Sincero,,,not_found
9780425208430,Dragon Tears,Dean Koontz,http://books.google.com/books/content?id=OlZ6eEU5pWQC&printsec=frontcover&img=1&zoom=1&edge=curl&source=gbs_api,covers/9780425208430.jpg,ok_googlebooks
9780755328180,Rumour Has It,Jill Mansell,,,not_found
9780440240940,"The Gates of Rome (Emperor, #1)",Conn Iggulden,,,not_found
9780316123400,Surface Detail (Culture #9),Iain M. Banks,,,not_found
,"If I Were You (Inside Out, #1)",Lisa Renee Jones,,,not_found
,"Beautifully Damaged (Beautifully Damaged, #1)",L.A. Fiore,,,not_found
,"Wethering the Storm (The Storm, #2)",Samantha Towle,,,not_found
9780425173750,"Curtain (Hercule Poirot, #39)",Agatha Christie,,,not_found
9780552144320,Guards! Guards!: The Play,"Stephen Briggs, Terry Pratchett",,,not_found
,"Forever Black (Forever, #1)",Sandi Lynn,,,not_found
9781607069450,"Rat Queens, Vol. 1: Sass & Sorcery","Kurtis J. Wiebe, Roc Upchurch",,,not_found
9781594480030,"Grass for His Pillow (Tales of the Otori, #2)",Lian Hearn,,,not_found
9780345495940,"Swallowing Darkness (Merry Gentry, #7)",Laurell K. Hamilton,,,not_found
9780316250820,California,Edan Lepucki,,,not_found
9780804177660,"Aftermath (Star Wars: Aftermath, #1)",Chuck Wendig,,,not_found
9780786818690,The Pigeon Finds a Hot Dog!,Mo Willems,,,not_found
9780060776250,"Vampireville (Vampire Kisses, #3)",Ellen Schreiber,,,not_found
,"Defiance (Significance, #3)",Shelly Crane,,,not_found
9780007120700,"Hercule Poirot's Christmas (Hercule Poirot, #20)",Agatha Christie,,,not_found
9780525953620,Mrs. Lincoln's Dressmaker,Jennifer Chiaverini,,,not_found
9780307460200,The Baker's Daughter,Sarah McCoy,,,not_found
,"Revealed (House of Night, #11)","P.C. Cast, Kristin Cast",,,not_found
,We're All Damaged,Matthew Norman,,,not_found
9780439995440,"Captain Underpants and the Attack of the Talking Toilets (Captain Underpants, #2)",Dav Pilkey,,,not_found
9780823404700,Little Red Riding Hood,"Trina Schart Hyman, Johann Grimm, Wilhelm Grimm",,,not_found
9780857203310,Ghost Boy,"Martin Pistorius, Megan Lloyd Davies",,,not_found
9780804137390,Essentialism: The Disciplined Pursuit of Less,Greg McKeown,,,not_found
9780743249290,"Wideacre  (The Wideacre Trilogy, #1)",Philippa Gregory,,,not_found
9780749748000,"The Enchanted Wood (The Faraway Tree, #1)",Enid Blyton,,,not_found
9780872201930,Meditations on First Philosophy,"René Descartes, Donald A. Cress",,,not_found
9780141311300,The Magic Finger (Young Puffin Developing Reader),"Roald Dahl, Quentin Blake",http://books.google.com/books/content?id=SKRgQgAACAAJ&printsec=frontcover&img=1&zoom=1&source=gbs_api,covers/9780141311300.jpg,ok_googlebooks
9780805097450,The Love Affairs of Nathaniel P.,Adelle Waldman,https://covers.openlibrary.org/b/isbn/9780805097450-L.jpg,covers/9780805097450.jpg,ok_openlibrary
9781592243010,Daisy Miller,Henry James,,,not_found
,Leo,Mia Sheridan,,,not_found
9781401340870,Arcadia,Lauren Groff,,,not_found
9780307444060,Pat the Bunny,Dorothy Kunhardt,,,not_found
9780345528700,The Swans of Fifth Avenue,Melanie Benjamin,,,not_found
9780061997180,The Pioneer Woman Cooks: Food from My Frontier ,Ree Drummond,,,not_found
9780060525120,"Size 14 Is Not Fat Either (Heather Wells, #2)",Meg Cabot,,,not_found
9780618083600,Gorillas in the Mist,Dian Fossey,,,not_found
9780451210630,A Case of Need,"Jeffery Hudson, Michael Crichton",,,not_found
9780312374980,"Sworn to Silence (Kate Burkholder, #1)",Linda Castillo,,,not_found
9781591828780,"Cardcaptor Sakura, Vol. 1 (Cardcaptor Sakura, #1)","CLAMP, Maria Simpson",,,not_found
9780413771000,The Seagull,"Anton Chekhov, Michael Frayn",,,not_found
9780060097480,"Dancing in My Nuddy-Pants (Confessions of Georgia Nicolson, #4)",Louise Rennison,,,not_found
9784103534260,"1Q84 BOOK 3 (1Q84, #3)","Haruki Murakami, 村上 春樹",,,not_found
9780330418870,"Boy Meets Girl (Boy, #2)",Meg Cabot,,,not_found
9780345413990,The Door Into Summer,Robert A. Heinlein,,,not_found
9781400077920,Runaway,Alice Munro,,,not_found
9780316011270,Luna,Julie Anne Peters,,,not_found
9780393310320,Maurice,E.M. Forster,,,not_found
,The Wall of Winnipeg and Me,Mariana Zapata,,,not_found
9781441836310,"New York to Dallas (In Death, #33)","J.D. Robb, Susan Ericksen",,,not_found
9780060080850,The Stepford Wives,Ira Levin,http://books.google.com/books/content?id=w9W_wAEACAAJ&printsec=frontcover&img=1&zoom=1&source=gbs_api,covers/9780060080850.jpg,ok_googlebooks
9780671890920,The Longest Day,Cornelius Ryan,,,not_found
9780060584030,Motor Mouth (Alex Barnaby #2),Janet Evanovich,,,not_found
9780446195520,True Blue,David Baldacci,http://books.google.com/books/content?id=BkLBjgEACAAJ&printsec=frontcover&img=1&zoom=1&source=gbs_api,covers/9780446195520.jpg,ok_googlebooks
9780743437350,"The Reality Bug (Pendragon, #4)",D.J. MacHale,,,not_found
9780316376110,"Winter Street (Winter, #1)",Elin Hilderbrand,,,not_found
9780062117180,Defiance (Defiance #1),C.J. Redwine,,,not_found
9780425256220,"Magic Breaks (Kate Daniels, #7)",Ilona Andrews,https://covers.openlibrary.org/b/isbn/9780425256220-L.jpg,covers/9780425256220.jpg,ok_openlibrary
9780448095030,The Hidden Staircase (Nancy Drew #2),"Carolyn Keene, Mildred Benson",,,not_found
9780449205620,Captains and the Kings,Taylor Caldwell,,,not_found
259862475220,"One Tuesday Morning (9/11, #1)",Karen Kingsbury,,,not_found
9780062073130,"The Fallen Angel (Gabriel Allon, #12)",Daniel Silva,,,not_found
9780385341590,The Onion Field,Joseph Wambaugh,http://books.google.com/books/content?id=vteLDQAAQBAJ&printsec=frontcover&img=1&zoom=1&edge=curl&source=gbs_api,covers/9780385341590.jpg,ok_googlebooks
9780413772190,Interesting Times: The Play,"Stephen Briggs, Terry Pratchett",,,not_found
9780425241130,"Hit List (Anita Blake, Vampire Hunter #20)",Laurell K. Hamilton,,,not_found
9781416516740,Let Me Call You Sweetheart,Mary Higgins Clark,,,not_found
9780385339480,"Beyond Reach (Grant County, #6)",Karin Slaughter,http://books.google.com/books/content?id=KPKy0v3ITuwC&printsec=frontcover&img=1&zoom=1&source=gbs_api,covers/9780385339480.jpg,ok_googlebooks
9781583334390,"The Willpower Instinct: How Self-Control Works, Why It Matters, and What You Can Do to Get More of It",Kelly McGonigal,http://books.google.com/books/content?id=Whf-nQEACAAJ&printsec=frontcover&img=1&zoom=1&source=gbs_api,covers/9781583334390.jpg,ok_googlebooks
9780553561180,"Mistress of the Empire (The Empire Trilogy, #3)","Raymond E. Feist, Janny Wurts",https://covers.openlibrary.org/b/isbn/9780553561180-L.jpg,covers/9780553561180.jpg,ok_openlibrary
9781855496640,"Harry Potter and the Order of the Phoenix (Harry Potter, #5, Part 1)",J.K. Rowling,,,not_found
9780743233490,"Break No Bones (Temperance Brennan, #9)",Kathy Reichs,,,not_found
9780345457710,"Broken Angels (Takeshi Kovacs, #2)",Richard K. Morgan,,,not_found
9780765328540,Fuzzy Nation,John Scalzi,http://books.google.com/books/content?id=ZQLQmAEACAAJ&printsec=frontcover&img=1&zoom=1&source=gbs_api,covers/9780765328540.jpg,ok_googlebooks
9780449221520,"I is for Innocent (Kinsey Millhone, #9)",Sue Grafton,,,not_found
9781593080210,Heart of Darkness and Selected Short Fiction,"Joseph Conrad, A. Michael Matin",,,not_found
9780671203240,Why I Am Not a Christian and Other Essays on Religion and Related Subjects,"Bertrand Russell, Paul  Edwards",,,not_found
9780375725340,The Art of Travel,Alain de Botton,,,not_found
9780007162500,"The Summer Garden (The Bronze Horseman, #3)",Paullina Simons,,,not_found
9782020418780,V.,Thomas Pynchon,,,not_found
,"Find You in the Dark (Find You in the Dark, #1)",A. Meredith Walters,,,not_found
9789645571760,عقاید یک دلقک,"Heinrich Böll, محمد اسماعیل‌زاده",,,not_found
9780316407140,"Cross Justice (Alex Cross, #23)",James Patterson,http://books.google.com/books/content?id=D1zkBgAAQBAJ&printsec=frontcover&img=1&zoom=1&edge=curl&source=gbs_api,covers/9780316407140.jpg,ok_googlebooks
9780812995210,The Weight of Blood,Laura McHugh,,,not_found
9780060531230,"When He was Wicked (Bridgertons, #6)",Julia Quinn,,,not_found
9780399157870,"V is for Vengeance (Kinsey Millhone, #22)",Sue Grafton,,,not_found
9781841494180,"Matter (Culture, #8)",Iain M. Banks,https://covers.openlibrary.org/b/isbn/9781841494180-L.jpg,covers/9781841494180.jpg,ok_openlibrary
9780399154300,"Spook Country (Blue Ant, #2)",William Gibson,,,not_found
9780689839050,"Among the Betrayed (Shadow Children, #3)",Margaret Peterson Haddix,,,not_found
9780691097500,The I Ching or Book of Changes,"Anonymous, Richard Wilhelm, Cary F. Baynes, C.G. Jung",,,not_found
9780307267670,Blue Nights,Joan Didion,,,not_found
9781419151120,"The 39 Steps (Richard Hannay, #1)",John Buchan,,,not_found
9781401228310,"American Vampire, Vol. 1","Scott Snyder, Stephen King, Rafael Albuquerque",,,not_found
9780525954220,Paddle Your Own Canoe: One Man's Fundamentals for Delicious Living,Nick Offerman,,,not_found
9780399155280,"Heat Lightning (Virgil Flowers, #2)",John Sandford,http://books.google.com/books/content?id=fK4f0OZzyQIC&printsec=frontcover&img=1&zoom=1&source=gbs_api,covers/9780399155280.jpg,ok_googlebooks
9780440220460,Drop Shot (Myron Bolitar #2),Harlan Coben,http://books.google.com/books/content?id=UYX6tkLyzSIC&printsec=frontcover&img=1&zoom=1&source=gbs_api,covers/9780440220460.jpg,ok_googlebooks
9780140447610,Democracy in America ,"Alexis de Tocqueville, Isaac Kramnick, Gerald Bevan",,,not_found
9780765312180,"Blindsight (Firefall, #1)",Peter Watts,,,not_found
9780316016650,"The Lake of Souls (Cirque Du Freak, #10)",Darren Shan,,,not_found
9781466266740,"Intuition (The Premonition, #2)",Amy A. Bartol,,,not_found
9782264022450,Paddy Clarke Ha Ha Ha,Roddy Doyle,,,not_found
9780399155440,The School of Essential Ingredients,Erica Bauermeister,,,not_found
9780439545300,"Charlie Bone and the Hidden King (The Children of the Red King, #5)",Jenny Nimmo,http://books.google.com/books/content?id=gGUCnwEACAAJ&printsec=frontcover&img=1&zoom=1&source=gbs_api,covers/9780439545300.jpg,ok_googlebooks
9780671729450,"Heaven (Casteel, #1)",V.C. Andrews,,,not_found
9780007271210,Azincourt,Bernard Cornwell,,,not_found
9780099461880,Money,Martin Amis,,,not_found
9780743484210,"Secret Prey (Lucas Davenport, #9)",John Sandford,,,not_found
9781600100290,The Complete Clive Barker's The Great And Secret Show,"Chris Ryall, Gabriel Rodríguez, Clive Barker",,,not_found
9780007106530,"Charmed Life (Chrestomanci, #1)",Diana Wynne Jones,,,not_found
9780553580270,House Atreides (Prelude to Dune #1),"Brian Herbert, Kevin J. Anderson",,,not_found
,The Girl With No Past,Kathryn Croft,,,not_found
9780755334440,His Last Bow: 8 Stories,Arthur Conan Doyle,http://books.google.com/books/content?id=dqxpOQAACAAJ&printsec=frontcover&img=1&zoom=1&source=gbs_api,covers/9780755334440.jpg,ok_googlebooks
,"Lady Luck (Colorado Mountain, #3)",Kristen Ashley,,,not_found
9780307377040,Netherland,Joseph O'Neill,,,not_found
9780140436110,The Pickwick Papers,Charles Dickens,,,not_found
9780345460070,The Romanov Prophecy,Steve Berry,,,not_found
9780374280960,The Uncommon Reader,Alan Bennett,,,not_found
9780805210640,Amerika,"Franz Kafka, بهرام مقدادی",,,not_found
9780446556830,Ecstasy Unveiled (Demonica #4),Larissa Ione,,,not_found
9789770929380,النبطي,"يوسف زيدان, Youssef Ziedan",,,not_found
9780060827690,"Sunset (Warriors: The New Prophecy, #6)",Erin Hunter,,,not_found
9780446321210,The Naked Face,Sidney Sheldon,,,not_found
9781565126300,When She Woke,Hillary Jordan,,,not_found
9780060096150,"Princess in Training (The Princess Diaries, #6)",Meg Cabot,,,not_found
9780971977560,"30 Days of Night, Vol. 1","Steve Niles, Ben Templesmith",,,not_found
,"A Castle of Sand (A Shade of Vampire, #3)",Bella Forrest,,,not_found
9780446556810,Sin Undone (Demonica #5),Larissa Ione,,,not_found
9781570625190,The Tao of Physics: An Exploration of the Parallels between Modern Physics and Eastern Mysticism,Fritjof Capra,,,not_found
9781301345670,"Unbeautifully (Undeniable, #2)",Madeline Sheehan,,,not_found
9780545140320,"The Lonely Hearts Club (The Lonely Hearts Club, #1)",Elizabeth Eulberg,http://books.google.com/books/content?id=CvwJSgAACAAJ&printsec=frontcover&img=1&zoom=1&source=gbs_api,covers/9780545140320.jpg,ok_googlebooks
9780743474180,"Ransom (Highlands' Lairds, #2)",Julie Garwood,,,not_found
9780062240090,"The Divergent Series 2-Book Collection (Divergent, #1-2)",Veronica Roth,,,not_found
9780007119300,"Peril at End House (Hercule Poirot, #8)",Agatha Christie,http://books.google.com/books/content?id=wTD0EgVcj9IC&printsec=frontcover&img=1&zoom=1&source=gbs_api,covers/9780007119300.jpg,ok_googlebooks
9780374104120,"Acceptance (Southern Reach, #3)",Jeff VanderMeer,,,not_found
9780857522820,Disclaimer,Renée Knight,,,not_found
,Killing Patton: The Strange Death of World War II's Most Audacious General,"Bill O'Reilly, Martin Dugard",,,not_found
9780007120820,"The Big Four (Hercule Poirot, #5)",Agatha Christie,http://books.google.com/books/content?id=Dve45zlLKbUC&printsec=frontcover&img=1&zoom=1&source=gbs_api,covers/9780007120820.jpg,ok_googlebooks
9780547577530,The Prague Cemetery,"Umberto Eco, Richard Dixon",,,not_found
9781569319020,"Shaman King, Vol. 1: A Shaman in Tokyo",Hiroyuki Takei,,,not_found
9780192861890,Hyperspace,Michio Kaku,,,not_found
,"First Shift: Legacy (Shift, #1)",Hugh Howey,,,not_found
9781400069260,Beatrice and Virgil,Yann Martel,,,not_found
9780393318490,How the Mind Works,Steven Pinker,,,not_found
9780310266280,"Leaving (Bailey Flanigan, #1)",Karen Kingsbury,,,not_found
9780142003240,"Live and Let Die (James Bond, #2)",Ian Fleming,,,not_found
9780872206050,Utilitarianism,"John Stuart Mill, George Sher",http://books.google.com/books/content?id=fH-PQgAACAAJ&printsec=frontcover&img=1&zoom=1&source=gbs_api,covers/9780872206050.jpg,ok_googlebooks
9780306816090,The Portable Atheist: Essential Readings for the Nonbeliever,"Christopher Hitchens, Titus Lucretius Carus, Omar Khayyám, Thomas Hobbes, Baruch Spinoza, David Hume, James Boswell, Percy Bysshe Shelley, George Eliot, Charles Darwin, Leslie Stephen, Anatole France, Mark Twain, Joseph Conrad, Thomas Hardy, Emma Goldman, H.P. Lovecraft, Carl Van Doren, H.L. Mencken, Sigmund Freud, Albert Einstein, George Orwell, John Betjeman, Chapman Cohen, Bertrand Russell, Philip Larkin, Martin Gardner, Carl Sagan, John Updike, John Leslie Mackie, Michael Shermer, A.J. Ayer, Daniel C. Dennett, Charles Templeton, Richard Dawkins, Victor J. Stenger, Elizabeth S.  Anderson, Penn Jillette, Ian McEwan, Steven Weinberg, Salman Rushdie, Ibn Warraq, Sam Harris, A.C. Grayling, Ayaan Hirsi Ali, John Stuart Mill, Karl Marx",,,not_found
9780765341850,"From the Two Rivers: The Eye of the World, Part 1 (Wheel of time, #1-1)",Robert Jordan,,,not_found
9780545425120,The World of the Hunger Games (Hunger Games Trilogy),Kate Egan,,,not_found
9781442444930,"Winger (Winger, #1)",Andrew  Smith,,,not_found
9780380732230,Smack,Melvin Burgess,,,not_found
9780553392920,"Fool's Quest  (The Fitz and The Fool, #2)",Robin Hobb,,,not_found
9780684852580,Invasion of the Body Snatchers,Jack Finney,http://books.google.com/books/content?id=YQsK2_W7ZbkC&printsec=frontcover&img=1&zoom=1&edge=curl&source=gbs_api,covers/9780684852580.jpg,ok_googlebooks
9780062294420,The Magic Strings of Frankie Presto,Mitch Albom,,,not_found
9788433972610,Porno,Irvine Welsh,,,not_found
9780807218980,"Charlie Bone and the Time Twister (The Children of the Red King, #2)",Jenny Nimmo,,,not_found
9780312375060,The Devotion of Suspect X,"Keigo Higashino, Alexander O. Smith",,,not_found
9780316036220,"Worst Case (Michael Bennett, #3)","James Patterson, Michael Ledwidge",,,not_found
9780439545270,"Charlie Bone and the Invisible Boy (The Children of the Red King, #3)",Jenny Nimmo,,,not_found
9781571741040,"Conversations With God: An Uncommon Dialogue, Book 3",Neale Donald Walsch,http://books.google.com/books/content?id=2ToAAAAACAAJ&printsec=frontcover&img=1&zoom=1&source=gbs_api,covers/9781571741040.jpg,ok_googlebooks
9780061288880,"Royal Blood (Vampire Kisses, #6)",Ellen Schreiber,,,not_found
9781599900580,"Dragon Slippers (Dragon Slippers, #1)",Jessica Day George,http://books.google.com/books/content?id=Qdf8QwAACAAJ&printsec=frontcover&img=1&zoom=1&source=gbs_api,covers/9781599900580.jpg,ok_googlebooks
9780446577890,"The Inner Circle (Culper Ring, #1)",Brad Meltzer,http://books.google.com/books/content?id=4F1SDVZb2NgC&printsec=frontcover&img=1&zoom=1&edge=curl&source=gbs_api,covers/9780446577890.jpg,ok_googlebooks
9780060786460,Love Medicine,Louise Erdrich,http://books.google.com/books/content?id=kVJ8GyKNxZMC&printsec=frontcover&img=1&zoom=1&edge=curl&source=gbs_api,covers/9780060786460.jpg,ok_googlebooks
9781101875100,M Train,Patti Smith,,,not_found
9781416979180,"Gone (Wake, #3)",Lisa McMann,,,not_found
9780451209310,The Unlikely Spy,Daniel Silva,,,not_found
9780593046360,"The Crippled God (The Malazan Book of the Fallen, #10)",Steven Erikson,,,not_found
9780399173590,The Princess Diarist,Carrie Fisher,,,not_found
9780857076850,"Tales from a Not-So-Graceful Ice Princess (Dork Diaries, #4)",Rachel Renée Russell,,,not_found
9781401203150,Pride of Baghdad,"Brian K. Vaughan, Niko Henrichon",,,not_found
9789385152150,"Scion of Ikshvaku (RamChandra, #1)",Amish Tripathi,,,not_found
,"Beautiful Broken Rules (Broken, #1)",Kimberly Lauren,,,not_found
9780345479720,"Woken Furies (Takeshi Kovacs, #3)",Richard K. Morgan,http://books.google.com/books/content?id=1PPaeSTnb8wC&printsec=frontcover&img=1&zoom=1&edge=curl&source=gbs_api,covers/9780345479720.jpg,ok_googlebooks
9780385488180,Eiger Dreams: Ventures Among Men and Mountains,Jon Krakauer,,,not_found
9780738210070,Belly Laughs: The Naked Truth About Pregnancy and Childbirth,Jenny McCarthy,,,not_found
9780316074160,"Blameless (Parasol Protectorate, #3)",Gail Carriger,,,not_found
9780449911590,Dinner at the Homesick Restaurant,Anne Tyler,,,not_found
9780060891540,On Writing Well: The Classic Guide to Writing Nonfiction,William Zinsser,,,not_found
9780345441710,The Sicilian,Mario Puzo,,,not_found
9780425256760,"Fire Touched (Mercy Thompson, #9)",Patricia Briggs,,,not_found
9780752876820,The Copper Beech,Maeve Binchy,,,not_found
9780307140210,Frosty the Snow Man,"Jane Werner Watson, Corinne Malvern",,,not_found
9780060724280,I'm OK - You're OK,Thomas A. Harris,http://books.google.com/books/content?id=lFi2lwEACAAJ&printsec=frontcover&img=1&zoom=1&source=gbs_api,covers/9780060724280.jpg,ok_googlebooks
9780312370150,"The Compound (The Compound, #1)",S.A. Bodeen,,,not_found
,"The English Spy (Gabriel Allon, #15)",Daniel Silva,,,not_found
9780749311610,The Covenant,James A. Michener,,,not_found
9782081354810,Soumission,Michel Houellebecq,,,not_found
9781442422020,"The Pledge (The Pledge, #1)",Kimberly Derting,,,not_found
9780843956540,"Dark Desire (Dark, #2)",Christine Feehan,,,not_found
,"The Bet (The Bet, #1)",Rachel Van Dyken,,,not_found
9780062071070,"Fragments (Partials Sequence, #2)",Dan Wells,,,not_found
9782253140870,L'Écume des jours,Boris Vian,,,not_found
,Too Late,Colleen Hoover,,,not_found
9780060638500,Being and Time,Martin Heidegger,,,not_found
9780515132180,The Villa,Nora Roberts,,,not_found
9780062068520,"A Rogue by Any Other Name (The Rules of Scoundrels, #1)",Sarah MacLean,,,not_found
9780060974990,Savage Inequalities: Children in America's Schools,Jonathan Kozol,,,not_found
9780684822770,In Our Time,Ernest Hemingway,,,not_found
9780141325030,"The Enemy (The Enemy, #1)",Charlie Higson,,,not_found
9780440167360,The Other,Thomas Tryon,,,not_found
9780060531830,"Airborn (Matt Cruse, #1)",Kenneth Oppel,,,not_found
9780312997110,As the Crow Flies,Jeffrey Archer,http://books.google.com/books/content?id=JItgFoeytDYC&printsec=frontcover&img=1&zoom=1&edge=curl&source=gbs_api,covers/9780312997110.jpg,ok_googlebooks
9780316252900,Jamaica Inn,Daphne du Maurier,,,not_found
9780099468390,The Cement Garden,Ian McEwan,,,not_found
9780061930060,Little Princes: One Man's Promise to Bring Home the Lost Children of Nepal,Conor Grennan,,,not_found
9780553561400,"Serpent Mage (The Death Gate Cycle, #4)","Margaret Weis, Tracy Hickman",,,not_found
,"Sweet Home (Sweet Home, #1)",Tillie Cole,,,not_found
9780062024690,"Wildwood (Wildwood Chronicles, #1)","Colin Meloy, Carson Ellis",,,not_found
9781416535070,Born on a Blue Day: Inside the Extraordinary Mind of an Autistic Savant,Daniel Tammet,http://books.google.com/books/content?id=FeI9lQEACAAJ&printsec=frontcover&img=1&zoom=1&source=gbs_api,covers/9781416535070.jpg,ok_googlebooks
9780099416420,Lust for Life,Irving Stone,,,not_found
9781400066340,The Descendants,Kaui Hart Hemmings,,,not_found
9780345496200,"Kitchen Princess, Vol. 01 (Kitchen Princess, #1)","Natsumi Ando, Miyuki Kobayashi",,,not_found
9780451462800,"Skinwalker (Jane Yellowrock, #1)",Faith Hunter,,,not_found
9780684855640,"The Empty Chair (Lincoln Rhyme, #3)",Jeffery Deaver,,,not_found
9780143036420,"The Cold Dish (Walt Longmire, #1)",Craig Johnson,,,not_found
9781846059740,Private Games (Private #3),"James Patterson, Mark T. Sullivan",,,not_found
9780060776400,Pinkalicious,"Victoria Kann, Elizabeth Kann",,,not_found
9780142301520,Crown Duel (Crown & Court #1-2),Sherwood Smith,,,not_found
9780374529600,The Poetry of Pablo Neruda,"Pablo Neruda, Ilan Stavans",,,not_found
9780452283210,Falling Angels,Tracy Chevalier,,,not_found
9780486444080,Lady Susan,"Jane Austen, Robert William Chapman",,,not_found
9781606841750,"Ashes (Ashes Trilogy, #1)",Ilsa J. Bick,,,not_found
9780552772300,Sleeping Arrangements,Madeleine Wickham,,,not_found
9780743484370,Remember Me,Mary Higgins Clark,,,not_found
9780446354680,Memories of Midnight,Sidney Sheldon,,,not_found
9780140089230,The Bone People,Keri Hulme,,,not_found
9780356502020,"The Crimson Campaign (Powder Mage, #2)",Brian  McClellan,,,not_found
9783867197570,"Bakuman, Band 1: Traum und Realität","Tsugumi Ohba, Takeshi Obata, Diana Hammermeister",,,not_found
9781416927880,"Stormy, Misty's Foal (Misty, #3)",Marguerite Henry,,,not_found
9780425067950,"The Murder on the Links (Hercule Poirot, #2)",Agatha Christie,,,not_found
9780380776850,"Heaven, Texas (Chicago Stars, #2)",Susan Elizabeth Phillips,,,not_found
9780316246580,The Universe Versus Alex Woods,Gavin Extence,,,not_found
9780871404020,High-Rise,J.G. Ballard,,,not_found
9780060728270,"Wolf Brother (Chronicles of Ancient Darkness, #1)","Michelle Paver, Geoff Taylor",http://books.google.com/books/content?id=9ptYSDg5w-gC&printsec=frontcover&img=1&zoom=1&edge=curl&source=gbs_api,covers/9780060728270.jpg,ok_googlebooks
9781421270530,The Anti-Christ,"Friedrich Nietzsche, H.L. Mencken",,,not_found
9780375414860,The Looming Tower: Al-Qaeda and the Road to 9/11,Lawrence Wright,,,not_found
9780425099340,Shattered,"K.R. Dwyer, Dean Koontz",,,not_found
9780441095000,The Cat Who Walks Through Walls (The World As Myth),Robert A. Heinlein,,,not_found
9780061053720,Imajica,Clive Barker,,,not_found
9780345915630,A Son of the Circus,John Irving,,,not_found
9780156949610,The Waves,Virginia Woolf,,,not_found
9780425210730,"Memory in Death (In Death, #22)",J.D. Robb,,,not_found
9780452297040,The Violets of March,Sarah Jio,,,not_found
9780345388670,"The Shining Ones (The Tamuli, #2)",David Eddings,,,not_found
9780785117220,House of M,"Brian Michael Bendis, Olivier Coipel, Tim Townsend, Rick Magyar, John Dell, Scott Hanna, Frank D'Armata, Chris Eliopoulos, James Taveras, Omar Otieku, Tom Valente, Esad Ribic",,,not_found
9780446602210,"Morning, Noon & Night",Sidney Sheldon,http://books.google.com/books/content?id=POhS8QECD0MC&printsec=frontcover&img=1&zoom=1&source=gbs_api,covers/9780446602210.jpg,ok_googlebooks
9780307593920,Please Look After Mom,"Kyung-Sook Shin, 신경숙, Chi-Young Kim",http://books.google.com/books/content?id=7XRu8pF8ex8C&printsec=frontcover&img=1&zoom=1&edge=curl&source=gbs_api,covers/9780307593920.jpg,ok_googlebooks
9780525421350,"Tenth Grade Bleeds (The Chronicles of Vladimir Tod, #3)",Heather Brewer,,,not_found
9780060827880,Trinity,Leon Uris,,,not_found
9780894802040,The Silver Palate Cookbook,"Julee Rosso, Sheila Lukins, Michael McLaughlin",http://books.google.com/books/content?id=uC8-AQAAIAAJ&printsec=frontcover&img=1&zoom=1&source=gbs_api,covers/9780894802040.jpg,ok_googlebooks
9788433914260,Hollywood,Charles Bukowski,,,not_found
9780060564650,Hissy Fit,Mary Kay Andrews,https://covers.openlibrary.org/b/isbn/9780060564650-L.jpg,covers/9780060564650.jpg,ok_openlibrary
9780702229790,Oscar and Lucinda,Peter Carey,,,not_found
9780375422740,"The Good Husband of Zebra Drive (No. 1 Ladies' Detective Agency, #8)",Alexander McCall Smith,,,not_found
9780752885180,"Dexter By Design (Dexter, #4)",Jeff Lindsay,,,not_found
9780451527550,Up from Slavery,"Booker T. Washington, Ishmael Reed",,,not_found
9780399154220,"The Secret Servant (Gabriel Allon, #7)",Daniel Silva,,,not_found
2940012668930,"Hearts in Darkness (Hearts in Darkness, #1)",Laura Kaye,,,not_found
9780743468430,"Shards of Honour  (Vorkosigan Saga, #1)",Lois McMaster Bujold,,,not_found
9781589190630,"A Light in the Window (Mitford Years, #2)",Jan Karon,,,not_found
9781455574890,"The Forever of Ella and Micha (The Secret, #2)",Jessica Sorensen,,,not_found
,The Sisterhood,Helen Bryan,,,not_found
9780752866060,"Asterix the Gaul (Asterix, #1)","René Goscinny, Albert Uderzo, Anthea Bell, Derek Hockridge",,,not_found
9780553804330,"Say Goodbye (Quincy & Rainie, #6)",Lisa Gardner,http://books.google.com/books/content?id=vp0EaJxuulQC&printsec=frontcover&img=1&zoom=1&source=gbs_api,covers/9780553804330.jpg,ok_googlebooks
9780394800030,The Cat in the Hat Comes Back,Dr. Seuss,http://books.google.com/books/content?id=pxBB6A3QqEcC&printsec=frontcover&img=1&zoom=1&edge=curl&source=gbs_api,covers/9780394800030.jpg,ok_googlebooks
9780307105480,Scuffy the Tugboat (Big Little Golden Book),Gertrude Crampton,,,not_found
9780345466400,All I Really Need to Know I Learned in Kindergarten,Robert Fulghum,,,not_found
9780312981270,Temple,Matthew Reilly,,,not_found
,"Price of a Kiss (Forbidden Men, #1)",Linda Kage,,,not_found
9780307118390,Just Me and My Dad (Little Critter),Mercer Mayer,http://books.google.com/books/content?id=zrjRtjHwWXgC&printsec=frontcover&img=1&zoom=1&edge=curl&source=gbs_api,covers/9780307118390.jpg,ok_googlebooks
9780751525670,Apt Pupil,Stephen King,https://covers.openlibrary.org/b/isbn/9780751525670-L.jpg,covers/9780751525670.jpg,ok_openlibrary
9780767915750,Holy Cow: An Indian Adventure,Sarah Macdonald,,,not_found
9780345515640,"Last to Die (Rizzoli & Isles, #10)",Tess Gerritsen,,,not_found
,"Beautiful Sacrifice (The Maddox Brothers, #3)",Jamie McGuire,,,not_found
9780786837880,"Peter and the Secret of Rundoon (Peter and the Starcatchers, #3)","Dave Barry, Ridley Pearson, Greg Call",,,not_found
9780345497500,Kraken,China Miéville,,,not_found
9781843914010,The Wall,Jean-Paul Sartre,,,not_found
9781476703000,The House We Grew Up In,Lisa Jewell,,,not_found
9780007466060,"A Dance with Dragons: Dreams and Dust (A Song of Ice and Fire #5, Part 1 of 2)",George R.R. Martin,http://books.google.com/books/content?id=E5TOygAACAAJ&printsec=frontcover&img=1&zoom=1&source=gbs_api,covers/9780007466060.jpg,ok_googlebooks
9781416586620,"Full Black (Scot Harvath, #10)",Brad Thor,,,not_found
9780312997200,Summer People,Elin Hilderbrand,,,not_found
9780340796150,"Five on a Treasure Island (Famous Five, #1)",Enid Blyton,,,not_found
9780836213130,There's Treasure Everywhere: A Calvin and Hobbes Collection,Bill Watterson,,,not_found
9781569319960,"Boys Over Flowers: Hana Yori Dango, Vol. 1 (Boys Over Flowers, #1)","Yoko Kamio, 神尾葉子",,,not_found
9781416596580,"In the Plex: How Google Thinks, Works, and Shapes Our Lives",Steven Levy,,,not_found
9780060744570,"Dawn (Warriors: The New Prophecy, #3)",Erin Hunter,,,not_found
9780393068570,Stitches,David Small,,,not_found
9780571225410,When We Were Orphans,Kazuo Ishiguro,,,not_found
9781594488140,The Last Nude,Ellis Avery,,,not_found
9780590554110,"Daja's Book (Circle of Magic, #3)",Tamora Pierce,,,not_found
9780345419350,"All the Weyrs of Pern (Pern, #11)",Anne McCaffrey,,,not_found
9780590480870,David Goes To School,David Shannon,,,not_found
9781416503810,"Heartbreaker (Buchanan-Renard, #1)",Julie Garwood,,,not_found
9780380710810,"The First Man in Rome (Masters of Rome, #1)",Colleen McCullough,,,not_found
9780345481310,"Black Powder War (Temeraire, #3)",Naomi Novik,http://books.google.com/books/content?id=7o4M2sAg9-4C&printsec=frontcover&img=1&zoom=1&edge=curl&source=gbs_api,covers/9780345481310.jpg,ok_googlebooks
9780590554110,"Briar's Book (Circle of Magic, #4)",Tamora Pierce,,,not_found
9780345479130,"The Wallflower, Vol. 1 (The Wallflower, #1)","Tomoko Hayakawa, David Ury",,,not_found
9780671027320,"Every Dead Thing (Charlie Parker, #1)",John Connolly,,,not_found
9780312547740,Rise of the Governor (The Walking Dead #1),"Robert Kirkman, Jay Bonansinga",,,not_found
9780786929800,"The Thousand Orcs (Forgotten Realms: Hunter's Blades, #1; Legend of Drizzt, #14)",R.A. Salvatore,,,not_found
9780812996080,Miller's Valley,Anna Quindlen,,,not_found
9780141015870,"The Confessor (Gabriel Allon, #3)",Daniel Silva,,,not_found
9780802134230,The Painted Bird,Jerzy Kosiński,,,not_found
9780385516400,The Nine: Inside the Secret World of the Supreme Court,Jeffrey Toobin,,,not_found
9780465028020,The Happiness Hypothesis: Finding Modern Truth in Ancient Wisdom,Jonathan Haidt,,,not_found
9780345496580,The Evolutionary Void,Peter F. Hamilton,,,not_found
9781594567390,The Masque of the Red Death,Edgar Allan Poe,,,not_found
9781405204280,The Te of Piglet,Benjamin Hoff,http://books.google.com/books/content?id=vaA8AAAACAAJ&printsec=frontcover&img=1&zoom=1&source=gbs_api,covers/9781405204280.jpg,ok_googlebooks
9780316735160,"You're the One That I Want (Gossip Girl, #6)",Cecily von Ziegesar,http://books.google.com/books/content?id=3oQvmAEACAAJ&printsec=frontcover&img=1&zoom=1&source=gbs_api,covers/9780316735160.jpg,ok_googlebooks
9781416989400,"The Forbidden Game (The Forbidden Game, #1-3)",L.J. Smith,,,not_found
9780810114840,The Twelve Chairs,"Ilya Ilf, Eugene Petrov, Maurice Friedberg, John H.C. Richardson",,,not_found
9780316231050,The Fever,Megan Abbott,,,not_found
9780452269650,Jazz,Toni Morrison,http://books.google.com/books/content?id=AVkrAQAAIAAJ&printsec=frontcover&img=1&zoom=1&source=gbs_api,covers/9780452269650.jpg,ok_googlebooks
9781558744640,"Chicken Soup for the Teenage Soul: 101 Stories of Life, Love and Learning (Chicken Soup for the Soul)","Jack Canfield, Mark Victor Hansen, Kimberly Kirberger",,,not_found
9780763631630,"The Naming (The Books of Pellinor, #1)",Alison Croggon,,,not_found
9781416953560,Perfect You,Elizabeth Scott,,,not_found
9780399218860,The Very Quiet Cricket,Eric Carle,,,not_found
9780441010650,"Something from the Nightside (Nightside, #1)",Simon R. Green,http://books.google.com/books/content?id=chiTEAAAQBAJ&printsec=frontcover&img=1&zoom=1&edge=curl&source=gbs_api,covers/9780441010650.jpg,ok_googlebooks
,"The Game Changer (The Perfect Game, #2)",J. Sterling,,,not_found
9780740718590,The Millionaire Mind,Thomas J. Stanley,,,not_found
9780752876870,The Glass Lake,Maeve Binchy,https://covers.openlibrary.org/b/isbn/9780752876870-L.jpg,covers/9780752876870.jpg,ok_openlibrary
9780006178710,The Stars Shine Down,Sidney Sheldon,,,not_found
9780811826850,The Beatles Anthology,"The Beatles, Paul McCartney, Ringo Starr, John Lennon, George Harrison",,,not_found
9780316911480,"You Know You Love Me (Gossip Girl, #2)",Cecily von Ziegesar,,,not_found
9781442402840,Night World: The Ultimate Fan Guide,"Annette Pollert, L.J. Smith",,,not_found
9780688040740,A Chair for My Mother,Vera B. Williams,,,not_found
9780061707800,Sex at Dawn: The Prehistoric Origins of Modern Sexuality,"Christopher  Ryan, Cacilda Jethá",,,not_found
,"Bad Things (Tristan & Danika, #1)",R.K. Lilley,,,not_found
9780385338100,The Book of Joe,Jonathan Tropper,,,not_found
9780349103240,The Crow Road,Iain Banks,,,not_found
9780880386520,Dragonlance Chronicles (Dragonlance #1-3),"Margaret Weis, Tracy Hickman",,,not_found
9780061119730,From Head to Toe,Eric Carle,,,not_found
9781421505760,"Beauty Pop, Vol. 1 (Beauty Pop, #1)",Kiyoko Arai,,,not_found
2940149543340,"Reasonable Doubt: Volume 1 (Reasonable Doubt, #1)",Whitney G.,,,not_found
9780718031820,For the Love: Fighting for Grace in a World of Impossible Standards,Jen Hatmaker,,,not_found
,Miramont's Ghost,Elizabeth  Hall,,,not_found
9781405088830,The Temporal Void,Peter F. Hamilton,,,not_found
9780374299100,"Home (Gilead, #2)",Marilynne Robinson,,,not_found
9781401205000,"Fables, Vol. 6: Homelands","Bill Willingham, Mark Buckingham, David Hahn, Steve Leialoha",http://books.google.com/books/content?id=_HgqAAAAYAAJ&printsec=frontcover&img=1&zoom=1&source=gbs_api,covers/9781401205000.jpg,ok_googlebooks
9781607069460,"Sex Criminals, Vol. 1: One Weird Trick","Matt Fraction, Chip Zdarsky",,,not_found
9781476751800,"Sweet Filthy Boy (Wild Seasons, #1)",Christina Lauren,,,not_found
9780842361930,"The Rising: Antichrist is Born  (Before They Were Left Behind, #1)","Tim LaHaye, Jerry B. Jenkins",,,not_found
9780375990690,"Teardrop (Teardrop, #1)",Lauren Kate,,,not_found
9780345382850,"Here be Dragons (Welsh Princes, #1)",Sharon Kay Penman,,,not_found
9780374384740,"The Winner's Kiss (The Winner's Trilogy, #3)",Marie Rutkoski,,,not_found
9780399156400,"The Scarpetta Factor (Kay Scarpetta, #17)",Patricia Cornwell,http://books.google.com/books/content?id=ju_6jwEACAAJ&printsec=frontcover&img=1&zoom=1&source=gbs_api,covers/9780399156400.jpg,ok_googlebooks
9781400045370,Loving What Is: Four Questions That Can Change Your Life,"Byron Katie, Stephen Mitchell",,,not_found
9780060521230,The Whipping Boy,"Sid Fleischman, Peter Sís",,,not_found
9781593080780,Pygmalion and Three Other Plays,"George Bernard Shaw, John A. Bertolini",,,not_found
9781781106280,"Short Stories from Hogwarts of Heroism, Hardship and Dangerous Hobbies (Pottermore Presents, #1)","J.K. Rowling, MinaLima",,,not_found
9780448445860,Nancy Drew: #1-64,Carolyn Keene,,,not_found
9780345477360,"Path of Destruction (Star Wars: Darth Bane, #1)",Drew Karpyshyn,,,not_found
9780684813780,The Making of the Atomic Bomb,Richard Rhodes,,,not_found
9780758272810,"Storm (Elemental, #1)",Brigid Kemmerer,,,not_found
9781409113970,Minding Frankie,Maeve Binchy,,,not_found
9780061976800,"The Last Little Blue Envelope (Little Blue Envelope, #2)",Maureen Johnson,,,not_found
9780521293730,The Winter's Tale,William Shakespeare,https://covers.openlibrary.org/b/isbn/9780521293730-L.jpg,covers/9780521293730.jpg,ok_openlibrary
318090147450,Unveiled: Tamar (Lineage of Grace #1),Francine Rivers,,,not_found
9781559360740,"Angels in America, Part Two: Perestroika",Tony Kushner,,,not_found
9780330348380,The Third Twin,Ken Follett,,,not_found
9780385491750,The 80/20 Principle: The Secret to Achieving More with Less,Richard Koch,http://books.google.com/books/content?id=5z9ZAAAAMAAJ&printsec=frontcover&img=1&zoom=1&source=gbs_api,covers/9780385491750.jpg,ok_googlebooks
9780765340770,"The Butlerian Jihad (Legends of Dune, #1)","Brian Herbert, Kevin J. Anderson",,,not_found
9780385152140,The Complete Poetry and Prose,"William Blake, David V. Erdman, Harold Bloom",,,not_found
9780385542070,Nutshell,Ian McEwan,,,not_found
9781421501700,"Death Note, Vol. 2: Confluence (Death Note, #2)","Tsugumi Ohba, Takeshi Obata",,,not_found
9780743266030,"Imperium: A Novel of Ancient Rome (Cicero, #1)",Robert   Harris,,,not_found
9780394743260,The Sportswriter,Richard Ford,,,not_found
,"Crush (Crush, #1)",Lacey Weatherford,,,not_found
9782723467830,Le bleu est une couleur chaude,Julie Maroh,,,not_found
9781590521670,Boy Meets Girl: Say Hello to Courtship,Joshua Harris,https://covers.openlibrary.org/b/isbn/9781590521670-L.jpg,covers/9781590521670.jpg,ok_openlibrary
9780439703700,"Grim Tuesday (The Keys to the Kingdom, #2)",Garth Nix,,,not_found
9781402276640,"The Firebird (Slains, #2)",Susanna Kearsley,,,not_found
9781427803190,"Gakuen Alice, Vol. 01 (Gakuen Alice, #1)","Tachibana Higuchi, 樋口 橘",,,not_found
9780345485600,Breathing Lessons,Anne Tyler,,,not_found
9780385539290,The Road to Little Dribbling: Adventures of an American in Britain,Bill Bryson,http://books.google.com/books/content?id=OM_vCAAAQBAJ&printsec=frontcover&img=1&zoom=1&edge=curl&source=gbs_api,covers/9780385539290.jpg,ok_googlebooks
9780316353300,Blue Highways,William Least Heat-Moon,,,not_found
,The Glassblower,"Petra Durst-Benning, Samuel Willcocks",,,not_found
9780884944450,The Miracle of Forgiveness,Spencer W. Kimball,,,not_found
9780373775490,The Darkest Secret (Lords of the Underworld #7),Gena Showalter,,,not_found
9780517206060,Selected Poems,Emily Dickinson,,,not_found
9781593081320,The Strange Case of Dr. Jekyll and Mr. Hyde and Other Stories ,"Robert Louis Stevenson, Jenny Davidson",,,not_found
9780307594170,God Help the Child,Toni Morrison,,,not_found
9780345516110,Juliet,Anne Fortier,,,not_found
9781593079790,"The Umbrella Academy, Vol. 1: The Apocalypse Suite","Gerard Way, Gabriel Bá, Dave Stewart, Nate Piekos, Tony Ong",,,not_found
9781937053570,"Sentinel (Covenant, #5)",Jennifer L. Armentrout,,,not_found
,An Innocent Client,Scott Pratt,,,not_found
9781590597150,Founders at Work: Stories of Startups' Early Days,Jessica Livingston,,,not_found
9780307406100,"Infected (Infected, #1)",Scott Sigler,,,not_found
9780800758190,Passion and Purity: Learning to Bring Your Love Life Under Christ's Control,Elisabeth Elliot,http://books.google.com/books/content?id=yAOHseTHR8gC&printsec=frontcover&img=1&zoom=1&source=gbs_api,covers/9780800758190.jpg,ok_googlebooks
9780785190230,"Ms. Marvel, Vol. 2: Generation Why","G. Willow Wilson, Adrian Alphona, Jacob Wyatt",http://books.google.com/books/content?id=hZn6nQEACAAJ&printsec=frontcover&img=1&zoom=1&source=gbs_api,covers/9780785190230.jpg,ok_googlebooks
9780374351380,This Song Will Save Your Life,Leila Sales,,,not_found
9781442440750,"Burn for Burn (Burn for Burn, #1)","Jenny Han, Siobhan Vivian",,,not_found
9780140066910,The Women of Brewster Place,Gloria Naylor,http://books.google.com/books/content?id=vo4XAQAAIAAJ&printsec=frontcover&img=1&zoom=1&source=gbs_api,covers/9780140066910.jpg,ok_googlebooks
9780345390400,"The Hidden City (The Tamuli, #3)",David Eddings,,,not_found
9780142002420,The Broom of the System,David Foster Wallace,,,not_found
9780307599470,Seating Arrangements,Maggie Shipstead,,,not_found
,"Axel (Corps Security, #1)",Harper Sloan,,,not_found
9781416571770,The Greater Journey: Americans in Paris,David McCullough,,,not_found
9780425226740,Practice Makes Perfect (Berkley Sensation),Julie James,,,not_found
9780439700930,"The Dark Hills Divide (The Land of Elyon, #1)",Patrick Carman,,,not_found
9780316231080,You Will Know Me,Megan Abbott,,,not_found
9780571169340,Arcadia,Tom Stoppard,,,not_found
,"Silver Blaze (The Memoirs of Sherlock Holmes, #1)",Arthur Conan Doyle,,,not_found
9781569714980,"Akira, Vol. 1","Katsuhiro Otomo, Yoko Umezawa, Linda M. York, Jo Duffy",https://covers.openlibrary.org/b/isbn/9781569714980-L.jpg,covers/9781569714980.jpg,ok_openlibrary
9780375424040,The Drunkard's Walk: How Randomness Rules Our Lives,Leonard Mlodinow,,,not_found
9780671725660,West Side Story,Irving Shulman,,,not_found
9780062284840,"Fracture Me (Shatter Me, #2.5)",Tahereh Mafi,,,not_found
9780552142750,"The Masterharper of Pern (Pern, #15)",Anne McCaffrey,,,not_found
9780345363140,The Sunne in Splendour,Sharon Kay Penman,http://books.google.com/books/content?id=hmm2o6GScY8C&printsec=frontcover&img=1&zoom=1&source=gbs_api,covers/9780345363140.jpg,ok_googlebooks
9780316210740,"Merry Christmas, Alex Cross (Alex Cross, #19)",James Patterson,,,not_found
9780425206870,"Shakespeare's Landlord (Lily Bard, #1)",Charlaine Harris,http://books.google.com/books/content?id=6znx_GKsETIC&printsec=frontcover&img=1&zoom=1&source=gbs_api,covers/9780425206870.jpg,ok_googlebooks
9780321344760,Don't Make Me Think: A Common Sense Approach to Web Usability,Steve Krug,,,not_found
9781620610080,"Shadows (Lux, #0.5)",Jennifer L. Armentrout,,,not_found
9780451456730,"Queen of the Darkness (The Black Jewels, #3)",Anne Bishop,,,not_found
9780316348410,Shrill: Notes from a Loud Woman,Lindy West,,,not_found
9780345427630,"The Angel of Darkness (Dr. Laszlo Kreizler, #2)",Caleb Carr,,,not_found
9781416991760,"Pathfinder (Pathfinder, #1)",Orson Scott Card,,,not_found
9780007466080,"A Dance with Dragons: After the Feast (A Song of Ice and Fire #5, Part 2 of 2)",George R.R. Martin,,,not_found
9780425240170,"A Lot like Love (FBI/US Attorney, #2)",Julie James,,,not_found
9780553154340,"Big Red (Big Red, #1)","Jim Kjelgaard, Carl Pfeuffer",,,not_found
9780312422290,Sellevision,Augusten Burroughs,,,not_found
,"Food Inc.: A Participant Guide: How Industrial Food is Making Us Sicker, Fatter, and Poorer-And What You Can Do About It",Karl Weber,,,not_found
9780307119390,I Was So Mad,Mercer Mayer,,,not_found
9780312981660,Crooked House,Agatha Christie,,,not_found
9780439498820,"The Year of Secret Assignments (Ashbury/Brookfield, #2)",Jaclyn Moriarty,,,not_found
9780006754000,"The Sword in the Stone (The Once and Future King, #1)",T.H. White,,,not_found
9780007284980,The Gift,Cecelia Ahern,,,not_found
9780553280520,The Blue Castle ,L.M. Montgomery,,,not_found
9780312534360,"The Immortals Boxed Set (The Immortals, #1-3)",Alyson Noel,,,not_found
9780553807740,"Deeply Odd (Odd Thomas, #6)",Dean Koontz,,,not_found
9780930289220,"Swamp Thing, Vol. 1: Saga of the Swamp Thing","Alan Moore, Stephen R. Bissette, John Totleben, Rick Veitch, Ramsey Campbell",,,not_found
9780380730360,"Prayers for Rain (Kenzie & Gennaro, #5)",Dennis Lehane,,,not_found
9780345438200,"3001: The Final Odyssey (Space Odyssey, #4)",Arthur C. Clarke,,,not_found
9780307962520,"Prince Lestat (The Vampire Chronicles, #11)",Anne Rice,http://books.google.com/books/content?id=SVmPDQAAQBAJ&printsec=frontcover&img=1&zoom=1&edge=curl&source=gbs_api,covers/9780307962520.jpg,ok_googlebooks
9780440245260,"Shades of Midnight (Midnight Breed, #7)",Lara Adrian,,,not_found
9780062117370,"Pivot Point (Pivot Point, #1)",Kasie West,,,not_found
9780007120990,"The Mirror Crack'd from Side to Side (Miss Marple, #9)",Agatha Christie,,,not_found
9781400031530,"The Dogs of Riga (Kurt Wallander, #2)","Henning Mankell, Laurie Thompson",,,not_found
9780316955100,The Caine Mutiny,Herman Wouk,,,not_found
9780753820340,"The Neon Rain (Dave Robicheaux, #1)",James Lee Burke,,,not_found
9780385352870,The Water Knife,Paolo Bacigalupi,,,not_found
,"The Master Magician (The Paper Magician Trilogy, #3)",Charlie N. Holmberg,,,not_found
9780750026050,The Hat,Jan Brett,,,not_found
9780752817000,"The Monkey's Raincoat (Elvis Cole, #1)",Robert Crais,,,not_found
9780399150870,The Cove  (FBI Thriller #1),Catherine Coulter,,,not_found
,"The Marriage Trap (Marriage to a Billionaire, #2)",Jennifer Probst,,,not_found
9781442474280,Black Ice,Becca Fitzpatrick,,,not_found
9781481060950,"Avoiding Responsibility (Avoiding, #2)",K.A. Linde,,,not_found
9780060588280,Kitten's First Full Moon,Kevin Henkes,,,not_found
9780375700190,The Imitation of Christ,"Thomas à Kempis, William Benham",,,not_found
9781632157120,"Saga, Vol. 6 (Saga, #6)","Brian K. Vaughan, Fiona Staples",,,not_found
9780778322960,"A Good Yarn (Blossom Street, #2)",Debbie Macomber,,,not_found
9781401324020,"Naked Heat (Nikki Heat, #2)",Richard Castle,,,not_found
9780425230150,"Grave Secret (Harper Connelly, #4)",Charlaine Harris,,,not_found
9780061670860,"The Initiation / The Captive Part I (The Secret Circle, #1-2)",L.J. Smith,,,not_found
9780553582760,One Door Away from Heaven,Dean Koontz,http://books.google.com/books/content?id=ytHzp-VSY0EC&printsec=frontcover&img=1&zoom=1&source=gbs_api,covers/9780553582760.jpg,ok_googlebooks
9780449208070,"Shall We Tell the President? (Kane & Abel, #3)",Jeffrey Archer,,,not_found
9780439568400,"Night of the Living Dummy (Goosebumps, #7)",R.L. Stine,,,not_found
9780140260700,Equus,Peter Shaffer,,,not_found
9780312605390,"Love in the Afternoon (The Hathaways, #5)",Lisa Kleypas,,,not_found
9780671796660,The Jordan Rules,"Sam Smith, Doug Grud",,,not_found
9780380789830,"Shards of a Broken Crown (The Serpentwar Saga, #4)",Raymond E. Feist,,,not_found
9780307381750,The Heretic Queen,Michelle Moran,,,not_found
9780316201540,"The Enchantress Returns (The Land of Stories, #2)","Chris Colfer, Brandon Dorman",,,not_found
9781594203080,Willpower: Rediscovering the Greatest Human Strength,"Roy F. Baumeister, John Tierney",,,not_found
9780310228640,"If You Want to Walk on Water, You've Got to Get Out of the Boat",John Ortberg,,,not_found
9780670020480,The Piano Teacher,Janice Y.K. Lee,,,not_found
9780060891280,"Attack of the Fiend (The Last Apprentice / Wardstone Chronicles, #4)","Joseph Delaney, Patrick  Arrasmith",,,not_found
9781411608310,"Day by Day Armageddon (Day by Day Armageddon,#1)",J.L. Bourne,,,not_found
9780671722920,Titus Andronicus,William Shakespeare,https://covers.openlibrary.org/b/isbn/9780671722920-L.jpg,covers/9780671722920.jpg,ok_openlibrary
9780345318860,"With a Tangled Skein (Incarnations of Immortality, #3)",Piers Anthony,,,not_found
9781596435700,"Prized (Birthmarked, #2)",Caragh M. O'Brien,,,not_found
9780316059860,Body Surfing,Anita Shreve,,,not_found
9780553567720,"Into the Labyrinth (The Death Gate Cycle, #6)","Margaret Weis, Tracy Hickman",,,not_found
9780553269830,"Sundiver (The Uplift Saga, #1)",David Brin,,,not_found
9781551113810,The Good Soldier,"Ford Madox Ford, Kenneth Womack, William Baker",http://books.google.com/books/content?id=ISGzVIjrHmIC&printsec=frontcover&img=1&zoom=1&edge=curl&source=gbs_api,covers/9781551113810.jpg,ok_googlebooks
9780345517980,The Talisman (Volume 1): The Road of Trials,"Robin Furth, Stephen King, Peter Straub, Tony Shasteen, Nei Ruffino",,,not_found
9781569472030,Moab Is My Washpot (Memoir #1),Stephen Fry,http://books.google.com/books/content?id=f_b5PQAACAAJ&printsec=frontcover&img=1&zoom=1&source=gbs_api,covers/9781569472030.jpg,ok_googlebooks
9780525951930,"Secrets to the Grave (Oak Knoll, #2)",Tami Hoag,,,not_found
9780394873370,The Berenstain Bears' Trouble at School,"Stan Berenstain, Jan Berenstain",,,not_found
9780425214440,"Eyes of Prey (Lucas Davenport, #3)",John Sandford,,,not_found
9780990505600,"Hardline (Hacker, #3)",Meredith Wild,http://books.google.com/books/content?id=kFL3oAEACAAJ&printsec=frontcover&img=1&zoom=1&source=gbs_api,covers/9780990505600.jpg,ok_googlebooks
9780316154510,A Wedding in December,Anita Shreve,http://books.google.com/books/content?id=_LAgGwAACAAJ&printsec=frontcover&img=1&zoom=1&source=gbs_api,covers/9780316154510.jpg,ok_googlebooks
9780007162220,Big Bang: The Origin of the Universe,Simon Singh,http://books.google.com/books/content?id=KxiuLS11WrQC&printsec=frontcover&img=1&zoom=1&edge=curl&source=gbs_api,covers/9780007162220.jpg,ok_googlebooks
9780545298410,"The Dead of Night (The 39 Clues: Cahills vs. Vespers, #3)",Peter Lerangis,,,not_found
9781442413340,Where Things Come Back,John Corey Whaley,,,not_found
9780060776240,"Kissing Coffins (Vampire Kisses, #2)",Ellen Schreiber,,,not_found
,"The One You Love (Emma Holden Suspense Mystery, #1)",Paul Pilkington,,,not_found
9781904910040,You Can Win: A Step by Step Tool for Top Achievers,Shiv Khera,,,not_found
9780399256200,"The Outcasts (Brotherband Chronicles, #1)",John Flanagan,,,not_found
9780143035300,"Birds of a Feather (Maisie Dobbs, #2)",Jacqueline Winspear,http://books.google.com/books/content?id=9kZJPgAACAAJ&printsec=frontcover&img=1&zoom=1&source=gbs_api,covers/9780143035300.jpg,ok_googlebooks
9781401201180,"The League of Extraordinary Gentlemen, Vol. 2","Alan Moore, Kevin O'Neill",,,not_found
9780847829870,On Ugliness,Umberto Eco,,,not_found
9780071418580,How to Talk to Anyone: 92 Little Tricks for Big Success in Relationships,Leil Lowndes,http://books.google.com/books/content?id=LQt6mAEACAAJ&printsec=frontcover&img=1&zoom=1&source=gbs_api,covers/9780071418580.jpg,ok_googlebooks
9780446556250,War,Sebastian Junger,,,not_found
9781591163280,"Case Closed, Vol. 1",Gosho Aoyama,,,not_found
9781569319050,"Yu Yu Hakusho, Volume 1: Goodbye, Material World! (Yu Yu Hakusho, #1)",Yoshihiro Togashi,,,not_found
9780060652940,The Abolition of Man,C.S. Lewis,,,not_found
9780857207560,"The King's Curse (The Plantagenet and Tudor Novels, #7)",Philippa Gregory,,,not_found
,"Murder of Crows (The Others, #2)",Anne Bishop,,,not_found
9780152050860,"Bloody Jack (Bloody Jack, #1)",L.A. Meyer,,,not_found
9780425204180,"Survivor In Death (In Death, #20)",J.D. Robb,,,not_found
9780786907500,"Passage to Dawn (Forgotten Realms: Legacy of the Drow, #4; Legend of Drizzt, #10)",R.A. Salvatore,,,not_found
9781501135910,Shoe Dog: A Memoir by the Creator of NIKE,Phil Knight,,,not_found
9780553381570,The Water is Wide: A Memoir,Pat Conroy,,,not_found
9780670312560,Figure Drawing for All It's Worth (How to draw and paint),Andrew Loomis,,,not_found
9781573228730,Affinity,Sarah Waters,,,not_found
9780060758290,"Shaman's Crossing (Soldier Son, #1)",Robin Hobb,,,not_found
9780446694540,Gods in Alabama,Joshilyn Jackson,,,not_found
9780743234410,Cloudstreet,Tim Winton,,,not_found
9780843955440,The Girl Next Door,Jack Ketchum,,,not_found
9780425197390,"Iceberg (Dirk Pitt, #3)",Clive Cussler,,,not_found
9780786929720,"Brothers Majere (Dragonlance: Preludes, #3)",Kevin Stein,,,not_found
9780064404460,Tom's Midnight Garden,"Philippa Pearce, Susan Einzig",,,not_found
9780671732490,A Separate Reality,Carlos Castaneda,,,not_found
9781442494790,"What Really Happened in Peru (The Bane Chronicles, #1)","Cassandra Clare, Sarah Rees Brennan",,,not_found
9780316234800,"Grain Brain: The Surprising Truth about Wheat, Carbs,  and Sugar--Your Brain's Silent Killers","David  Perlmutter, Kristin Loberg",,,not_found
9780072434170,Pilgrim at Tinker Creek,Annie Dillard,,,not_found
9780553588120,"Prince of the Blood (Krondor's Sons, #1)",Raymond E. Feist,,,not_found
9780307719220,"Why Nations Fail: The Origins of Power, Prosperity, and Poverty","Daron Acemoğlu, James A. Robinson",,,not_found
9789993911560,The Courts of Chaos (The Chronicles of Amber #5),Roger Zelazny,,,not_found
9780751507960,The Authoritative Calvin and Hobbes: A Calvin and Hobbes Treasury,Bill Watterson,,,not_found
9780399155970,"U Is for Undertow (Kinsey Millhone, #21)",Sue Grafton,https://covers.openlibrary.org/b/isbn/9780399155970-L.jpg,covers/9780399155970.jpg,ok_openlibrary
9780761123700,The Introvert Advantage: How to Thrive in an Extrovert World,Marti Olsen Laney,,,not_found
9780307272710,Why We Get Fat: And What to Do About It,Gary Taubes,,,not_found
9780060787220,Zorro,"Isabel Allende, Margaret Sayers Peden",,,not_found
9780451530300,The Rainbow,"D.H. Lawrence, Daphne Merkin",http://books.google.com/books/content?id=E30ODAAAQBAJ&printsec=frontcover&img=1&zoom=1&edge=curl&source=gbs_api,covers/9780451530300.jpg,ok_googlebooks
9781563894280,"Preacher, Volume 5: Dixie Fried","Garth Ennis, Steve Dillon",,,not_found
9780439405580,"The Capture (Guardians of Ga'Hoole, #1)",Kathryn Lasky,,,not_found
9780689823950,I Have Lived a Thousand Years,Livia E. Bitton-Jackson,,,not_found
9781563894050,"Preacher, Volume 4: Ancient History","Garth Ennis, Steve Dillon, Steve Pugh, Matt Hollingsworth, Carlos Ezquerra, Richard Case",,,not_found
9780143036490,The Great Influenza: The Story of the Deadliest Pandemic in History,John M. Barry,,,not_found
9780399154480,"T is for Trespass (Kinsey Millhone, #20)",Sue Grafton,,,not_found
9780825462080,The Heavenly Man: The Remarkable True Story of Chinese Christian Brother Yun,"Paul Hattaway, Brother Yun",,,not_found
9780425268780,"Prince of Fools (The Red Queen's War, #1)",Mark  Lawrence,,,not_found
9780340739300,"The Face Of Deception (Eve Duncan, #1)",Iris Johansen,,,not_found
9780142437290,Herzog,"Saul Bellow, Philip Roth",,,not_found
9780807012390,The Miracle of Mindfulness: An Introduction to the Practice of Meditation,Thich Nhat Hanh,,,not_found
9780439050230,David Gets In Trouble,David Shannon,,,not_found
9781616203050,Descent,Tim Johnston,,,not_found
9780060958340,The Language Instinct: How the Mind Creates Language,Steven Pinker,,,not_found
9780316097770,Dare Me,Megan Abbott,,,not_found
9780451234870,"Last Breath (The Morganville Vampires, #11)",Rachel Caine,,,not_found
9781421506050,"Black Cat, Volume 01",Kentaro Yabuki,,,not_found
9780060878140,The Yacoubian Building,"Alaa Al Aswany, علاء الأسواني",,,not_found
9780307394540,Martha Stewart's Cookies: The Very Best Treats to Bake and to Share,"Martha Stewart, Victor Schrager",,,not_found
9781400078370,Out,"Natsuo Kirino, Stephen Snyder",https://covers.openlibrary.org/b/isbn/9781400078370-L.jpg,covers/9781400078370.jpg,ok_openlibrary
9781582349240,"The Frog Princess (Tales of the Frog Princess, #1)",E.D. Baker,,,not_found
9781471118100,"UnSouled (Unwind, #3)",Neal Shusterman,,,not_found
,"Silent Scream (D.I. Kim Stone, #1)",Angela Marsons,,,not_found
9780143104410,Twelve Angry Men,"Reginald Rose, David Mamet",,,not_found
9780312426220,"Pardonable Lies (Maisie Dobbs, #3)",Jacqueline Winspear,,,not_found
9780394826200,Swimmy,Leo Lionni,,,not_found
9781426406070,Babbitt,Sinclair Lewis,,,not_found
9781401223040,Batman: Whatever Happened to the Caped Crusader?,"Neil Gaiman, Andy Kubert, Matt Wagner, Simon Bisley, Bernie Mireault, Mark Buckingham",,,not_found
9780679736320,Suttree,Cormac McCarthy,,,not_found
9781416950740,sTORI Telling,Tori Spelling,,,not_found
9780802170390,The Gathering,Anne Enright,,,not_found
9780061997170,The Pioneer Woman: Black Heels to Tractor Wheels,Ree Drummond,,,not_found
9780316210900,"Cross My Heart (Alex Cross, #21)",James Patterson,,,not_found
,"More Than This (More Than, #1)",Jay McLean,,,not_found
9780307377910,The Righteous Mind: Why Good People are Divided by Politics and Religion,Jonathan Haidt,,,not_found
9781849234760,"Rock Chick Rescue (Rock Chick, #2)",Kristen Ashley,,,not_found
9781613772270,"Locke & Key, Vol. 5: Clockworks","Joe Hill, Gabriel Rodríguez",,,not_found
9780316002560,Every Soul a Star,Wendy Mass,,,not_found
9780439700890,"Lady Friday (The Keys to the Kingdom, #5)",Garth Nix,,,not_found
9781582433550,Jesus Land,Julia Scheeres,,,not_found
9780316013570,The Lion and the Mouse,Jerry Pinkney,,,not_found
9780743468410,"Barrayar (Vorkosigan Saga, #7)",Lois McMaster Bujold,,,not_found
9780618194580,Flotsam,David Wiesner,,,not_found
9780316156290,"Lord of the Shadows (Cirque Du Freak, #11)",Darren Shan,,,not_found
9780679764080,The Collected Poems,Langston Hughes,,,not_found
9780765328660,"Girl of Nightmares (Anna, #2)",Kendare Blake,,,not_found
9781427817690,"Alice in the Country of Hearts, Vol. 01 (Alice in the Country of Hearts, #1)","QuinRose, Soumei Hoshino",,,not_found
9780441203990,"Elric of Melniboné (Elric, #1)",Michael Moorcock,,,not_found
9780375404030,The Endurance: Shackleton's Legendary Antarctic Expedition,Caroline Alexander,,,not_found
9780061689420,"Love Bites (Vampire Kisses, #7)",Ellen Schreiber,https://covers.openlibrary.org/b/isbn/9780061689420-L.jpg,covers/9780061689420.jpg,ok_openlibrary
9780316002580,"The Candymakers (The Candymakers, #1)",Wendy Mass,,,not_found
9780717287570,Winnie the Pooh and Tigger Too (Disney's Wonderful World of Reading),Walt Disney Company,,,not_found
9781455539740,Hamilton: The Revolution,"Lin-Manuel Miranda, Jeremy McCarter",,,not_found
9780061059920,"The Fury (The Vampire Diaries, #3)",L.J. Smith,,,not_found
9780399256510,"Shelter (Mickey Bolitar, #1)",Harlan Coben,,,not_found
9780684800710,"The Metamorphosis, In the Penal Colony, and Other Stories: The Great Short Works of Franz Kafka",Franz Kafka,,,not_found
9781593080430,Selected Stories,"O. Henry, Victoria Blake",,,not_found
9780451229440,"Crave (Fallen Angels, #2)",J.R. Ward,,,not_found
9780345396940,Cry to Heaven,Anne Rice,,,not_found
9780515103300,When Rabbit Howls,"Truddi Chase, Robert A. Phillips Jr.",,,not_found
9780312857880,"Necroscope (Necroscope, #1)",Brian Lumley,,,not_found
9780060548940,"Out of Oz (The Wicked Years, #4)","Gregory Maguire, Douglas Smith",,,not_found
9780553268460,The Dogs of War,Frederick Forsyth,,,not_found
9780062026090,"Variant (Variant, #1)",Robison Wells,,,not_found
9780345379080,"Waylander (The Drenai Saga, #3)",David Gemmell,,,not_found
9780316037710,Ghost in the Wires: My Adventures as the World's Most Wanted Hacker,"Kevin D. Mitnick, William L. Simon, Steve Wozniak",,,not_found
,The Amber Room,Steve Berry,,,not_found
9780812538370,"The Wheel of Time: Boxed Set #1 (Wheel of Time, #1-3)",Robert Jordan,,,not_found
9780385491050,Surfacing,Margaret Atwood,,,not_found
9780670011830,After,Amy Efaw,,,not_found
9781416516320,"Path of the Assassin (Scot Harvath, #2)",Brad Thor,,,not_found
9781455503060,"Pure (Pure, #1)",Julianna Baggott,,,not_found
9780670021670,My Name is Mary Sutter,Robin Oliveira,,,not_found
9780007488060,You Had Me At Hello,Mhairi McFarlane,,,not_found
9780670011470,Something Like Fate,Susane Colasanti,,,not_found
9780152047380,"So You Want to Be a Wizard (Young Wizards, #1)",Diane Duane,,,not_found
,"Rush Too Far (Rosemary Beach, #4; Too Far, #4)",Abbi Glines,,,not_found
9781416586590,"Foreign Influence (Scot Harvath, #9)",Brad Thor,,,not_found
9780312206480,"Excalibur (The Warlord Chronicles, #3)",Bernard Cornwell,,,not_found
9780007119330,"Death in the Clouds (Hercule Poirot, #12)",Agatha Christie,,,not_found
9780446580300,"Cemetery Dance (Pendergast, #9)","Douglas Preston, Lincoln Child",,,not_found
9780156029060,Baudolino,"Umberto Eco, William Weaver, R.C.S. Libri",,,not_found
9780446540340,Hitch-22: A Memoir,Christopher Hitchens,,,not_found
9780505523890,"Dark Magic (Dark, #4)",Christine Feehan,,,not_found
9780385667400,"The Omen Machine (Sword of Truth, #12; Richard and Kahlan, #1)",Terry Goodkind,,,not_found
9780425098080,Zodiac,Robert Graysmith,,,not_found
9781784752000,15th Affair (Women's Murder Club #15),"James Patterson, Maxine Paetro",,,not_found
,"Epilogue (The Dark Duet, #3)",C.J. Roberts,,,not_found
9781853262430,The Comedy of Errors,William Shakespeare,,,not_found
9780446699490,Wish You Well,David Baldacci,,,not_found
9780898214970,The Taste of Home Cookbook,"Janet Briggs, Beth Wittlinger",https://covers.openlibrary.org/b/isbn/9780898214970-L.jpg,covers/9780898214970.jpg,ok_openlibrary
9781451686630,The Passenger,Lisa Lutz,,,not_found
9780399162380,"Field of Prey (Lucas Davenport, #24)",John Sandford,,,not_found
9780743287200,The Constant Gardener,John le Carré,http://books.google.com/books/content?id=4dykGyvpjqcC&printsec=frontcover&img=1&zoom=1&source=gbs_api,covers/9780743287200.jpg,ok_googlebooks
2940013283250,"A Hidden Fire (Elemental Mysteries, #1)",Elizabeth   Hunter,,,not_found
9781563054430,Barnyard Dance,Sandra Boynton,,,not_found
9781555838540,Stone Butch Blues,Leslie Feinberg,,,not_found
9780812524260,"Red Prophet (Tales of Alvin Maker, #2)",Orson Scott Card,,,not_found
9780810918690,Animalia,Graeme Base,,,not_found
9780544409910,"Girl Waits with Gun (Kopp Sisters, #1)",Amy  Stewart,https://covers.openlibrary.org/b/isbn/9780544409910-L.jpg,covers/9780544409910.jpg,ok_openlibrary
9781423175120,Don't Look Back,Jennifer L. Armentrout,,,not_found
9780394800230,A Fish Out of Water,"Helen Marion Palmer, P.D. Eastman",,,not_found
9780307962900,Astonish Me,Maggie Shipstead,,,not_found
9780385349580,An Officer and a Spy,Robert   Harris,http://books.google.com/books/content?id=dT5anQEACAAJ&printsec=frontcover&img=1&zoom=1&source=gbs_api,covers/9780385349580.jpg,ok_googlebooks
9780385535370,In the Kingdom of Ice: The Grand and Terrible Polar Voyage of the USS Jeannette,Hampton Sides,,,not_found
9780375866680,The Running Dream,Wendelin Van Draanen,,,not_found
9780451233550,"The Morganville Vampires, Volume 3 (The Morganville Vampires, #5-6)",Rachel Caine,,,not_found
9780743421930,"Look to Windward (Culture, #7)",Iain M. Banks,,,not_found
9780340841130,Be Careful What You Wish For,Alexandra Potter,,,not_found
9781585424800,Ultramarathon Man: Confessions of an All-Night Runner,Dean Karnazes,,,not_found
9780743484370,A Stranger Is Watching,Mary Higgins Clark,,,not_found
9780062012040,"Goddess (Starcrossed, #3)",Josephine Angelini,,,not_found
9781600108860,"Locke & Key, Vol. 4: Keys to the Kingdom","Joe Hill, Gabriel Rodríguez",,,not_found
9780061345720,"Envy (Luxe, #3)",Anna Godbersen,,,not_found
9781420100970,Storm Born (Dark Swan #1),Richelle Mead,,,not_found
9781250024630,"Horde (Razorland, #3)",Ann Aguirre,,,not_found
9780694011480,The Mixed-Up Chameleon,Eric Carle,,,not_found
9781905490200,Girls of Riyadh,Rajaa Alsanea,,,not_found
9780375706420,Waiting,Ha Jin,,,not_found
9780446616420,Kitty and the Midnight Hour (Kitty Norville #1),Carrie Vaughn,,,not_found
9780755300200,The Jester,"James Patterson, Andrew Gross",,,not_found
9781421808310,Burmese Days,George Orwell,,,not_found
9780140065180,Ordinary People,Judith Guest,,,not_found
9781596436590,In Real Life,"Cory Doctorow, Jen Wang",,,not_found
9780763630160,"The Riddle (The Books of Pellinor, #2)",Alison Croggon,,,not_found
9780749909220,Bad Moon Rising (Dark-Hunter #18; Were-Hunter #4; Hellchaser #2),Sherrilyn Kenyon,,,not_found
9781595140840,"Peeps (Peeps, #1)",Scott Westerfeld,,,not_found
9781595142900,"Jealousy (Strange Angels, #3)","Lili St. Crow, Lilith Saintcrow",,,not_found
9780811202050,Collected Poems,Dylan Thomas,,,not_found
9780804141260,Vinegar Girl,Anne Tyler,,,not_found
9781476145390,"Breathe (Colorado Mountain, #4)",Kristen Ashley,,,not_found
9781849163840,"The Blackhouse (Lewis Trilogy, #1)",Peter  May,,,not_found
9780142408780,"Double Fudge (Fudge, #5)",Judy Blume,https://covers.openlibrary.org/b/isbn/9780142408780-L.jpg,covers/9780142408780.jpg,ok_openlibrary
9780060562530,"Scandal in Spring (Wallflowers, #4)",Lisa Kleypas,,,not_found
9780671004540,On the Street Where You Live,Mary Higgins Clark,,,not_found
,"Indebted (The Premonition, #3)",Amy A. Bartol,,,not_found
9780786913890,"The Silent Blade (Forgotten Realms: Paths of Darkness, #1; Legend of Drizzt, #11)",R.A. Salvatore,,,not_found
9780758216430,"Succubus on Top (Georgina Kincaid, #2)",Richelle Mead,,,not_found
9780345501040,Inherit the Wind,"Jerome Lawrence, Robert E.  Lee",,,not_found
9780385738590,"The Dark and Hollow Places (The Forest of Hands and Teeth, #3)",Carrie Ryan,,,not_found
9780312274920,Round Ireland with a Fridge,Tony Hawks,,,not_found
9780316040860,"This Book Is Not Good for You (Secret, #3)","Pseudonymous Bosch, Gilbert Ford",,,not_found
9781455599740,Uganda Be Kidding Me,Chelsea Handler,http://books.google.com/books/content?id=rnW0kQEACAAJ&printsec=frontcover&img=1&zoom=1&source=gbs_api,covers/9781455599740.jpg,ok_googlebooks
9781416544200,Eating the Dinosaur,Chuck Klosterman,,,not_found
9780553214830,The Declaration of Independence and The Constitution of the United States,Founding Fathers,,,not_found
9780765317510,"Aztec (Aztec, #1)",Gary Jennings,,,not_found
9780765379950,All the Birds in the Sky,Charlie Jane Anders,,,not_found
,"Fairest (An Unfortunate Fairy Tale, #2)",Chanda Hahn,,,not_found
,رباعيات خيام,"Omar Khayyám, محمدعلی فروغی, قاسم غنی",,,not_found
9780062009490,Dodger,Terry Pratchett,,,not_found
9780375833650,"Wildwood Dancing (Wildwood, #1)",Juliet Marillier,,,not_found
9780449226350,Home Again,Kristin Hannah,,,not_found
9780425083900,Books of Blood: Volume One (Books of Blood #1),Clive Barker,,,not_found
9780976401100,"The Hedge Knight (The Hedge Knight Graphic Novels, #1)","Ben Avery, Mike S. Miller, George R.R. Martin",https://covers.openlibrary.org/b/isbn/9780976401100-L.jpg,covers/9780976401100.jpg,ok_openlibrary
9780451208700,The Man From St. Petersburg,Ken Follett,,,not_found
9780425176310,"Judgment in Death (In Death, #11)","J.D. Robb, Nora Roberts",,,not_found
9780515142910,"Daring to Dream (Dream Trilogy, #1)",Nora Roberts,http://books.google.com/books/content?id=JjZKjFrztGoC&printsec=frontcover&img=1&zoom=1&source=gbs_api,covers/9780515142910.jpg,ok_googlebooks
9780399154010,"Innocent in Death (In Death, #24)",J.D. Robb,,,not_found
9780062217200,Waiting to Be Heard: A Memoir,Amanda Knox,,,not_found
,"Fate (My Blood Approves, #2)",Amanda Hocking,,,not_found
9780152050850,"Once Upon a Marigold (Upon a Marigold, #1)",Jean Ferris,,,not_found
9780743467220,"The Wedding (Lairds' Fiancées, #2)",Julie Garwood,,,not_found
9780451526570,Heart of Darkness and The Secret Sharer,Joseph Conrad,,,not_found
9780316201640,S.,"J.J. Abrams, Doug Dorst",,,not_found
9780385344050,"The Dead in Their Vaulted Arches (Flavia de Luce, #6)",Alan Bradley,https://covers.openlibrary.org/b/isbn/9780385344050-L.jpg,covers/9780385344050.jpg,ok_openlibrary
9781250014470,"Fourth Grave Beneath My Feet (Charley Davidson, #4)",Darynda Jones,,,not_found
9780440227500,"The River (Brian's Saga, #2)",Gary Paulsen,,,not_found
9781442409100,"Sever (The Chemical Garden, #3)",Lauren DeStefano,,,not_found
9780785113800,"Runaways, Vol. 1: Pride and Joy (Runaways, #1)","Brian K. Vaughan, Adrian Alphona",,,not_found
9780553807710,"77 Shadow Street (Pendleton, #1)",Dean Koontz,,,not_found
9780060875080,Lullabies for Little Criminals,Heather O'Neill,,,not_found
9780670446150,Madeline and the Bad Hat,Ludwig Bemelmans,,,not_found
9780786931380,"The Legend of Huma (Dragonlance: Heroes, #1)",Richard A. Knaak,,,not_found
9780316778500,The Dogs of Babel,Carolyn  Parkhurst,,,not_found
9780439436570,"Sir Thursday (The Keys to the Kingdom, #4)",Garth Nix,,,not_found
9781400033720,"Parallel Worlds: A Journey Through Creation, Higher Dimensions, and the Future of the Cosmos",Michio Kaku,,,not_found
9780805059960,Anne Frank : The Biography,"Melissa Müller, Rita Kimber, Robert Kimber",,,not_found
9780553381150,Ina May's Guide to Childbirth,Ina May Gaskin,,,not_found
9789381626690,The Krishna Key,Ashwin Sanghi,,,not_found
,"Sometimes It Lasts (Sea Breeze, #5)",Abbi Glines,,,not_found
9780849901810,Facing Your Giants: A David and Goliath Story for Everyday People,Max Lucado,,,not_found
9780874068140,An Occurrence at Owl Creek Bridge,Ambrose Bierce,,,not_found
9780802151830,Tropic of Capricorn,Henry Miller,,,not_found
9781419953250,The Sweet Gum Tree,Katherine Allred,,,not_found
9781582433230,A Complicated Kindness,Miriam Toews,,,not_found
9780425195180,"Flight of the Old Dog (Patrick McLanahan, #1)",Dale Brown,,,not_found
9781416914180,"Raven Rise (Pendragon, #9)",D.J. MacHale,,,not_found
9780143035080,"A New Song (Mitford Years, #5)",Jan Karon,,,not_found
9780340881540,"Class A (Cherub, #2)",Robert Muchamore,,,not_found
9780752891640,"Deeper Than the Dead (Oak Knoll, #1)",Tami Hoag,,,not_found
9781476748440,Glory over Everything: Beyond The Kitchen House,Kathleen Grissom,http://books.google.com/books/content?id=TxHXCwAAQBAJ&printsec=frontcover&img=1&zoom=1&edge=curl&source=gbs_api,covers/9781476748440.jpg,ok_googlebooks
,"The Fate of Ten (Lorien Legacies, #6)",Pittacus Lore,,,not_found
9783704313170,"Robin Hood, The Prince of Thieves",Alexandre Dumas,,,not_found
9780765316550,"Dust of Dreams (The Malazan Book of the Fallen, #9)",Steven Erikson,,,not_found
9780441014160,Accelerando (Singularity),Charles Stross,,,not_found
9780316012330,"Lord Loss (The Demonata, #1)",Darren Shan,http://books.google.com/books/content?id=gJFZngEACAAJ&printsec=frontcover&img=1&zoom=1&source=gbs_api,covers/9780316012330.jpg,ok_googlebooks
9780812996340,Girl at War,Sara Nović,,,not_found
9780545040600,"Runaway (Airhead, #3)",Meg Cabot,,,not_found
9781400031570,"Sidetracked (Kurt Wallander, #5)","Henning Mankell, Steven T. Murray",,,not_found
9780547959210,"Graduation Day (The Testing, #3)",Joelle Charbonneau,,,not_found
9780307970380,Drift: The Unmooring of American Military Power,Rachel Maddow,,,not_found
9780446675060,The Honk and Holler Opening Soon,Billie Letts,,,not_found
9780802135220,The Passion,Jeanette Winterson,,,not_found
9781400096930,The Power of the Dog,Don Winslow,http://books.google.com/books/content?id=aaNy-TY6zRUC&printsec=frontcover&img=1&zoom=1&edge=curl&source=gbs_api,covers/9781400096930.jpg,ok_googlebooks
9780446531380,Strange Highways,Dean Koontz,http://books.google.com/books/content?id=gQNnPwAACAAJ&printsec=frontcover&img=1&zoom=1&source=gbs_api,covers/9780446531380.jpg,ok_googlebooks
9780062347270,America's First Daughter,"Stephanie Dray, Laura Kamoie",,,not_found
9780061957930,"The Undead Pool (The Hollows, #12)",Kim Harrison,,,not_found
9780689856400,Kira-Kira,Cynthia Kadohata,,,not_found
9780765333510,"The Human Division (Old Man's War, #5)",John Scalzi,,,not_found
9780441017800,"On the Edge (The Edge, #1)",Ilona Andrews,,,not_found
9781401225650,"The Unwritten, Vol. 1: Tommy Taylor and the Bogus Identity","Mike Carey, Bill Willingham, Peter Gross",,,not_found
9780670037730,"The Fourth Bear (Nursery Crime, #2)",Jasper Fforde,,,not_found
9780224061640,The Enchantress of Florence,Salman Rushdie,,,not_found
9789380349300,"Life is What You Make It: A Story of Love, Hope and How Determination Can Overcome Even Destiny",Preeti Shenoy,,,not_found
9780679724700,"The History of Sexuality, Volume 1: An Introduction","Michel Foucault, Robert Hurley",,,not_found
9780743271190,"Takedown (Scot Harvath, #5)",Brad Thor,,,not_found
9780842332360,"Armageddon: The Cosmic Battle of the Ages (Left Behind, #11)","Tim LaHaye, Jerry B. Jenkins",,,not_found
9780375507490,Van Gogh: The Life,"Steven Naifeh, Gregory White Smith",,,not_found
9780060922240,Care of the Soul: A Guide for Cultivating Depth and Sacredness in Everyday Life,Thomas  Moore,,,not_found
9780061836920,"Moonlight Mile (Kenzie & Gennaro,#6)",Dennis Lehane,,,not_found
9780670038720,"First Among Sequels (Thursday Next, #5)",Jasper Fforde,,,not_found
9780307957240,Vampires in the Lemon Grove,Karen Russell,,,not_found
9780375760910,The Idiot Girls' Action-Adventure Club: True Tales from a Magnificent and Clumsy Life,Laurie Notaro,,,not_found
9781598184550,"From the Earth to the Moon (Extraordinary Voyages, #4)",Jules Verne,http://books.google.com/books/content?id=7-sqPQAACAAJ&printsec=frontcover&img=1&zoom=1&source=gbs_api,covers/9781598184550.jpg,ok_googlebooks
9780061561630,"City of Dragons (Rain Wild Chronicles, #3)",Robin Hobb,,,not_found
9780802715170,The Judgment of Paris: The Revolutionary Decade That Gave the World Impressionism,Ross King,,,not_found
9780062320060,"The Heist (Gabriel Allon, #14)",Daniel Silva,,,not_found
9780062265980,"Sweet Reckoning (Sweet, #3)",Wendy Higgins,,,not_found
9780425214600,Darkfall,Dean Koontz,,,not_found
9780553384820,"Well-Schooled in Murder (Inspector Lynley, #3)",Elizabeth  George,,,not_found
9780743474180,"Perfect (Second Opportunities, #2)",Judith McNaught,,,not_found
9780374281090,Someone,Alice McDermott,,,not_found
9780060737560,Suicide Notes,Michael Thomas Ford,,,not_found
9780307020920,The Three Little Pigs,"Elizabeth Ross, ROFry",,,not_found
9780192838440,"Twenty Years After (The D'Artagnan Romances, #2)","Alexandre Dumas, David Coward, Auguste Maquet",,,not_found
9780140115860,Moon Palace,Paul Auster,,,not_found
9781455581160,Friction,Sandra Brown,,,not_found
9780553573250,"The Seventh Gate (The Death Gate Cycle, #7)","Margaret Weis, Tracy Hickman",,,not_found
9781593070950,"Hellboy, Vol. 2: Wake the Devil (Hellboy, #2)",Mike Mignola,,,not_found
9781933718550,"Ashfall (Ashfall, #1)",Mike Mullin,,,not_found
9781442407690,"The Unwanteds (Unwanteds, #1)",Lisa McMann,,,not_found
9780991140220,"Bright Side (Bright Side, #1)",Kim Holden,,,not_found
9780140546230,The Day Jimmy's Boa Ate the Wash,"Trinka Hakes Noble, Steven Kellogg",,,not_found
9781841954810,Under the Skin,Michel Faber,,,not_found
9781455518370,"The Panther  (John Corey, #6)",Nelson DeMille,,,not_found
9781455525840,"White Fire (Pendergast, #13)","Douglas Preston, Lincoln Child",,,not_found
9781603093000,"March: Book One (March, #1)","John             Lewis, Andrew Aydin, Nate Powell",,,not_found
9780425212690,"S is for Silence (Kinsey Millhone, #19)",Sue Grafton,,,not_found
9780449208280,The Unexpected Mrs. Pollifax  (Mrs. Pollifax #1),Dorothy Gilman,,,not_found
9780340884360,"Maximum Security (Cherub, #3)",Robert Muchamore,,,not_found
9783453162890,Wir Kinder vom Bahnhof Zoo,"Christiane F., Kai Hermann, Horst Rieck",,,not_found
9780373210060,"Inside Out (Insider, #1)",Maria V. Snyder,,,not_found
9780312938830,"Dream Chaser (Dark-Hunter #13, Dream-Hunter #3)",Sherrilyn Kenyon,,,not_found
9780345346290,Dragons of Eden: Speculations on the Evolution of Human Intelligence,Carl Sagan,,,not_found
9782211065890,Frédéric,Leo Lionni,,,not_found
9781841496050,"The Innocent Mage (Kingmaker, Kingbreaker, #1)",Karen Miller,,,not_found
9780547807680,"The Dark Monk (The Hangman's Daughter, #2)","Oliver Pötzsch, Lee Chadeayne",,,not_found
,Better off Friends,Elizabeth Eulberg,,,not_found
9780062457740,The Subtle Art of Not Giving a F*ck: A Counterintuitive Approach to Living a Good Life,Mark Manson,,,not_found
9780307595610,I Remember Nothing: and Other Reflections,Nora Ephron,,,not_found
9781594480870,"Brilliance of the Moon (Tales of the Otori, #3)",Lian Hearn,,,not_found
9780393086930,Six Days of the Condor,James Grady,,,not_found
9788756787660,"Flaskepost fra P (Afdeling Q, #3)",Jussi Adler-Olsen,,,not_found
9780671020830,The Gun Seller,Hugh Laurie,,,not_found
9780307263940,Digging to America,Anne Tyler,,,not_found
9780374504650,Everything That Rises Must Converge: Stories,"Flannery O'Connor, Robert Fitzgerald",,,not_found
9780425218430,Caressed by Ice (Psy-Changeling #3),Nalini Singh,,,not_found
9780142400300,"The Bellmaker (Redwall, #7)",Brian Jacques,,,not_found
9780399157560,"The Bone Bed (Kay Scarpetta, #20)",Patricia Cornwell,,,not_found
9780915144860,Second Treatise of Government,"John Locke, C.B. Macpherson",,,not_found
9780718154840,The Fry Chronicles (Memoir #2),Stephen Fry,,,not_found
9780330487190,A House for Mr Biswas,V.S. Naipaul,,,not_found
9781841591000,"The Code of the Woosters (Jeeves, #7)",P.G. Wodehouse,,,not_found
,"Wrong (Wrong, #1)",Jana Aston,,,not_found
9780393072230,The Shallows: What the Internet is Doing to Our Brains,Nicholas Carr,,,not_found
,"The Line (Witching Savannah, #1)",J.D. Horn,,,not_found
9780312362910,Artisan Bread in Five Minutes a Day: The Discovery That Revolutionizes Home Baking,"Jeff Hertzberg, Zoë François, Mark Luinenburg",,,not_found
9780060684130,The Knowledge of the Holy,A.W. Tozer,,,not_found
9780743444290,"Geisha, a Life","Mineko Iwasaki, Rande Brown",http://books.google.com/books/content?id=Yqj4q6M7x9MC&printsec=frontcover&img=1&zoom=1&edge=curl&source=gbs_api,covers/9780743444290.jpg,ok_googlebooks
9780452297650,The House at Tyneford,Natasha Solomons,http://books.google.com/books/content?id=AKRPEAAAQBAJ&printsec=frontcover&img=1&zoom=1&source=gbs_api,covers/9780452297650.jpg,ok_googlebooks
9780446676500,"The Autobiography of Martin Luther King, Jr.","Martin Luther King Jr., Clayborne Carson",,,not_found
9781401360210,Day Watch (Watch #2),"Sergei Lukyanenko, Andrew Bromfield",,,not_found
9780765346290,The Codex,Douglas Preston,,,not_found
9780099595820,CivilWarLand in Bad Decline,George Saunders,,,not_found
9780312424080,A Home at the End of the World,Michael Cunningham,,,not_found
9780886773530,Magic's Pawn (Valdemar: Last Herald-Mage #1),Mercedes Lackey,,,not_found
9780312699450,SEAL Team Six: Memoirs of an Elite Navy SEAL Sniper,"Howard E. Wasdin, Stephen Templin",,,not_found
9781401237780,"Batman, Volume 2: The City of Owls","Scott Snyder, Greg Capullo, Jonathan Glapion, James Tynion IV, Rafael Albuquerque, Jason Fabok, Becky Cloonan, Andy Clarke, Sandu Florea",,,not_found
9781400095570,How We Are Hungry,Dave Eggers,,,not_found
9780525453670,The Happy Prince,Oscar Wilde,,,not_found
9780609810120,Sacred Contracts: Awakening Your Divine Potential,Caroline Myss,,,not_found
9780609807260,Standing for Something: 10 Neglected Virtues That Will Heal Our Hearts and Homes,Gordon B. Hinckley,,,not_found
9780375955720,"The Diamond of Darkhold (Book of Ember, #4)",Jeanne DuPrau,,,not_found
9780993800140,"Pucked (Pucked, #1)",Helena Hunting,,,not_found
9781682305060,"Twisted Palace (The Royals, #3)",Erin Watt,,,not_found
9780062415840,Notorious RBG: The Life and Times of Ruth Bader Ginsburg,"Irin Carmon, Shana Knizhnik",,,not_found
9780872206340,"Five Dialogues: Euthyphro, Apology, Crito, Meno, Phaedo","Plato, G.M.A. Grube, John M. Cooper",,,not_found
9780312595680,Never Knowing,Chevy Stevens,,,not_found
9780752858520,The Aquitaine Progression,Robert Ludlum,,,not_found
9780758266930,"Touch of Frost (Mythos Academy, #1)",Jennifer Estep,,,not_found
9780141019090,"A Death in Vienna (Gabriel Allon, #4)",Daniel Silva,,,not_found
9780449003790,"O is for Outlaw (Kinsey Millhone, #15)",Sue Grafton,,,not_found
9780753819920,The Orange Girl,"Jostein Gaarder, James Anderson",,,not_found
9781423111440,"Deadly Little Secret (Touch, #1)",Laurie Faria Stolarz,,,not_found
9780192838630,"The Forsyte Saga (The Forsyte Chronicles, #1-3)",John Galsworthy,,,not_found
,Terms of Enlistment (Frontlines #1),Marko Kloos,,,not_found
,"Reaper's Legacy (Reapers MC, #2)",Joanna Wylde,,,not_found
9780425132950,The House of Thunder,"Leigh Nichols, Dean Koontz",,,not_found
9780439829110,"The Dead of Night (Tomorrow, #2)",John Marsden,,,not_found
9780812971680,Absurdistan,Gary Shteyngart,,,not_found
9780316252970,My Cousin Rachel,Daphne du Maurier,,,not_found
9780312599060,"Invincible (Chronicles of Nick, #2)",Sherrilyn Kenyon,,,not_found
9780751500290,The Indispensable Calvin and Hobbes,Bill Watterson,,,not_found
9780749934360,"Witness in Death (In Death, #10)","J.D. Robb, Susan Ericksen",,,not_found
9780786887580,Napalm & Silly Putty,George Carlin,,,not_found
9780345543080,"The Chase (Fox and O'Hare, #2)","Janet Evanovich, Lee Goldberg",https://covers.openlibrary.org/b/isbn/9780345543080-L.jpg,covers/9780345543080.jpg,ok_openlibrary
,"Her Final Breath (Tracy Crosswhite, #2)",Robert Dugoni,,,not_found
9780143039660,Malgudi Days,"R.K. Narayan, Jhumpa Lahiri",,,not_found
9780671540660,The Shadow of the Torturer (The Book of the New Sun #1),Gene Wolfe,,,not_found
9780316194690,Ask the Passengers,A.S. King,,,not_found
9780575132500,"Foxglove Summer (Peter Grant, #5)",Ben Aaronovitch,,,not_found
9780875847470,Leading Change,John P. Kotter,,,not_found
9780099465640,The Grand Sophy,Georgette Heyer,,,not_found
9780226320620,The Road to Serfdom,Friedrich A. Hayek,,,not_found
9780385337500,"Lord John and the Brotherhood of the Blade  (Lord John Grey, #2)",Diana Gabaldon,,,not_found
9781400033450,Tar Baby,Toni Morrison,http://books.google.com/books/content?id=f2-PEAAAQBAJ&printsec=frontcover&img=1&zoom=1&source=gbs_api,covers/9781400033450.jpg,ok_googlebooks
9780812968380,Funny in Farsi: A Memoir of Growing Up Iranian in America,Firoozeh Dumas,http://books.google.com/books/content?id=71CaBdZSFnMC&printsec=frontcover&img=1&zoom=1&source=gbs_api,covers/9780812968380.jpg,ok_googlebooks
9780375700810,The Executioner's Song,Norman Mailer,,,not_found
9780399161480,"Suspect (Scott James & Maggie, #1)",Robert Crais,,,not_found
9780140320980,The Twenty-One Balloons,William Pène du Bois,,,not_found
9780399157680,"Stolen Prey (Lucas Davenport, #22)",John Sandford,,,not_found
9780465067110,The Design of Everyday Things,Donald A. Norman,,,not_found
9780007236340,Damaged: The Heartbreaking True Story of a Forgotten Child,Cathy Glass,,,not_found
9780439632510,Running Out of Time,Margaret Peterson Haddix,,,not_found
9780399154910,Tribute,Nora Roberts,,,not_found
9780739420230,"16 Lighthouse Road (Cedar Cove, #1)",Debbie Macomber,,,not_found
9780671737630,"Something Wonderful (Sequels, #2)",Judith McNaught,,,not_found
9781578562590,Having a Mary Heart in a Martha World: Finding Intimacy With God in the Busyness of Life,Joanna Weaver,,,not_found
9780553381340,A Man in Full,Tom Wolfe,,,not_found
9780061706550,I'd Know You Anywhere,Laura Lippman,,,not_found
,Wake (Watersong #1),Amanda Hocking,,,not_found
,A Dark Lure,Loreth Anne White,,,not_found
9781433672960,7: An Experimental Mutiny Against Excess,Jen Hatmaker,http://books.google.com/books/content?id=H4_KwAEACAAJ&printsec=frontcover&img=1&zoom=1&source=gbs_api,covers/9781433672960.jpg,ok_googlebooks
9780062200460,"Sense & Sensibility (The Austen Project, #1)",Joanna Trollope,,,not_found
9780763665660,The Strange and Beautiful Sorrows of Ava Lavender,Leslye Walton,,,not_found
,"The Mind Readers (Mind Readers, #1)",Lori Brighton,,,not_found
9780099447120,Independence Day,Richard Ford,,,not_found
9780380842930,Sacajawea (Lewis & Clark Expedition),Anna Lee Waldo,,,not_found
9780575095780,"Archangel's Consort (Guild Hunter, #3)",Nalini Singh,,,not_found
9781616552950,"Avatar: The Last Airbender (The Rift, #1)","Gene Luen Yang, Michael Dante DiMartino, Bryan Konietzko, Gurihiru",,,not_found
,"Deep (Stage Dive, #4)",Kylie Scott,,,not_found
9781416543830,"The Last Patriot (Scot Harvath, #7)",Brad Thor,,,not_found
9781416928060,"Leven Thumps and the Gateway to Foo (Leven Thumps, #1)",Obert Skye,,,not_found
9781414368180,Bridge to Haven,Francine Rivers,,,not_found
9780345498120,Starter for Ten,David Nicholls,https://covers.openlibrary.org/b/isbn/9780345498120-L.jpg,covers/9780345498120.jpg,ok_openlibrary
9780590664880,"Runaway Ralph (Ralph S. Mouse, #2)",Beverly Cleary,,,not_found
9781301160820,"Creed (Unfinished Hero, #2)",Kristen Ashley,,,not_found
9780307958720,The Engagements,J. Courtney Sullivan,,,not_found
9780451460940,"Touch the Dark (Cassandra Palmer, #1)",Karen Chance,http://books.google.com/books/content?id=pnEvAyNcIzYC&printsec=frontcover&img=1&zoom=1&source=gbs_api,covers/9780451460940.jpg,ok_googlebooks
,"Forever Mine (The Moreno Brothers, #1)",Elizabeth Reyes,,,not_found
9780849945110,Blink,Ted Dekker,,,not_found
9780062320220,"The Black Widow (Gabriel Allon, #16)",Daniel Silva,,,not_found
9780385495320,The Code Book: The Science of Secrecy from Ancient Egypt to Quantum Cryptography,Simon Singh,,,not_found
9781599901190,"The Declaration (The Declaration, #1)",Gemma Malley,https://covers.openlibrary.org/b/isbn/9781599901190-L.jpg,covers/9781599901190.jpg,ok_openlibrary
9781570089270,Believing Christ: The Parable of the Bicycle and Other Good News,Stephen E. Robinson,,,not_found
9780446359210,Carrion Comfort,Dan Simmons,,,not_found
9780440244170,"The Highlander's Touch (Highlander, #3)",Karen Marie Moning,,,not_found
9780307595650,The Smitten Kitchen Cookbook,Deb Perelman,,,not_found
9781401224680,"Superman: Earth One, Volume 1","J. Michael Straczynski, Shane Davis, Sandra Hope, Barbara Ciardo, Rob Leigh",,,not_found
9780312933530,Honor Among Thieves,Jeffrey Archer,,,not_found
9780800786650,Foxe's Book of Martyrs,"John Foxe, W. Grinton Berry",,,not_found
9781442440430,The Mortal Instruments (The Mortal Instruments #1-4),Cassandra Clare,,,not_found
9780345322210,"Wielding a Red Sword (Incarnations of Immortality, #4)",Piers Anthony,,,not_found
9780786816580,"The Cross of Lead (Crispin, #1)",Avi,,,not_found
9780060009240,"See Jane Score (Chinooks Hockey Team, #2)",Rachel Gibson,,,not_found
9780756405720,"Rosemary and Rue (October Daye, #1)",Seanan McGuire,,,not_found
9780441013460,"Another Fine Myth (Myth Adventures, #1)",Robert Lynn Asprin,,,not_found
9780312421850,A Yellow Raft in Blue Water,Michael Dorris,,,not_found
9780340893620,"Sapphique (Incarceron, #2)",Catherine Fisher,http://books.google.com/books/content?id=iq6HPQAACAAJ&printsec=frontcover&img=1&zoom=1&source=gbs_api,covers/9780340893620.jpg,ok_googlebooks
9781568584260,"Soccernomics: Why England Loses, Why Germany and Brazil Win, and Why the U.S., Japan, Australia, Turkey--and Even Iraq--Are Destined to Become the Kings of the World's Most Popular Sport","Simon Kuper, Stefan Szymanski",,,not_found
,Departure,A.G. Riddle,,,not_found
9780553567150,"Don't Die, My Love",Lurlene McDaniel,,,not_found
9780764524840,How to Cook Everything Vegetarian: Simple Meatless Recipes for Great Food,Mark Bittman,,,not_found
9781250061780,A Little Something Different,Sandy   Hall,,,not_found
9780062236680,This is the Story of a Happy Marriage,Ann Patchett,,,not_found
9781615579180,Diary of a Wimpy Kid: #1-4,Jeff Kinney,,,not_found
9781449461070,Lullabies,Lang Leav,,,not_found
9781590382230,The Peacegiver: How Christ Offers to Heal Our Hearts and Homes,James L. Ferrell,,,not_found
9780515137120,Birthright,Nora Roberts,,,not_found
9780099268700,Cod: A Biography of the Fish that Changed the World,Mark Kurlansky,,,not_found
9780099478480,Brighton Rock,"Graham Greene, J.M. Coetzee",,,not_found
9780393322580,The Feminine Mystique,"Betty Friedan, Anna Quindlen",,,not_found
9789953566180,كخه يا بابا,عبدالله المغلوث,,,not_found
9780307264240,A Mercy,Toni Morrison,,,not_found
9780670021150,"Stones Into Schools: Promoting Peace With Books, Not Bombs, in Afghanistan and Pakistan","Greg Mortenson, Khaled Hosseini",,,not_found
9781453720690,"Rock Chick Redemption (Rock Chick, #3)",Kristen Ashley,,,not_found
9781579126960,"The Mystery of the Blue Train (Hercule Poirot, #6)",Agatha Christie,,,not_found
9780553573860,Zodiac,Neal Stephenson,,,not_found
9780316097410,"Private #1 Suspect (Private, #2)","James Patterson, Maxine Paetro",,,not_found
9780446575060,The Defining Decade: Why Your Twenties Matter--And How to Make the Most of Them Now,Meg Jay,,,not_found
,استمتع بحياتك,محمد عبد الرحمن العريفي,,,not_found
9780307588920,"Think of a Number (Dave Gurney, #1)",John Verdon,https://covers.openlibrary.org/b/isbn/9780307588920-L.jpg,covers/9780307588920.jpg,ok_openlibrary
9781582408290,"The Walking Dead, Vol. 07: The Calm Before","Robert Kirkman, Charlie Adlard, Cliff Rathburn",,,not_found
9780747553860,Pastoralia,George Saunders,,,not_found
9780307265630,The Hidden Reality: Parallel Universes and the Deep Laws of the Cosmos,Brian Greene,https://covers.openlibrary.org/b/isbn/9780307265630-L.jpg,covers/9780307265630.jpg,ok_openlibrary
9781844285080,Curious George Rides a Bike,H.A. Rey,,,not_found
9780671655980,Methuselah's Children,Robert A. Heinlein,,,not_found
9781563896170,"Preacher, Volume 8: All Hell's a-Coming","Garth Ennis, Steve Dillon, John McCrea",,,not_found
9780062124360,"Hana (Delirium, #1.5)",Lauren Oliver,http://books.google.com/books/content?id=MqmoiLLjzIgC&printsec=frontcover&img=1&zoom=1&edge=curl&source=gbs_api,covers/9780062124360.jpg,ok_googlebooks
9781880418730,"The Little Sisters of Eluria (The Dark Tower, #0.5)","Stephen King, Michael Whelan",,,not_found
9780425198920,"The Magical Worlds of Harry Potter: A Treasury of Myths, Legends, and Fascinating Facts",David Colbert,http://books.google.com/books/content?id=ppgd0HQomUkC&printsec=frontcover&img=1&zoom=1&edge=curl&source=gbs_api,covers/9780425198920.jpg,ok_googlebooks
9780679886330,"Inside, Outside, Upside Down (Berenstain Bears Bright and Early Board Book)","Stan Berenstain, Jan Berenstain",,,not_found
,"A Shadow of Light (A Shade of Vampire, #4)",Bella Forrest,,,not_found
9780399156140,"The First Rule (Elvis Cole, #13; Joe Pike, #2)",Robert Crais,,,not_found
9780763619620,The Dot,Peter H. Reynolds,,,not_found
9780425188930,The Damnation Game,Clive Barker,,,not_found
9781599901670,"Forest Born (The Books of Bayern, #4)",Shannon Hale,,,not_found
9781416918740,"Private (Private, #1)",Kate Brian,,,not_found
9780060002110,Ignorance,"Milan Kundera, Linda Asher",,,not_found
,نادي السيارات,"Alaa Al Aswany, علاء الأسواني",,,not_found
9780385340230,Sisters,Danielle Steel,,,not_found
9780553294610,The Difference Engine ,"William Gibson, Bruce Sterling",,,not_found
9781563895200,"Preacher, Volume 7: Salvation","Garth Ennis, Steve Dillon",,,not_found
9780062102420,How Will You Measure Your Life?,"Clayton M. Christensen, James Allworth, Karen Dillon",,,not_found
9780763655980,I Want My Hat Back,Jon Klassen,,,not_found
9780786932280,"The Lone Drow (Forgotten Realms: Hunter's Blades, #2; Legend of Drizzt, #15)",R.A. Salvatore,,,not_found
9782266127740,Bonjour tristesse,Françoise Sagan,,,not_found
,"Forever with You (Fixed, #3)",Laurelin Paige,,,not_found
9781466867500,"Cometh the Hour (The Clifton Chronicles, #6)",Jeffrey Archer,,,not_found
9781402792810,A Walk Across the Sun,Corban Addison,,,not_found
9780575099130,House of Suns,Alastair Reynolds,,,not_found
9781594561760,The Black Cat,Edgar Allan Poe,,,not_found
9780886773690,Armor,John Steakley,,,not_found
9781250010070,Don't Go,Lisa Scottoline,,,not_found
9781930900240,The Brothers Lionheart,"Astrid Lindgren, Ilon Wikland, Jill M. Morgan",,,not_found
9780739429330,"Q is for Quarry (Kinsey Millhone, #17)",Sue Grafton,,,not_found
9780749934190,"Loyalty in Death (In Death, #9)","J.D. Robb, Susan Ericksen",,,not_found
,"Beautiful Bombshell (Beautiful Bastard, #2.5)",Christina Lauren,,,not_found
9780340830110,The Ship of Brides,Jojo Moyes,,,not_found
9780670031600,"Why We Suck: A Feel Good Guide to Staying Fat, Loud, Lazy and Stupid",Denis Leary,,,not_found
9780440867580,The Story of Tracy Beaker,"Jacqueline Wilson, Nick Sharratt",,,not_found
9780425200410,"Generation Kill: Devil Dogs, Iceman, Captain America, and the New Face of American War",Evan Wright,,,not_found
9780061240880,"Playing with Fire (Skulduggery Pleasant, #2)",Derek Landy,,,not_found
,"Hostile Witness (Witness Series, #1)",Rebecca Forster,,,not_found
9780747236380,The Servants of Twilight,"Leigh Nichols, Dean Koontz",,,not_found
9780399155020,"Moscow Rules (Gabriel Allon, #8)",Daniel Silva,,,not_found
9781101874940,Lab Girl,Hope Jahren,,,not_found
,A Death in Sweden,Kevin Wignall,,,not_found
9780671553030,Harvest,Tess Gerritsen,,,not_found
9780316156300,"Sons of Destiny (Cirque Du Freak, #12)",Darren Shan,,,not_found
9780786918120,"The Icewind Dale Trilogy Collector's Edition (Forgotten Realms: Icewind Dale, #1-3; Legend of Drizzt, #4-6)",R.A. Salvatore,,,not_found
9780440222680,Fade Away (Myron Bolitar #3),Harlan Coben,,,not_found
9780060935500,Amadeus,Peter Shaffer,http://books.google.com/books/content?id=Le-sxf8U5p0C&printsec=frontcover&img=1&zoom=1&edge=curl&source=gbs_api,covers/9780060935500.jpg,ok_googlebooks
9780312569040,"Monument 14 (Monument 14, #1)",Emmy Laybourne,,,not_found
9780060598330,The Saving Graces,Patricia Gaffney,,,not_found
9780307354170,Everyday Food: Great Food Fast,Martha Stewart,,,not_found
9780060727220,"The Black Lyon (Montgomery/Taggert, #1)",Jude Deveraux,,,not_found
9781594489430,Grace (Eventually): Thoughts on Faith,Anne Lamott,,,not_found
9781408319470,"Slated (Slated, #1)",Teri Terry,,,not_found
9789799731230,Bumi Manusia,Pramoedya Ananta Toer,,,not_found
,"Hollywood Dirt (Hollywood Dirt, #1)",Alessandra Torre,,,not_found
9780843958450,"Dark Gold (Dark, #3)",Christine Feehan,,,not_found
9780743294390,"206 Bones (Temperance Brennan, #12)",Kathy Reichs,,,not_found
9780375409290,A Gate at the Stairs,Lorrie Moore,,,not_found
9780140187720,Martin Eden,"Jack London, Andrew Sinclair",,,not_found
9781401235640,"Wonder Woman, Volume 1: Blood","Brian Azzarello, Cliff Chiang, Tony Akins, Dan Green, Matthew Wilson, Jared K. Fletcher",,,not_found
9788370541250,"Wieża Jaskółki (Saga o Wiedźminie, #6)",Andrzej Sapkowski,,,not_found
9780692221910,Loving Mr. Daniels,Brittainy C. Cherry,,,not_found
9781904271350,"King Henry IV, Part 1 (Wars of the Roses, #2)","William Shakespeare, David Scott Kastan",,,not_found
9781427817420,"Deadman Wonderland, Volume 1 (Deadman Wonderland, #1)","Jinsei Kataoka, Kazuma Kondou",,,not_found
,"No Man's Land (John Puller, #4)",David Baldacci,,,not_found
9780385339520,"Genghis: Lords of the Bow (Conqueror, #2)",Conn Iggulden,,,not_found
9781612184650,The Bloodletter's Daughter: A Novel of Old Bohemia,Linda Lafferty,,,not_found
,"Welcome to Shadowhunter Academy (Tales from the Shadowhunter Academy, #1)","Cassandra Clare, Sarah Rees Brennan",,,not_found
9780822210790,Steel Magnolias (DPS Acting Edition),Robert Harling,,,not_found
9780316236540,"Go Away, Big Green Monster!",Ed Emberley,,,not_found
9780449911940,Rabbit at Rest (Rabbit Angstrom #4),John Updike,,,not_found
9780688163660,"The Lives of Christopher Chant (Chrestomanci, #2)",Diana Wynne Jones,,,not_found
9780553383060,Fevre Dream,George R.R. Martin,,,not_found
9780553582900,Icebound,"David Axton, Dean Koontz",,,not_found
9780803725510,Snowmen at Night,"Caralyn Buehner, Mark Buehner",,,not_found
9780451528900,"Common Sense, The Rights of Man and Other Essential Writings","Thomas Paine, Sidney Hook, Jack Fruchtman Jr.",,,not_found
9780062285540,The Good Luck of Right Now,Matthew Quick,,,not_found
9780375424490,"The Miracle at Speedy Motors (No.1 Ladies' Detective Agency, #9)",Alexander McCall Smith,,,not_found
,The Pecan Man,Cassie Dandridge Selleck,,,not_found
9780142002050,"Goldfinger (James Bond, #7)",Ian Fleming,,,not_found
9783746611100,"Nana (Les Rougon-Macquart, #9)",Émile Zola,,,not_found
9781442454150,"Rise of the Elgen (Michael Vey, #2)",Richard Paul Evans,,,not_found
9780307356370,The Abstinence Teacher,Tom Perrotta,,,not_found
9780743417330,Cabal,Clive Barker,,,not_found
9780812541620,The Runelords (Runelords #1),David Farland,,,not_found
9780241963750,The Other Typist,Suzanne Rindell,,,not_found
9780399157070,"The Sentry (Elvis Cole, #14; Joe Pike, #3)",Robert Crais,,,not_found
9781456527730,"Sempre (Sempre, #1)",J.M. Darhower,,,not_found
9780425270680,"Magic Shifts (Kate Daniels, #8)",Ilona Andrews,,,not_found
9781478314610,"Futures and Frosting (Chocolate Lovers, #2)",Tara Sivec,,,not_found
9780141311420,Going Solo,"Roald Dahl, Quentin Blake",,,not_found
9781841498870,"The Dragon's Path (The Dagger and the Coin, #1)",Daniel Abraham,,,not_found
9780553573760,Mariana,Susanna Kearsley,,,not_found
9780151686570,Old Possum's Book of Practical Cats,"T.S. Eliot, Edward Gorey",,,not_found
9781471132970,"The Taming of the Queen (The Plantagenet and Tudor Novels, #11)",Philippa Gregory,,,not_found
9781565849940,"The Man Who Smiled (Kurt Wallander, #4)","Henning Mankell, Laurie Thompson",,,not_found
9780312947060,One Silent Night (Dark-Hunter #15),Sherrilyn Kenyon,,,not_found
9781931514610,"Paradise Kiss, Vol. 1 (Paradise Kiss, #1)",Ai Yazawa,,,not_found
9781591842250,Talent is Overrated: What Really Separates World-Class Performers from Everybody Else,Geoff Colvin,,,not_found
9780743468400,"The Warrior's Apprentice (Vorkosigan Saga, #2)",Lois McMaster Bujold,,,not_found
9780786838820,"Clementine (Clementine, #1)","Sara Pennypacker, Marla Frazee",https://covers.openlibrary.org/b/isbn/9780786838820-L.jpg,covers/9780786838820.jpg,ok_openlibrary
9780810993240,"The Unusual Suspects (The Sisters Grimm, #2)","Michael Buckley, Peter Ferguson",,,not_found
9780805017230,The Complete Phantom of the Opera,"George C. Perry, Clive Barda, Jane Rice, Andrew Lloyd Webber",,,not_found
9780345334310,"The Ship Who Sang (Brainship, #1)",Anne McCaffrey,,,not_found
,"Blood Rites (The Grey Wolves, #2)",Quinn Loftis,,,not_found
9780060608520,Life Together: The Classic Exploration of Christian Community,Dietrich Bonhoeffer,,,not_found
,"Carter Reed (Carter Reed, #1)",Tijan,,,not_found
9781455500130,"Cold Vengeance (Pendergast, #11)","Douglas Preston, Lincoln Child",https://covers.openlibrary.org/b/isbn/9781455500130-L.jpg,covers/9781455500130.jpg,ok_openlibrary
9780345418490,"White Gold Wielder (The Second Chronicles of Thomas Covenant, #3)",Stephen R. Donaldson,,,not_found
9789953890590,عابر سرير,"أحلام مستغانمي, Ahlam Mosteghanemi",,,not_found
9780765377080,"The Dark Forest (Remembrance of Earth’s Past, #2)","Liu Cixin, Joel Martinsen",,,not_found
9781841499000,"Blackout (Newsflesh Trilogy, #3)",Mira Grant,,,not_found
9780451456720,"Heir to the Shadows (The Black Jewels, #2)",Anne Bishop,,,not_found
9781492103740,"Tears of Tess (Monsters in the Dark, #1)",Pepper Winters,,,not_found
9780752815400,"Guilty as Sin  (Deer Lake, #2)",Tami Hoag,,,not_found
9780446610020,"Kushiel's Scion (Imriel's Trilogy, #1)",Jacqueline Carey,,,not_found
9780441010650,Chasm City,Alastair Reynolds,,,not_found
9780230744270,"The Lost Child of Philomena Lee: A Mother, Her Son and a 50 Year Search",Martin Sixsmith,,,not_found
9780545010310,Let's Pretend This Never Happened (Dear Dumb Diary #1),Jim Benton,,,not_found
9780786868920,"Breaking Night: A Memoir of Forgiveness, Survival, and My Journey from Homeless to Harvard",Liz Murray,,,not_found
9780345516530,Under the Wide and Starry Sky,Nancy Horan,,,not_found
9780399157040,"Treachery in Death (In Death, #32)","J.D. Robb, Nora Roberts",,,not_found
9780143039570,The Adventures of Augie March,"Saul Bellow, Christopher Hitchens",,,not_found
9780743225080,"Man and Boy (Harry Silver, #1)",Tony Parsons,,,not_found
9780330353820,The Memoirs of Cleopatra,Margaret George,,,not_found
9780804138570,Bittersweet,Miranda Beverly-Whittemore,,,not_found
9780553342540,In Search of Schrödinger's Cat: Quantum Physics and Reality,John Gribbin,,,not_found
9780345808000,All My Puny Sorrows,Miriam Toews,,,not_found
9780765357050,"The Keep (Adversary Cycle, #1)",F. Paul Wilson,,,not_found
,"This Heart of Mine (Chicago Stars, #5)",Susan Elizabeth Phillips,,,not_found
9780345505510,"The Jefferson Key (Cotton Malone, #7)",Steve Berry,,,not_found
9780446603780,"Dawn (Xenogenesis, #1)",Octavia E. Butler,,,not_found
9780316101880,"Middle School: The Worst Years of My Life (Midde School, #1)","James Patterson, Chris Tebbetts, Laura Park",,,not_found
,"Twisted (Tangled, #2)",Emma Chase,,,not_found
9780553383670,"The Google Story: Inside the Hottest Business, Media, and Technology Success of Our Time",David A. Vise,,,not_found
9780698410430,"Rebel of the Sands (Rebel of the Sands, #1)",Alwyn Hamilton,,,not_found
9781933633630,Every Man Dies Alone,"Hans Fallada, Michael Hofmann, Geoff Wilkes",,,not_found
9780545208860,"The Cloud Searchers (Amulet, #3)",Kazu Kibuishi,,,not_found
9780425178580,"Betrayal in Death (In Death, #12)","J.D. Robb, Nora Roberts",,,not_found
9781590383640,"Pillar of Light (The Work and the Glory, #1)",Gerald N. Lund,,,not_found
9780441005670,"Forever Peace (The Forever War, #2)",Joe Haldeman,,,not_found
9780618709860,In the Lake of the Woods,Tim O'Brien,,,not_found
9781501126220,Lily and the Octopus,Steven  Rowley,,,not_found
9780425153970,The Eyes of Darkness,"Leigh Nichols, Dean Koontz",https://covers.openlibrary.org/b/isbn/9780425153970-L.jpg,covers/9780425153970.jpg,ok_openlibrary
9782290011160,Alien,Alan Dean Foster,,,not_found
9780312949820,"Tempt Me at Twilight (The Hathaways, #3)","Lisa Kleypas, Rosalyn Landor",,,not_found
9781402798440,"Tiger's Destiny (The Tiger Saga, #4)",Colleen Houck,,,not_found
9780571297890,Apple Tree Yard,Louise Doughty,,,not_found
9780440222700,Back Spin (Myron Bolitar #4),Harlan Coben,,,not_found
9780316127200,"Heartless (Parasol Protectorate, #4)",Gail Carriger,,,not_found
9781937053410,"Elixir (Covenant, #3.5)",Jennifer L. Armentrout,,,not_found
9780062224860,Big Girl Panties,Stephanie Evanovich,,,not_found
9780312605380,"Married By Morning (The Hathaways, #4)",Lisa Kleypas,,,not_found
9782841873910,The Ice Limit (Ice Limit #1),"Douglas Preston, Lincoln Child",,,not_found
9780671870120,Saving Grace,Julie Garwood,,,not_found
,"Hero (Hero, #1)",Samantha Young,,,not_found
9781400041980,Pnin,"Vladimir Nabokov, David Lodge",,,not_found
9780764200110,"When Calls the Heart (Canadian West, #1)",Janette Oke,,,not_found
9780345322230,"Being a Green Mother (Incarnations of Immortality, #5)",Piers Anthony,,,not_found
9781905294960,"The Inkheart Trilogy: Inkheart, Inkspell, Inkdeath (Inkworld, #1-3)",Cornelia Funke,,,not_found
9780140436040,The Monk,Matthew      Lewis,,,not_found
9780399168800,"Gathering Prey (Lucas Davenport, #25)",John Sandford,,,not_found
9780385532460,Ford County,John Grisham,,,not_found
9784770019580,Musashi,"Eiji Yoshikawa, Charles Terry, Edwin O. Reischauer",,,not_found
9780545052430,"Finally (Willow Falls, #2)",Wendy Mass,http://books.google.com/books/content?id=lWnbmAEACAAJ&printsec=frontcover&img=1&zoom=1&source=gbs_api,covers/9780545052430.jpg,ok_googlebooks
9781419176520,The Overcoat,Nikolai Gogol,,,not_found
,The Baller: A Down and Dirty Football Novel,Vi Keeland,,,not_found
9780345522020,Songs of Willow Frost,Jamie Ford,,,not_found
9780743437810,"The Vanished Man (Lincoln Rhyme, #5)",Jeffery Deaver,,,not_found
9780312340700,"Jar City (Inspector Erlendur, #3)","Arnaldur Indriðason, Bernard Scudder",,,not_found
9780310211880,"Fresh Wind, Fresh Fire: What Happens When God's Spirit Invades the Heart of His People","Jim Cymbala, Dean Merrill",,,not_found
9780316211220,"Second Honeymoon (Honeymoon, #2)","James Patterson, Howard Roughan",,,not_found
,"Remy (Real, #3)",Katy Evans,,,not_found
,"Rock Chick Revenge (Rock Chick, #5)",Kristen Ashley,,,not_found
9780786891120,Brain Droppings,George Carlin,,,not_found
9780439903450,"Swindle (Swindle, #1)",Gordon Korman,,,not_found
9780399256160,One for the Murphys,Lynda Mullaly Hunt,,,not_found
9780440351830,Man and His Symbols,"C.G. Jung, Joseph L. Henderson, Aniela Jaffé, Jolande Jacobi, John Freeman, Marie-Louise von Franz",,,not_found
9780062128030,"The Madman’s Daughter (The Madman’s Daughter, #1)",Megan Shepherd,,,not_found
9781596436240,Relish: My Life in the Kitchen,Lucy Knisley,,,not_found
9786133213680,Pretty Little Liars (TV Series),Lambert M. Surhone,,,not_found
9780062081860,"Ruthless (Pretty Little Liars, #10)",Sara Shepard,,,not_found
9780399162180,The Secret Life of Violet Grant,Beatriz Williams,,,not_found
9780439846650,"Charlie Bone and the Beast (The Children of the Red King, #6)",Jenny Nimmo,,,not_found
9780803739090,What I Thought Was True,Huntley Fitzpatrick,http://books.google.com/books/content?id=HWqJDQAAQBAJ&printsec=frontcover&img=1&zoom=1&edge=curl&source=gbs_api,covers/9780803739090.jpg,ok_googlebooks
9780765336420,"The Providence of Fire (Chronicle of the Unhewn Throne, #2)",Brian Staveley,,,not_found
9781591843120,Making Ideas Happen: Overcoming the Obstacles Between Vision and Reality,Scott Belsky,,,not_found
9780300115470,Existentialism Is a Humanism,"Jean-Paul Sartre, Arlette Elkaïm-Sartre, Annie Cohen-Solal, Carol Macomber",,,not_found
9780679456210,My Life on the Road,Gloria Steinem,,,not_found
,"Deep Down (Jack Reacher, #16.5)",Lee Child,,,not_found
9780439643630,The Little Match Girl,"Hans Christian Andersen, Rachel Isadora",,,not_found
9780156031560,The Places in Between,Rory Stewart,,,not_found
9780061767610,"Sweet Little Lies (L.A. Candy, #2)",Lauren Conrad,,,not_found
9780425280100,"Stars of Fortune (The Guardians Trilogy, #1)",Nora Roberts,,,not_found
,"Knight & Play (Knight, #1)",Kitty French,,,not_found
,"Queen of Fire (Raven's Shadow, #3)",Anthony  Ryan,,,not_found
9780062123750,I Suck at Girls,Justin Halpern,,,not_found
9780425205970,"Cat Among the Pigeons (Hercule Poirot, #32)",Agatha Christie,,,not_found
9780385535300,Paris,Edward Rutherfurd,,,not_found
9780543895880,Captains Courageous,Rudyard Kipling,,,not_found
9780486270650,The Necklace and Other Short Stories,Guy de Maupassant,,,not_found
9780345371980,Last Chance to See,"Douglas Adams, Mark Carwardine",https://covers.openlibrary.org/b/isbn/9780345371980-L.jpg,covers/9780345371980.jpg,ok_openlibrary
9780425208850,"Shadow Prey (Lucas Davenport, #2)",John Sandford,,,not_found
9780446694250,Void Moon,Michael Connelly,,,not_found
9781250076430,The Forgetting Time,Sharon Guskin,,,not_found
9788466302200,Violin,Anne Rice,,,not_found
9780399256190,"The Lost Stories (Ranger's Apprentice, #11)",John Flanagan,,,not_found
9781421501700,"Death Note, Vol. 3: Hard Run (Death Note, #3)","Tsugumi Ohba, Takeshi Obata",,,not_found
9781921794090,Saving June,Hannah Harrington,,,not_found
9780451475500,"Eeny Meeny (Helen Grace, #1)",M.J. Arlidge,,,not_found
,"The Dry (Aaron Falk, #1)",Jane Harper,,,not_found
9780679736390,Darkness Visible: A Memoir of Madness,William Styron,,,not_found
9781250003330,"Of Triton (The Syrena Legacy, #2)",Anna Banks,,,not_found
9780553807720,What the Night Knows,Dean Koontz,,,not_found
9780345418460,"The Wounded Land (The Second Chronicles of Thomas Covenant, #1)",Stephen R. Donaldson,,,not_found
9780312420340,Crash,J.G. Ballard,,,not_found
9780374379930,Dead End in Norvelt,Jack Gantos,,,not_found
9780380811960,How to Talk So Kids Will Listen & Listen So Kids Will Talk,"Adele Faber, Elaine Mazlish, Kimberly Ann Coe",,,not_found
9780486277900,Self-Reliance and Other Essays,Ralph Waldo Emerson,,,not_found
9781459245950,"Afterburn (Jax & Gia, #1)",Sylvia Day,,,not_found
9780879101370,Fiddler on the Roof,"Joseph Stein, Jerry Bock, Sheldon Harnick",,,not_found
9781451657710,In the Shadow of the Banyan,Vaddey Ratner,,,not_found
9781439147980,"Spider's Bite (Elemental Assassin, #1)",Jennifer Estep,,,not_found
9780385732960,"All-of-a-Kind Family (All-of-a-Kind Family, #1)",Sydney Taylor,,,not_found
9780375701050,Personal History,Katharine Graham,,,not_found
9780806501900,The Broken Wings,"Kahlil Gibran, Anthony R. Ferris",,,not_found
,CyberStorm,Matthew Mather,,,not_found
9780062116860,"Blood of Dragons (Rain Wild Chronicles, #4)",Robin Hobb,,,not_found
9780345396560,"Ilse Witch (Voyage of the Jerle Shannara, #1)",Terry Brooks,,,not_found
9780446554990,"Two Graves (Pendergast, #12)","Douglas Preston, Lincoln Child",,,not_found
9780312983280,Full House (Full #1),"Janet Evanovich, Charlotte Hughes",,,not_found
9780061714310,"Kill the Dead (Sandman Slim, #2)",Richard Kadrey,http://books.google.com/books/content?id=KBZ-lwEACAAJ&printsec=frontcover&img=1&zoom=1&source=gbs_api,covers/9780061714310.jpg,ok_googlebooks
9780752860560,"Sepulchre (Languedoc, #2)",Kate Mosse,,,not_found
9780060540750,Loser,Jerry Spinelli,,,not_found
9780450837320,A Bridge Too Far,Cornelius Ryan,,,not_found
,"Saint Odd (Odd Thomas, #7)",Dean Koontz,,,not_found
9780425247550,"Kiss the Dead (Anita Blake, Vampire Hunter #21)",Laurell K. Hamilton,,,not_found
9780684804520,The Garden of Eden,Ernest Hemingway,,,not_found
9780345418470,"The One Tree (The Second Chronicles of Thomas Covenant, #2)",Stephen R. Donaldson,,,not_found
9780425219430,"Sweet Surrender (Sweet, #1)",Maya Banks,,,not_found
9780812992180,Vagabonding: An Uncommon Guide to the Art of Long-Term World Travel,Rolf Potts,,,not_found
9781482334300,"Surrender Your Love (Surrender Your Love, #1)",J.C. Reed,,,not_found
9780743406570,Fargo Rock City: A Heavy Metal Odyssey in Rural North Dakota,Chuck Klosterman,,,not_found
,Wave,Sonali Deraniyagala,,,not_found
9780307589680,"I Am Nujood, Age 10 and Divorced","Nujood Ali, Delphine Minoui, Linda Coverdale",,,not_found
9780886775990,"To Green Angel Tower, Part 1 (Memory, Sorrow, and Thorn, #3; Part 1)",Tad Williams,,,not_found
9780316033980,To Rise Again at a Decent Hour,Joshua Ferris,,,not_found
9780425213610,"Wicked Ties (Wicked Lovers, #1)",Shayla Black,,,not_found
9780525953180,Influx,Daniel Suarez,https://covers.openlibrary.org/b/isbn/9780525953180-L.jpg,covers/9780525953180.jpg,ok_openlibrary
9780836217700,Homicidal Psycho Jungle Cat: A Calvin and Hobbes Collection,Bill Watterson,,,not_found
9781416947370,Dear Zoo: A Lift-the-Flap Book,Rod Campbell,https://covers.openlibrary.org/b/isbn/9781416947370-L.jpg,covers/9781416947370.jpg,ok_openlibrary
9780571199980,Proof,David Auburn,,,not_found
9780345376050,The Feast of All Saints,Anne Rice,,,not_found
9780394720950,"Master of the Senate (The Years of Lyndon Johnson, #3)",Robert A. Caro,,,not_found
9780441653040,"The Past Through Tomorrow (Future History, #1-21)","Robert A. Heinlein, Damon Knight",,,not_found
9780449912450,Arch of Triumph: A Novel of a Man Without a Country,Erich Maria Remarque,,,not_found
9780399157220,"Port Mortuary (Kay Scarpetta, #18)",Patricia Cornwell,,,not_found
9780375814240,The Wonderful Story of Henry Sugar and Six More,Roald Dahl,,,not_found
9780553295410,"Fire Sea (The Death Gate Cycle, #3)","Margaret Weis, Tracy Hickman",,,not_found
9781423160920,"The Hammer of Thor (Magnus Chase and the Gods of Asgard, #2)",Rick Riordan,,,not_found
9781563890970,The Death of Superman,"Dan Jurgens, Jerry Ordway, Louise Simonson, Roger Stern, Jon Bogdanove, Tom Grummett, Jackson Butch Guice, Brett Breeding, Rick Burchett, Doug Hazlewood, Dennis Janke, Denis Rodier",,,not_found
9781841959120,The Raw Shark Texts,Steven Hall,,,not_found
9780743236710,"Far from the Tree: Parents, Children, and the Search for Identity",Andrew Solomon,,,not_found
9780802757690,"Real Murders (Aurora Teagarden, #1)",Charlaine Harris,,,not_found
9780679826420,"Junie B. Jones and the  Stupid Smelly Bus (Junie B. Jones, #1)","Barbara Park, Denise Brunkus",,,not_found
9780385344420,"Burned (Fever, #7)",Karen Marie Moning,,,not_found
9780060882860,The Autumn of the Patriarch,"Gabriel García Márquez, Gregory Rabassa",,,not_found
9780307957240,Hallucinations,Oliver Sacks,,,not_found
9781496166400,The Murders in the Rue Morgue,Edgar Allan Poe,,,not_found
9780316014560,Sweethearts,Sara Zarr,,,not_found
9780007201780,"Bones of the Hills (Conqueror, #3)",Conn Iggulden,,,not_found
9780434017840,The Monsters of Templeton,Lauren Groff,,,not_found
9780425263150,"Midnight Crossroad (Midnight, Texas, #1)",Charlaine Harris,,,not_found
9780451458220,The Summer Tree (The Fionavar Tapestry #1),Guy Gavriel Kay,,,not_found
9780064400960,"Betsy-Tacy (Betsy-Tacy, #1)","Maud Hart Lovelace, Lois Lenski",,,not_found
9780743294390,"Devil Bones (Temperance Brennan, #11)",Kathy Reichs,,,not_found
9780373210570,"The Lost Prince (The Iron Fey: Call of the Forgotten, #1)",Julie Kagawa,,,not_found
9780553584710,"Catering to Nobody (A Goldy Bear Culinary Mystery, #1)",Diane Mott Davidson,,,not_found
9781401911840,Change Your Thoughts - Change Your Life: Living the Wisdom of the Tao,Wayne W. Dyer,,,not_found
9780345412220,The Last Don,Mario Puzo,,,not_found
9789770930920,محال,"يوسف زيدان, Youssef Ziedan",,,not_found
9780743453030,"Cross Bones (Temperance Brennan, #8)",Kathy Reichs,,,not_found
9780060724500,"Ready or Not (All-American Girl, #2)",Meg Cabot,,,not_found
9780809015800,All But My Life: A Memoir,Gerda Weissmann Klein,,,not_found
9780553805440,The World of Ice & Fire: The Untold History of Westeros and the Game of Thrones,"George R.R. Martin, Elio M. García Jr., Linda Antonsson",,,not_found
9780688143210,Rikki-Tikki-Tavi,"Rudyard Kipling, Jerry Pinkney",,,not_found
9781401218380,"All-Star Superman, Vol. 2","Grant Morrison, Frank Quitely",,,not_found
9781484148040,"Lost & Found (Lost & Found, #1)",Nicole  Williams,,,not_found
9780380820860,"To Sir Phillip, With Love (Bridgertons, #5)",Julia Quinn,,,not_found
9781400097690,Miracle in the Andes,"Nando Parrado, Vince Rause",,,not_found
,"Half a War (Shattered Sea, #3)",Joe Abercrombie,,,not_found
,"Rock Chick Renegade (Rock Chick, #4)",Kristen Ashley,,,not_found
,"The Marriage Mistake (Marriage to a Billionaire, #3)",Jennifer Probst,,,not_found
9780689839110,"Among the Barons (Shadow Children, #4)",Margaret Peterson Haddix,,,not_found
9780803740820,The War that Saved My Life (The War That Saved My Life #1),"Kimberly Brubaker Bradley, مرضیه ورشوساز",,,not_found
9780439568420,"Say Cheese and Die! (Goosebumps, #4)",R.L. Stine,,,not_found
9780060837650,Jinx,Meg Cabot,,,not_found
9780060932300,"Sharpe's Tiger (Sharpe, #1)",Bernard Cornwell,,,not_found
9780141181740,Death in Venice and Other Tales,"Thomas Mann, Joachim Neugroschel",,,not_found
9780345539940,"As Chimney Sweepers Come to Dust (Flavia de Luce, #7)",Alan Bradley,,,not_found
9780312421990,What Was She Thinking? [Notes on a Scandal],Zoë Heller,,,not_found
9780446693790,"Dude, Where's My Country?",Michael Moore,https://covers.openlibrary.org/b/isbn/9780446693790-L.jpg,covers/9780446693790.jpg,ok_openlibrary
9780451475170,"The Beast (Black Dagger Brotherhood, #14)",J.R. Ward,,,not_found
9781892213750,"Cardcaptor Sakura: Master of the Clow, Vol. 1 (Cardcaptor Sakura, #7)","CLAMP, Anita Sengupta",,,not_found
9781460995460,"The Soulkeepers (The Soulkeepers, #1)",G.P. Ching,,,not_found
9780425215680,"Her Royal Spyness (Her Royal Spyness Mysteries, #1)",Rhys Bowen,,,not_found
9780425193940,"Sullivan's Island (Lowcountry Tales, #1)",Dorothea Benton Frank,,,not_found
9780439636480,Private Peaceful,Michael Morpurgo,,,not_found
9780446611920,Up Country,Nelson DeMille,,,not_found
9780812570820,"Rhapsody: Child of Blood (Symphony of Ages, #1)",Elizabeth Haydon,,,not_found
9781101585190,"Gunmetal Magic (Kate Daniels, #5.5)",Ilona Andrews,,,not_found
9780694006520,Jamberry,Bruce Degen,,,not_found
9780517223000,From Here to Eternity,James  Jones,https://covers.openlibrary.org/b/isbn/9780517223000-L.jpg,covers/9780517223000.jpg,ok_openlibrary
9780553278120,Doctors,Erich Segal,,,not_found
9781566562940,Samarkand,"Amin Maalouf, Russell Harris",,,not_found
9780399156880,"Indulgence in Death (In Death, #31)",J.D. Robb,,,not_found
9780307021530,The Little Red Caboose (Little Golden Book),Marian Potter,,,not_found
9780385670520,"Darkest Powers Trilogy (Darkest Powers, #1-3)",Kelley Armstrong,,,not_found
9780451226810,Pretty in Plaid,Jen Lancaster,,,not_found
9780875421190,Wicca: A Guide for the Solitary Practitioner,Scott Cunningham,,,not_found
9780141185460,All My Sons,"Arthur Miller, Christopher Bigsby",,,not_found
9780330425780,Graffiti Moon,Cath Crowley,,,not_found
9780688040450,Mufaro's Beautiful Daughters: An African Tale,John Steptoe,,,not_found
9780380818620,"Paladin of Souls (World of the Five Gods, #2)",Lois McMaster Bujold,,,not_found
9780670024960,Mastery,Robert Greene,,,not_found
9780743422000,"God Bless You, Dr. Kevorkian",Kurt Vonnegut Jr.,,,not_found
9781400078390,Learned Optimism: How to Change Your Mind and Your Life,Martin E.P. Seligman,,,not_found
9781416551060,A Homemade Life: Stories and Recipes from My Kitchen Table,Molly Wizenberg,,,not_found
9780590462260,The Littles,"John Lawrence Peterson, Roberta Carter Clark",,,not_found
9780061779850,"Desires of the Dead (The Body Finder, #2)",Kimberly Derting,,,not_found
9780689851320,"Homecoming (Tillerman Cycle, #1)",Cynthia Voigt,,,not_found
9780064440200,Amelia Bedelia and the Surprise Shower,"Peggy Parish, Barbara Siebel Thomas",,,not_found
9780440240980,"Spell of the Highlander (Highlander, #7)",Karen Marie Moning,,,not_found
9780440225450,One False Move (Myron Bolitar #5),Harlan Coben,,,not_found
9780553563700,"The Hand of Chaos (The Death Gate Cycle, #5)","Margaret Weis, Tracy Hickman",,,not_found
9780316230810,We Need New Names,NoViolet Bulawayo,https://covers.openlibrary.org/b/isbn/9780316230810-L.jpg,covers/9780316230810.jpg,ok_openlibrary
9780618007010,The Three Pigs,David Wiesner,,,not_found
9780380000840,The Guns of Avalon (The Chronicles of Amber #2),Roger Zelazny,,,not_found
,"Captive Prince: Volume Two (Captive Prince, #2)",C.S. Pacat,,,not_found
9780345338550,Follow the River,James Alexander Thom,,,not_found
9780425199330,"Trojan Odyssey (Dirk Pitt, #17)",Clive Cussler,,,not_found
9780435124780,The Great Gilly Hopkins,Katherine Paterson,,,not_found
9780425127580,The Mask,"Owen  West, Dean Koontz",,,not_found
9780743484910,Measure for Measure,"William Shakespeare, Barbara A. Mowat, Paul Werstine",,,not_found
9780544025840,Coming Clean,Kimberly Rae Miller,,,not_found
9781423176370,All Our Yesterdays,Cristin Terrill,,,not_found
9780141009830,Forever Amber ,Kathleen Winsor,,,not_found
9780241144150,Swing Time,Zadie Smith,,,not_found
9780375868700,"The Emerald Atlas (The Books of Beginning, #1)",John  Stephens,,,not_found
9780805073670,In Harm's Way: The Sinking of the U.S.S. Indianapolis and the Extraordinary Story of Its Survivors,Doug Stanton,,,not_found
9781598163220,"Chibi Vampire, Vol. 01",Yuna Kagesaki,,,not_found
,"Beautiful Beginning (Beautiful Bastard, #3.5)",Christina Lauren,,,not_found
9780525425880,Everything Leads to You,Nina LaCour,,,not_found
9780399237320,"Thank You, Mr. Falker",Patricia Polacco,,,not_found
9780399158440,The Peripheral,William Gibson,,,not_found
9780307269770,Too Much Happiness,Alice Munro,,,not_found
9780316058290,Jeremy Fink and the Meaning of Life,Wendy Mass,,,not_found
9780373605700,"The Siren (The Original Sinners, #1)",Tiffany Reisz,,,not_found
9781622669100,"Tempting the Best Man (Gamble Brothers, #1)","J. Lynn, Jennifer L. Armentrout",,,not_found
9780345505680,"Deception (Alex Delaware, #25)",Jonathan Kellerman,,,not_found
9780743263060,Ironweed,William  Kennedy,,,not_found
,"The Assassin and the Pirate Lord (Throne of Glass, #0.1)",Sarah J. Maas,,,not_found
9781408857910,"A Court of Wings and Ruin (A Court of Thorns and Roses, #3)",Sarah J. Maas,,,not_found
9780141019990,Stupid White Men,Michael Moore,,,not_found
9780618658950,The Great Railway Bazaar,Paul Theroux,,,not_found
9780007302150,"The Faceless Ones (Skulduggery Pleasant, #3)",Derek Landy,,,not_found
9781563894820,"Transmetropolitan, Vol. 2: Lust for Life (Transmetropolitan, #2)","Warren Ellis, Darick Robertson",,,not_found
9780441013650,"The Atrocity Archives (Laundry Files, #1)",Charles Stross,,,not_found
9780786888020,The Pleasure of My Company,Steve Martin,,,not_found
9780143036430,"Dark Fire (Matthew Shardlake, #2)",C.J. Sansom,,,not_found
9780142401420,"Outcast of Redwall (Redwall, #8)",Brian Jacques,,,not_found
9780385341070,Mister Pip,Lloyd Jones,,,not_found
9780393081500,Heft,Liz Moore,,,not_found
9780142409860,"Book of Shadows (Sweep, #1)",Cate Tiernan,,,not_found
9781559362760,Doubt,John Patrick Shanley,,,not_found
9780312348270,"Secrets of a Shoe Addict (Shoe Addict, #2)",Beth Harbison,,,not_found
9780307238280,Giada's Family Dinners,"Giada De Laurentiis, Victoria Pearson",http://books.google.com/books/content?id=ZbkxN1bEgVIC&printsec=frontcover&img=1&zoom=1&source=gbs_api,covers/9780307238280.jpg,ok_googlebooks
9780440238030,"Hawksong (The Kiesha'ra, #1)",Amelia Atwater-Rhodes,,,not_found
9780143037580,Fear and Trembling,"Søren Kierkegaard, Alastair Hannay",,,not_found
9781476792510,"After We Fell (After, #3)",Anna Todd,,,not_found
9781442152620,Elizabeth Street,Laurie Fabiano,,,not_found
9781439192990,"Black List (Scot Harvath, #11)",Brad Thor,,,not_found
,Binge,Tyler Oakley,,,not_found
,Black Lies,Alessandra Torre,,,not_found
9781594487290,How to Get Filthy Rich in Rising Asia,Mohsin Hamid,,,not_found
,"Rome (Marked Men, #3)","Jay Crownover, Charlotte Connan de vries",,,not_found
9780671726520,Kon-Tiki: Across The Pacific In A Raft,Thor Heyerdahl,,,not_found
9780060266880,"Come Back, Amelia Bedelia","Peggy Parish, Wallace Tripp",,,not_found
9780143039820,Relativity: The Special and the General Theory,"Albert Einstein, Nigel Calder, Robert W. Lawson",,,not_found
9780060988240,Getting Over It,Anna Maxted,,,not_found
9780545169170,The List,Siobhan Vivian,,,not_found
9780553378500,The Brothers K,David James Duncan,,,not_found
9780525952470,The Meaning of Marriage: Facing the Complexities of Commitment with the Wisdom of God,"Timothy J. Keller, Kathy  Keller",,,not_found
9780307591560,The Happiness Advantage: The Seven Principles of Positive Psychology That Fuel Success and Performance at Work,Shawn Achor,,,not_found
9780156029580,The Flanders Panel,"Arturo Pérez-Reverte, Margaret Jull Costa",,,not_found
9780765330540,"A Dog's Journey (A Dog's Purpose, #2)",W. Bruce Cameron,,,not_found
9781421501210,"MeruPuri, Vol. 1 (MeruPuri, #1)",Matsuri Hino,,,not_found
9781401225670,Batman & Robin: Batman Reborn,"Grant Morrison, Frank Quitely, Philip Tan, Jonathan Glapion, Alex Sinclair",,,not_found
9780684842510,The Short Stories,"F. Scott Fitzgerald, Matthew J. Bruccoli",,,not_found
9780823404420,The Princess and the Pea,"Janet Stevens, Hans Christian Andersen",,,not_found
9780671729390,"Dark Angel (Casteel, #2)",V.C. Andrews,,,not_found
,Mosquitoland,David  Arnold,,,not_found
,The Perfect Son,Barbara Claypole White,,,not_found
9780553298050,"Specter of the Past (Star Wars: The Hand of Thrawn, #1)",Timothy Zahn,,,not_found
,"Raid (Unfinished Hero, #3)",Kristen Ashley,,,not_found
9780141439780,"The Life and Opinions of Tristram Shandy, Gentleman","Laurence Sterne, Melvyn New",,,not_found
9780061128850,What the Dead Know,Laura Lippman,,,not_found
9780142001820,The Passion of Artemisia,Susan Vreeland,,,not_found
9780333725030,"The Naked God (Night's Dawn, #3)",Peter F. Hamilton,https://covers.openlibrary.org/b/isbn/9780333725030-L.jpg,covers/9780333725030.jpg,ok_openlibrary
9781591822360,"Tokyo Mew Mew, Vol. 1 (Tokyo Mew Mew, #1)","Mia Ikumi, Reiko Yoshida",,,not_found
9780062020570,The Miseducation of Cameron Post,Emily M. Danforth,,,not_found
9780439287200,Giraffes Can't Dance,"Giles Andreae, Guy Parker-Rees",,,not_found
9780937611360,Heal Your Body: The Mental Causes for Physical Illness and the Metaphysical Way to Overcome Them,Louise L. Hay,,,not_found
9780060825430,Coraline (Illustrated/Graphic Novel Edition),"Neil Gaiman, P. Craig Russell",,,not_found
9780061477960,"House of Many Ways (Howl's Moving Castle, #3)",Diana Wynne Jones,,,not_found
,"Fire Inside (Chaos, #2)",Kristen Ashley,,,not_found
9781101875000,The Cartel,Don Winslow,,,not_found
9780446695700,"Skin Tight (Mick Stranahan, #1)",Carl Hiaasen,,,not_found
9781101902770,A Mother's Reckoning: Living in the Aftermath of Tragedy,Sue Klebold,,,not_found
9780142002060,"Moonraker (James Bond, #3)",Ian Fleming,,,not_found
9780312957580,"The Seventh Scroll (Ancient Egypt, #2)",Wilbur Smith,,,not_found
9780521357300,Two Treatises of Government,"John Locke, Peter Laslett, Raymond Geuss",,,not_found
9781420925230,Civil Disobedience and Other Essays,Henry David Thoreau,,,not_found
9780316030890,"Rose in Bloom (Eight Cousins, #2)",Louisa May Alcott,,,not_found
9780375836950,Looking for Alibrandi,Melina Marchetta,,,not_found
9780316084220,A Midsummer's Nightmare,Kody Keplinger,,,not_found
9781250014400,"Fifth Grave Past the Light (Charley Davidson, #5)",Darynda Jones,,,not_found
9781405092720,"Revelation (Matthew Shardlake, #4)",C.J. Sansom,,,not_found
9781476717720,The Troop,Nick Cutter,,,not_found
9780292760290,100 Love Sonnets,"Pablo Neruda, Stephen Tapscott",,,not_found
9780060531250,"It's in His Kiss (Bridgertons, #7)",Julia Quinn,,,not_found
,"Tall, Tatted and Tempting (The Reed Brothers, #1)",Tammy Falkner,,,not_found
9781781106300,"Short Stories from Hogwarts of Power, Politics and Pesky Poltergeists (Pottermore Presents, #2)","J.K. Rowling, MinaLima",,,not_found
9780198245970,Phenomenology of Spirit,"Georg Wilhelm Friedrich Hegel, A.V. Miller, John Niemeyer Findlay",,,not_found
9780373776570,The Darkest Seduction (Lords of the Underworld #9),Gena Showalter,,,not_found
9781400067240,Lucky Us,Amy Bloom,,,not_found
9780062310710,"King's Cage (Red Queen, #3)",Victoria Aveyard,,,not_found
9789770922810,ظل الأفعى,يوسف زيدان,,,not_found
9780805090800,Invisible,Paul Auster,,,not_found
9780061701240,Ten Things We Did (and Probably Shouldn't Have),Sarah Mlynowski,,,not_found
9781442430010,"Rebel Heart (Dust Lands, #2)",Moira Young,,,not_found
9780062409200,News of the World,Paulette Jiles,,,not_found
9780553803080,Sickened: The Memoir of a Munchausen by Proxy Childhood,Julie Gregory,,,not_found
9780316713730,The Last Time They Met,Anita Shreve,,,not_found
9781416505420,"Blowback (Scot Harvath, #4)",Brad Thor,,,not_found
9780312099440,Women of the Silk,Gail Tsukiyama,,,not_found
9780557489560,"Flutter (My Blood Approves, #3)",Amanda Hocking,,,not_found
9780140178140,Leviathan,Paul Auster,,,not_found
9780143104250,Jaya: An Illustrated Retelling of the Mahabharata,Devdutt Pattanaik,,,not_found
9780140621310,The Prisoner of Zenda,Anthony Hope,,,not_found
9780786914040,"The Spine of the World (Forgotten Realms: Paths of Darkness, #2; Legend of Drizzt, #12)",R.A. Salvatore,,,not_found
9780439568330,"The Haunted Mask (Goosebumps, #11)",R.L. Stine,,,not_found
9780425285050,The Girl Before,J.P. Delaney,,,not_found
9780747569110,Wayside School Gets A Little Stranger (Wayside School #3),Louis Sachar,,,not_found
9780330351430,"The Neutronium Alchemist (Night's Dawn, #2)",Peter F. Hamilton,https://covers.openlibrary.org/b/isbn/9780330351430-L.jpg,covers/9780330351430.jpg,ok_openlibrary
,سینوهه,"Mika Waltari, ذبیح‌الله منصوری",,,not_found
9780345506400,"The Dresden Files:  Storm Front, Volume 1-  The Gathering Storm","Jim Butcher, Mark Powers, Ardian Syaf",,,not_found
9780446695720,Tourist Season,Carl Hiaasen,,,not_found
9780446362660,Summer of Night,Dan Simmons,,,not_found
9789992195740,السنجة,أحمد خالد توفيق,,,not_found
9780446608890,Saving Faith,David Baldacci,,,not_found
9780345539470,"Unseen (Will Trent, #7)",Karin Slaughter,,,not_found
9780778322600,"204 Rosewood Lane (Cedar Cove, #2)",Debbie Macomber,,,not_found
9781594631290,Help Thanks Wow: The Three Essential Prayers,Anne Lamott,,,not_found
9780778322340,"A Perfect Evil (Maggie O'Dell, #1)",Alex Kava,,,not_found
9780142402450,"The Long Patrol (Redwall, #10)","Brian Jacques, Allan Curless",,,not_found
9780525422430,"Eleventh Grade Burns (The Chronicles of Vladimir Tod, #4)",Heather Brewer,,,not_found
9789799625730,Filosofi Kopi: Kumpulan Cerita dan Prosa Satu Dekade,Dee Lestari,,,not_found
9780670022950,The Better Angels of Our Nature: Why Violence Has Declined,Steven Pinker,,,not_found
9780525444460,"When We Were Very Young (Winnie-the-Pooh, #3)","A.A. Milne, Ernest H. Shepard",,,not_found
9781414310590,The Truth Seeker (O'Malley #3),Dee Henderson,,,not_found
9780399169530,My Sunshine Away,M.O. Walsh,,,not_found
9780842365830,And the Shofar Blew,Francine Rivers,,,not_found
9780983475440,"Maid for Love (Gansett Island Series, #1)",Marie Force,,,not_found
9780393079980,Great House,Nicole Krauss,,,not_found
9780062430210,"The Kept Woman (Will Trent, #8)",Karin Slaughter,,,not_found
9781841490240,"Prentice Alvin (Tales of Alvin Maker, #3)",Orson Scott Card,,,not_found
9780747595380,Odd and the Frost Giants,"Neil Gaiman, Mark Buckingham",,,not_found
9781483911890,The Magpies,Mark  Edwards,,,not_found
9780060931410,The Golden Notebook,Doris Lessing,,,not_found
,"One More Chance (Rosemary Beach, #8; Chance, #2)",Abbi Glines,,,not_found
9781400079440,"44 Scotland Street (44 Scotland Street, #1)",Alexander McCall Smith,,,not_found
9780743466780,Chill Factor,Sandra Brown,,,not_found
9780345330130,Double Star,Robert A. Heinlein,https://covers.openlibrary.org/b/isbn/9780345330130-L.jpg,covers/9780345330130.jpg,ok_openlibrary
9780007191320,"The Winter Rose (The Tea Rose, #2)",Jennifer Donnelly,,,not_found
9782226135020,Oscar et la dame rose,Éric-Emmanuel Schmitt,,,not_found
9780435900660,Season of Migration to the North,"Tayeb Salih, Denys Johnson-Davies",,,not_found
9780345434810,"The Last Full Measure (The Civil War Trilogy, #3)",Jeff Shaara,,,not_found
9781400034730,When Bad Things Happen to Good People,Harold S. Kushner,,,not_found
9781599901110,"Dragon Flight (Dragon Slippers, #2)",Jessica Day George,,,not_found
9780543904710,"What Katy Did (Carr Family, #1)",Susan Coolidge,,,not_found
9780006499170,"Post Captain (Aubrey/Maturin, #2)",Patrick O'Brian,,,not_found
9780345456330,"The Belgariad, Vol. 1: Pawn of Prophecy / Queen of Sorcery / Magician's Gambit (The Belgariad, #1-3)",David Eddings,,,not_found
,"Hogwarts: An Incomplete and Unreliable Guide (Pottermore Presents, #3)",J.K. Rowling,,,not_found
9781400064110,The Lucifer Effect: Understanding How Good People Turn Evil,Philip G. Zimbardo,,,not_found
9780590396970,"Shatterglass (The Circle Opens, #4)",Tamora Pierce,,,not_found
9780345471020,The Scent of Rain and Lightning,Nancy Pickard,,,not_found
9780140309270,Homer Price (A Puffin Book),Robert McCloskey,,,not_found
9781931514580,"Mars, Volume 01",Fuyumi Soryo,,,not_found
9780749934420,"Purity in Death (In Death, #15)",J.D. Robb,,,not_found
,"The Cellar (The Cellar, #1)",Natasha Preston,,,not_found
9780465023930,Six Easy Pieces: Essentials of Physics By Its Most Brilliant Teacher,Richard Feynman,,,not_found
9780307336800,"The Art of Simple Food: Notes, Lessons, and Recipes from a Delicious Revolution",Alice Waters,,,not_found
9780689857960,"Among the Brave (Shadow Children, #5)",Margaret Peterson Haddix,,,not_found
9780553276330,"Pacific Vortex! (Dirk Pitt, #1)","Clive Cussler, Michael Pritchard",,,not_found
9780312330350,"Marching Powder: A True Story of Friendship, Cocaine, and South America's Strangest Jail","Rusty Young, Thomas McFadden",,,not_found
9780765349650,Tyrannosaur Canyon (Wyman Ford #1),Douglas Preston,,,not_found
9780316098110,Aurora,Kim Stanley Robinson,,,not_found
9780345418520,"Centaur Aisle (Xanth, #4)",Piers Anthony,,,not_found
9781439102400,"Spider Bones (Temperance Brennan, #13)",Kathy Reichs,,,not_found
9781594482230,The Areas of My Expertise: An Almanac of Complete World Knowledge Compiled with Instructive Annotation and Arranged in Useful Order,John Hodgman,,,not_found
9781563897500,Crisis on Infinite Earths,"Marv Wolfman, George Pérez",,,not_found
9780385340110,The Year of Fog,Michelle Richmond,,,not_found
9780060548260,"The Hollow Hills (Arthurian Saga, #2)",Mary  Stewart,,,not_found
9781905802490,The Garden of Evening Mists,Tan Twan Eng,,,not_found
9781468139330,"Wait for Me (Against All Odds, #1)",Elisabeth Naughton,,,not_found
9780140317210,"Ronia, the Robber's Daughter","Astrid Lindgren, Patricia Crampton, Trina Schart Hyman",,,not_found
9781416909840,No Talking,Andrew Clements,,,not_found
9780385354200,"Blood on Snow (Blood on Snow, #1)","Jo Nesbø, Neil Smith",,,not_found
9781421511830,"The Gentlemen's Alliance †, Vol. 1",Arina Tanemura,,,not_found
9781476766670,"Rusty Nailed (Cocktail, #2)",Alice Clayton,,,not_found
9780062280700,"The Wicked Will Rise (Dorothy Must Die, #2)",Danielle  Paige,,,not_found
9780843949940,"Dark Guardian (Dark, #9)",Christine Feehan,,,not_found
9781555976900,Citizen: An American Lyric,Claudia Rankine,,,not_found
9781581345260,Prophet,Frank E. Peretti,,,not_found
,Bone Gap,Laura Ruby,,,not_found
9780609809100,"I, Elizabeth",Rosalind Miles,,,not_found
9781585673930,"Carry on, Jeeves (Jeeves, #3)",P.G. Wodehouse,,,not_found
9780316787540,Our Band Could Be Your Life: Scenes from the American Indie Underground 1981-1991,Michael Azerrad,,,not_found
9780505524480,"Dark Fire (Dark, #6)",Christine Feehan,,,not_found
9780718155350,The Woman Who Stole My Life,Marian Keyes,,,not_found
9780061375870,"The Magic Thief (Magic Thief, #1)","Sarah Prineas, Antonio Javier Caparo",,,not_found
9780316912130,"All I Want is Everything (Gossip Girl, #3)",Cecily von Ziegesar,,,not_found
9781897299210,Pyongyang: A Journey in North Korea,Guy Delisle,,,not_found
9781476764580,I Am Having So Much Fun Here Without You,Courtney Maum,,,not_found
9780310286710,Systematic Theology: An Introduction to Biblical Doctrine,Wayne A. Grudem,,,not_found
9780449003790,"P is for Peril (Kinsey Millhone, #16)",Sue Grafton,,,not_found
9780684841490,Competitive Strategy: Techniques for Analyzing Industries and Competitors,Michael E. Porter,,,not_found
9781585676770,"The Darkness That Comes Before (The Prince of Nothing, #1)",R. Scott Bakker,,,not_found
9780451211480,Night Over Water,Ken Follett,,,not_found
9781416551610,"The Dirty Life: On Farming, Food, and Love",Kristin Kimball,,,not_found
9781449474200,"Adulthood Is a Myth (Sarah's Scribbles, #1)",Sarah Andersen,,,not_found
9781423170280,"Alienated (Alienated, #1)",Melissa Landers,,,not_found
9780743430340,"Big Cherry Holler (Big Stone Gap, #2)",Adriana Trigiani,,,not_found
9780307271080,The Thing Around Your Neck,Chimamanda Ngozi Adichie,,,not_found
9780060096180,Teen Idol,Meg Cabot,,,not_found
9780061573130,Bright Shiny Morning,James Frey,,,not_found
9781442402360,"Dust & Decay (Rot & Ruin, #2)",Jonathan Maberry,,,not_found
9780385342600,"Yes, Chef",Marcus Samuelsson,,,not_found
9781250095250,Caraval,Stephanie Garber,,,not_found
9780789154800,The Story of an Hour,Kate Chopin,,,not_found
9780140249440,Rabbit Is Rich (Rabbit Angstrom #3),John Updike,,,not_found
9781934813320,Scars,Cheryl Rainfield,,,not_found
9781400069350,"Lots of Candles, Plenty of Cake",Anna Quindlen,,,not_found
9780345496870,"Empire of Ivory (Temeraire, #4)",Naomi Novik,,,not_found
9780805062880,"An Army at Dawn: The War in North Africa, 1942-1943 (World War II Liberation Trilogy, #1)",Rick Atkinson,,,not_found
9780060837390,The Fixer Upper,Mary Kay Andrews,,,not_found
9780743460520,Daddy's Little Girl,Mary Higgins Clark,,,not_found
9781416532350,Ricochet,Sandra Brown,,,not_found
9780749934390,"Seduction in Death (In Death, #13)",J.D. Robb,,,not_found
9781400061270,Can't Wait to Get to Heaven,Fannie Flagg,,,not_found
9780765321530,Among Others,Jo Walton,,,not_found
9780679723230,Double Indemnity,James M. Cain,,,not_found
9780312947060,"Upon the Midnight Clear (Dark-Hunter #12, Dream-Hunter #2)",Sherrilyn Kenyon,,,not_found
9780786927720,"Sea of Swords (Forgotten Realms: Paths of Darkness, #4; Legend of Drizzt, #13)",R.A. Salvatore,,,not_found
9780321525660,Presentation Zen: Simple Ideas on Presentation Design and Delivery,Garr Reynolds,,,not_found
9780545141020,"Bone: Quest for the Spark, Vol. 1","Tom Sniegoski, Jeff Smith, Thomas E. Sniegoski, Steve Hamaker",,,not_found
9780679601590,"Goodbye, Columbus and Five Short Stories",Philip Roth,,,not_found
9781591843530,The Personal MBA: Master the Art of Business,Josh Kaufman,,,not_found
9780312546560,"No Mercy (Dark-Hunter #18, Were-Hunter, #5)",Sherrilyn Kenyon,,,not_found
9780553418610,The Library at Mount Char,Scott  Hawkins,,,not_found
9780439845820,"Fire Star (The Last Dragon Chronicles, #3)",Chris d'Lacey,,,not_found
9780671720150,"The Vor Game (Vorkosigan Saga, #6)",Lois McMaster Bujold,,,not_found
9780375836890,Turtle in Paradise,Jennifer L. Holm,,,not_found
9780375761420,Texas,James A. Michener,,,not_found
,"Shock Wave (Virgil Flowers, #5)",John Sandford,,,not_found
9789792248620,"Negeri 5 Menara (Negeri 5 Menara, #1)",Ahmad Fuadi,,,not_found
9780446532750,Your Best Life Now: 7 Steps to Living at Your Full Potential,Joel Osteen,,,not_found
9781441213570,Choosing to SEE,"Mary Beth Chapman, Steven Curtis Chapman",,,not_found
9780316216820,Broken Monsters,Lauren Beukes,,,not_found
9780062132470,The Last Original Wife,Dorothea Benton Frank,,,not_found
9780385720250,The Unabridged Journals of Sylvia Plath,"Sylvia Plath, Karen V. Kukil",,,not_found
9780316068220,"This Is Water: Some Thoughts, Delivered on a Significant Occasion, about Living a Compassionate Life",David Foster Wallace,,,not_found
9780691024170,QED: The Strange Theory of Light and Matter,Richard Feynman,,,not_found
9780553587080,"Haunted (Women of the Otherworld, #5)",Kelley Armstrong,,,not_found
9781595143920,"Defiance (Strange Angels, #4)","Lili St. Crow, Lilith Saintcrow",,,not_found
9780609804130,The Sweet Potato Queens' Book of Love,Jill Conner Browne,,,not_found
9780060825320,The Madonnas of Leningrad,Debra Dean,,,not_found
9780345495970,"Divine Misdemeanors (Merry Gentry, #8)",Laurell K. Hamilton,,,not_found
9789722120760,Caim,José Saramago,,,not_found
9780312368470,"Sweetheart (Archie Sheridan & Gretchen Lowell, #2)",Chelsea Cain,,,not_found
,"The Assassin and the Desert (Throne of Glass, #0.3)",Sarah J. Maas,,,not_found
9780575088870,"The Quantum Thief (Jean le Flambeur, #1)",Hannu Rajaniemi,,,not_found
9780415254080,Tractatus Logico-Philosophicus,Ludwig Wittgenstein,,,not_found
9780002314570,"Lord Edgware Dies (Hercule Poirot, #9)",Agatha Christie,,,not_found
9781401200920,"Batman: Hush, Vol. 2","Jeph Loeb, Jim Lee, Scott Williams",,,not_found
9780425190450,"All Tomorrow's Parties (Bridge, #3)",William Gibson,http://books.google.com/books/content?id=wjzIbcq0C5sC&printsec=frontcover&img=1&zoom=1&edge=curl&source=gbs_api,covers/9780425190450.jpg,ok_googlebooks
9781416585830,Dog on It (A Chet and Bernie Mystery #1),Spencer Quinn,,,not_found
9780312642720,Spring Fever,Mary Kay Andrews,,,not_found
9781416547860,"The Bully Pulpit: Theodore Roosevelt, William Howard Taft, and the Golden Age of Journalism",Doris Kearns Goodwin,,,not_found
9781416997960,"Chasing the Prophecy (Beyonders, #3)",Brandon Mull,,,not_found
9780671875960,"The Short Victorious War (Honor Harrington, #3)",David Weber,,,not_found
9780385315550,Drinking: A Love Story,Caroline Knapp,,,not_found
9781250000230,"Dragon's Oath (House of Night Novellas, #1)","P.C. Cast, Kristin Cast",,,not_found
9780451463810,"Grave Witch (Alex Craft, #1)",Kalayna Price,,,not_found
9781421820610,"Five Weeks in a Balloon (Extraordinary Voyages, #1)",Jules Verne,,,not_found
9780002317860,"Sleeping Murder (Miss Marple, #13)",Agatha Christie,,,not_found
9780553212560,Ethan Frome and Other Short Fiction,"Edith Wharton, Mary Gordon",,,not_found
9780618257320,Adrift: Seventy-Six Days Lost at Sea,Steven Callahan,,,not_found
,درخت زیبای من,"José Mauro de Vasconcelos, قاسم صنعوی",,,not_found
9780679724630,On the Genealogy of Morals/Ecce Homo,"Friedrich Nietzsche, Walter Kaufmann, R.J. Hollingdale",,,not_found
9781416530730,"Once and Always (Sequels, #1)",Judith McNaught,,,not_found
9780061784800,"Bloodline (Sigma Force, #8)",James Rollins,,,not_found
9781605292880,Onward: How Starbucks Fought for Its Life without Losing Its Soul,"Howard Schultz, Joanne Gordon",,,not_found
9780316701310,"Best Friends for Never (The Clique, #2)",Lisi Harrison,,,not_found
9780007331790,"Death of Kings (The Saxon Stories, #6)",Bernard Cornwell,,,not_found
9781586483040,Auschwitz,Laurence Rees,,,not_found
9781592289450,The Long Walk: The True Story of a Trek to Freedom,Slavomir Rawicz,,,not_found
9780515135060,Three Fates,Nora Roberts,,,not_found
9781484715770,"Passenger (Passenger, #1)",Alexandra Bracken,,,not_found
9780425215680,"Born in Death (In Death, #23)","J.D. Robb, Susan Ericksen",,,not_found
9780385534830,"Close Your Eyes, Hold Hands",Chris Bohjalian,,,not_found
9780375814710,"Mastiff (Beka Cooper, #3)",Tamora Pierce,,,not_found
9780451199870,"A Pocket Full of Rye (Miss Marple, #7)",Agatha Christie,,,not_found
9780778324900,"Virgin River (Virgin River, #1)",Robyn Carr,,,not_found
9788188575660,Of Course I Love You...! Till I Find Someone Better...,"Durjoy Datta, Maanvi Ahuja",,,not_found
9780385539130,Stone Mattress: Nine Tales,Margaret Atwood,,,not_found
9780151012370,The Whistling Season,Ivan Doig,,,not_found
9781595145930,"Rebel Spring (Falling Kingdoms, #2)","Morgan Rhodes, Michelle Rowen",,,not_found
9780316211260,"NYPD Red 2 (NYPD Red, #2)","James Patterson, Marshall Karp",,,not_found
9780812970430,Chesapeake,James A. Michener,,,not_found
9781561371730,Ralph S. Mouse by Beverly Cleary: Teacher Guide (Novel Units),Gloria Levine,,,not_found
9780515121490,The List,Steve Martini,,,not_found
9780743451800,"Devil in a Blue Dress (Easy Rawlins, #1)",Walter Mosley,,,not_found
9780679733970,The Killer Inside Me,Jim Thompson,,,not_found
9780192835210,Lady Audley's Secret,Mary Elizabeth Braddon,,,not_found
9780345472440,"Lucia, Lucia",Adriana Trigiani,,,not_found
9780062114620,Tiger Lily,Jodi Lynn Anderson,,,not_found
9780156010600,All the Names,"José Saramago, Margaret Jull Costa",,,not_found
9780842382890,"Return (Redemption, #3)","Karen Kingsbury, Gary Smalley",,,not_found
9780394895900,"The Ruby in the Smoke (Sally Lockhart, #1)",Philip Pullman,,,not_found
9780375753830,Georgiana: Duchess of Devonshire,Amanda Foreman,,,not_found
9781597800440,The Algebraist,Iain M. Banks,https://covers.openlibrary.org/b/isbn/9781597800440-L.jpg,covers/9781597800440.jpg,ok_openlibrary
9781402271880,Stealing Parker,Miranda Kenneally,,,not_found
9780763622590,Shakespeare's Romeo and Juliet,"Michael Rosen, Jane Ray",,,not_found
9781250065940,The Weekenders,Mary Kay Andrews,,,not_found
9781401204860,"Fables, Vol. 5: The Mean Seasons","Bill Willingham, Mark Buckingham, Steve Leialoha, Tony Akins, Jimmy Palmiotti",,,not_found
9780060777100,The Final Solution,"Michael Chabon, Jay Ryan",,,not_found
9780374324920,"Lockdown (Escape from Furnace, #1)",Alexander Gordon Smith,,,not_found
,"For You (The 'Burg, #1)",Kristen Ashley,,,not_found
9780850515040,Dom Casmurro,Machado de Assis,,,not_found
9781607062610,"Chew, Vol. 2: International Flavor","John Layman, Rob Guillory",,,not_found
9780802723470,"Scarlet (Scarlet, #1)",A.C. Gaughen,,,not_found
9780440212810,Lost Souls,Poppy Z. Brite,,,not_found
9780375705110,The Way of Zen,Alan W. Watts,,,not_found
9780192801690,The Secret Agent,Joseph Conrad,,,not_found
9780345518290,Beachcombers,Nancy Thayer,,,not_found
9780007169920,And to Think That I Saw it on Mulberry Street,Dr. Seuss,,,not_found
9780857662930,"Nexus (Nexus, #1)",Ramez Naam,,,not_found
9780380007780,The Wolf and the Dove,Kathleen E. Woodiwiss,,,not_found
9780062285680,"The Traitor (Divergent, #0.4)",Veronica Roth,,,not_found
,"Timeless (Parasol Protectorate, #5)",Gail Carriger,,,not_found
9780345505490,"The Emperor's Tomb (Cotton Malone, #6)",Steve Berry,,,not_found
,How Google Works,"Eric Schmidt, Jonathan Rosenberg",,,not_found
,"Killing Sarai (In the Company of Killers, #1)",J.A. Redmerski,,,not_found
9780615487430,"Requiem (Providence, #2)",Jamie McGuire,,,not_found
9780525953080,"Fear Nothing (Detective D.D. Warren, #7)",Lisa Gardner,,,not_found
9780618443370,Baking: From My Home to Yours,"Dorie Greenspan, Alan    Richardson",,,not_found
9780670021800,Promises to Keep,Jane Green,,,not_found
9781439138340,Nora Webster,Colm Tóibín,,,not_found
9780425067830,"Elephants Can Remember (Hercule Poirot, #37)",Agatha Christie,,,not_found
9781421513430,"Love★Com, Vol. 1","Aya Nakahara, Pookie Rolf",,,not_found
,"The Law of Moses (The Law of Moses, #1)",Amy Harmon,,,not_found
9780440539810,The Illuminatus! Trilogy,"Robert Shea, Robert Anton Wilson",https://covers.openlibrary.org/b/isbn/9780440539810-L.jpg,covers/9780440539810.jpg,ok_openlibrary
2940044470150,"Friend-Zoned (Friend-Zoned, #1)",Belle Aurora,,,not_found
,"Fallen Crest Family (Fallen Crest High, #2)",Tijan,,,not_found
9780440221320,The Gift,Danielle Steel,,,not_found
9780743224240,Self Matters: Creating Your Life from the Inside Out,Phillip C. McGraw,,,not_found
9781453860950,"Hollowland (The Hollows, #1)",Amanda Hocking,,,not_found
9780060087810,Calling Doctor Amelia Bedelia,"Herman Parish, Lynn Sweat",,,not_found
9781591827580,Finding Nemo,"Andrew Stanton, Walt Disney Company",,,not_found
9780761129580,What to Expect the First Year (What to Expect),"Heidi Murkoff, Sharon Mazel, Heidi Murkoff, Arlene Eisenberg, Sandee Hathaway, Mark D. Widome",,,not_found
,"Special A, Vol. 1 (Special A, #1)",Maki Minami,,,not_found
9781427818770,"Hetalia: Axis Powers, Vol. 1 (Hetalia: Axis Powers, #1)",Hidekaz Himaruya,,,not_found
9780399256450,The Lions of Little Rock,Kristin Levine,,,not_found
9781589190640,"These High, Green Hills (Mitford Years, #3)",Jan Karon,,,not_found
9780525444470,"Now We Are Six (Winnie-the-Pooh, #4)","A.A. Milne, Ernest H. Shepard",,,not_found
9781250019680,Ladies' Night,Mary Kay Andrews,,,not_found
,"Dark Challenge (Dark, #5)",Christine Feehan,,,not_found
9780544920960,Good as Gone,Amy Gentry,,,not_found
9789725681370,Os Maias,"José Maria de Eça de Queirós, Ester de Lemos",,,not_found
9780440245280,"Taken by Midnight (Midnight Breed, #8)",Lara Adrian,,,not_found
9780061671360,"The Captive Part II / The Power (The Secret Circle, #2-3)",L.J. Smith,,,not_found
9780312591830,Family Pictures ,Jane Green,,,not_found
9780515142880,Holding the Dream (Dream Trilogy #2),Nora Roberts,,,not_found
9780007350440,The Time of My Life,Cecelia Ahern,,,not_found
,The House by the Lake,Ella Carey,,,not_found
9781402208770,"Mr. Darcy's Diary (Jane Austen Heroes, #1)",Amanda Grange,,,not_found
9781444734140,Is It Just Me?,Miranda Hart,,,not_found
9782266120920,"L.A. Requiem (Elvis Cole, #8)",Robert Crais,,,not_found
9780679772680,A Civil Action,Jonathan Harr,,,not_found
9780809051010,Fahrenheit 451: The Authorized Adaptation,"Tim Hamilton, Ray Bradbury",,,not_found
9780446582350,A Grown-Up Kind of Pretty,Joshilyn Jackson,,,not_found
9781421527610,All You Need Is Kill,"Hiroshi Sakurazaka, 桜坂洋, Alexander O. Smith, Joseph Reeder",,,not_found
9780395137190,The Bronze Bow,Elizabeth George Speare,,,not_found
9780802142400,On Love,Alain de Botton,,,not_found
9781611130430,Mistress,"James Patterson, David Ellis",,,not_found
9780061985880,"Endlessly (Paranormalcy, #3)",Kiersten White,,,not_found
9780060519130,"Savannah Blues (Weezie and Bebe Mysteries, #1)",Mary Kay Andrews,,,not_found
9780395570360,Grandfather's Journey,Allen Say,,,not_found
9780312937670,"Scarecrow (Shane Schofield, #3)",Matthew Reilly,,,not_found
9780872204220,Discourse on Method,"René Descartes, Donald A. Cress",,,not_found
9780375725760,"Eventide (Plainsong, #2)",Kent Haruf,,,not_found
9781573225690,"Living Buddha, Living Christ",Thich Nhat Hanh,,,not_found
9780380810930,Excavation,James Rollins,,,not_found
9781477817160,"Left Drowning (Left Drowning, #1)",Jessica Park,,,not_found
9781596434030,A Sick Day for Amos McGee,"Philip C. Stead, Erin E. Stead",,,not_found
9780062286440,Fourth of July Creek,Smith Henderson,,,not_found
9780743292500,True Evil,Greg Iles,,,not_found
9780380776160,"Lord of Scoundrels (Scoundrels, #3)",Loretta Chase,,,not_found
9780758211830,"Absolute Fear (New Orleans, #4)",Lisa Jackson,,,not_found
9780820316610,Tobacco Road (Brown Thrasher Books),"Erskine Caldwell, Lewis Nordan",,,not_found
9780802715360,The Suspicions of Mr. Whicher: A Shocking Murder and the Undoing of a Great Victorian Detective,Kate Summerscale,,,not_found
9781416594860,The Christmas Sweater,Glenn Beck,,,not_found
9780142407080,Millions of Cats,Wanda Gág,https://covers.openlibrary.org/b/isbn/9780142407080-L.jpg,covers/9780142407080.jpg,ok_openlibrary
9780844662920,The Johnstown Flood,David McCullough,,,not_found
9780380818810,Deep Fathom,James Rollins,,,not_found
9781442449630,"Tales from a Not-So-Happy Heartbreaker (Dork Diaries, #6)",Rachel Renée Russell,,,not_found
9780543895140,"Ozma of Oz (Oz, #3)",L. Frank Baum,,,not_found
9780062294810,"Stay with Me (Wait for You, #3)","J. Lynn, Jennifer L. Armentrout",,,not_found
9780446533420,The Gate House,Nelson DeMille,,,not_found
9780758290410,Seven Years to Sin,Sylvia Day,,,not_found
9781423166010,"Perfect Scoundrels (Heist Society, #3)",Ally Carter,,,not_found
9780786937900,"The Two Swords (Forgotten Realms: Hunter's Blades, #3; Legend of Drizzt, #16)",R.A. Salvatore,,,not_found
9780061000010,"The Blessing Way (Leaphorn & Chee, #1)",Tony Hillerman,,,not_found
9780451200180,"Nemesis (Miss Marple, #12)",Agatha Christie,,,not_found
9781582342150,All Families are Psychotic,Douglas Coupland,,,not_found
9780312591820,Another Piece of My Heart,Jane Green,,,not_found
9789137126390,"Stenhuggaren (Patrik Hedström, #3)",Camilla Läckberg,,,not_found
9780812993260,The Road to Character,David  Brooks,,,not_found
9781423109600,The Pigeon Wants a Puppy!,Mo Willems,,,not_found
9788466309160,La ciudad y los perros,Mario Vargas Llosa,,,not_found
9780345543850,"Die Again (Rizzoli & Isles, #11)",Tess Gerritsen,,,not_found
,"Three Dark Crowns (Three Dark Crowns, #1)",Kendare Blake,,,not_found
9780062271130,Say What You Will,Cammie McGovern,,,not_found
9780985547350,"Damaged 2 (Damaged, #2)",H.M. Ward,,,not_found
9780060724560,"Party Princess (The Princess Diaries, #7)",Meg Cabot,,,not_found
9781608190460,Mornings in Jenin,Susan Abulhawa,,,not_found
9780446191550,The Witness,Sandra Brown,,,not_found
9780060560120,The Nanny,Melissa Nathan,,,not_found
9781501101530,"Manwhore (Manwhore, #1)",Katy Evans,,,not_found
9781405201710,The Faraway Tree Stories (The Faraway Tree #1-3),Enid Blyton,,,not_found
,Under Locke,Mariana Zapata,,,not_found
9780141187500,Scoop,Evelyn Waugh,,,not_found
9780874869220,She Said Yes: The Unlikely Martyrdom of Cassie Bernall,Misty Bernall,,,not_found
9780316042800,"Lunch in Paris: A Love Story, with Recipes",Elizabeth Bard,,,not_found
9780312241220,Birds of America,Lorrie Moore,,,not_found
9780692572030,Big Rock,Lauren Blakely,http://books.google.com/books/content?id=MbnywAEACAAJ&printsec=frontcover&img=1&zoom=1&source=gbs_api,covers/9780692572030.jpg,ok_googlebooks
9780441012920,Absolution Gap,Alastair Reynolds,,,not_found
9780609809550,Tales of a Female Nomad: Living at Large in the World,Rita Golden Gelman,,,not_found
9780547225470,When the Game Was Ours,"Larry Bird, Earvin Johnson, Jackie MacMullan",https://covers.openlibrary.org/b/isbn/9780547225470-L.jpg,covers/9780547225470.jpg,ok_openlibrary
9780451200820,"Love and War (North and South, #2)",John Jakes,,,not_found
9780316074230,The Pale King,"David Foster Wallace, Michael Pietsch",,,not_found
9780061668130,"Destined (Wings, #4)",Aprilynne Pike,,,not_found
9781400043330,The General in His Labyrinth,"Gabriel García Márquez, Edith Grossman",https://covers.openlibrary.org/b/isbn/9781400043330-L.jpg,covers/9781400043330.jpg,ok_openlibrary
9780553820270,"Succubus Heat (Georgina Kincaid, #4)",Richelle Mead,,,not_found
9780140443490,The Analects,"Confucius, D.C. Lau",,,not_found
9781556525900,I'm with the Band: Confessions of a Groupie,"Pamela Des Barres, Dave Navarro",,,not_found
9780140050940,The Earthsea Trilogy,Ursula K. Le Guin,,,not_found
9780804136570,"Ex-Heroes (Ex-Heroes, #1)",Peter Clines,https://covers.openlibrary.org/b/isbn/9780804136570-L.jpg,covers/9780804136570.jpg,ok_openlibrary
9780679731210,The Leopard,"Giuseppe Tomasi di Lampedusa, Archibald Colquhoun",,,not_found
,"Addicted to You (Addicted, #1)","Krista Ritchie, Becca Ritchie",,,not_found
9781607060220,"The Walking Dead, Vol. 09: Here We Remain","Robert Kirkman, Charlie Adlard, Cliff Rathburn",,,not_found
,Kindle User's Guide,Amazon,,,not_found
9780785123290,Wolverine: Origin,"Paul Jenkins, Andy Kubert, Richard Isanove, Joe Quesada, Bill Jemas",,,not_found
9780671670690,"Dawn (Cutler, #1)",V.C. Andrews,,,not_found
9780425216590,"On the Prowl (Alpha & Omega, #0.5)","Patricia Briggs, Eileen Wilks, Karen Chance, Sunny",,,not_found
9789777780550,الجزار,حسن الجندي,,,not_found
9780765356160,"The Wayfarer Redemption (Wayfarer Redemption, #1)",Sara Douglass,,,not_found
9780684856060,"The Many Lives & Secret Sorrows of Josephine B. (Josephine Bonaparte, #1)",Sandra Gulland,,,not_found
9780312380820,Come Home,Lisa Scottoline,,,not_found
9780307277720,Everyman,Philip Roth,,,not_found
9789799625720,Supernova: Akar,Dee Lestari,,,not_found
9780316037840,"The Ambassador's Mission (Traitor Spy Trilogy, #1)",Trudi Canavan,,,not_found
9780061059930,"Dark Reunion (The Vampire Diaries, #4)",L.J. Smith,,,not_found
,"The Friend Zone (Game On, #2)",Kristen Callihan,,,not_found
9780312313820,"The Dirty Girls Social Club (Dirty Girls, #1)","Alisa Valdes, Alisa Valdes-Rodriguez",,,not_found
9780316084250,"Black Butler, Vol. 2 (Black Butler, #2)","Yana Toboso, Tomo Kimura",,,not_found
9780330517100,Imperial Bedrooms ,Bret Easton Ellis,,,not_found
9780425137570,Silent Prey (Lucas Davenport #4),John Sandford,,,not_found
9780698184890,"Just One Night (Just One Day, #2.5)",Gayle Forman,,,not_found
,Low Pressure,"Sandra Brown, Stephen Lang",,,not_found
9780006513900,The Dice Man,Luke Rhinehart,,,not_found
,عائد إلى حيفا,غسان كنفاني,,,not_found
9780439829120,"A Killing Frost (Tomorrow, #3)",John Marsden,,,not_found
9781611139850,"The Fire (Witch & Wizard, #3)","James Patterson, Jill Dembowski, Elijah Wood, Spencer Locke",,,not_found
9780698118030,Sadako and the Thousand Paper Cranes,"Eleanor Coerr, Ronald Himler",,,not_found
9781421503320,"Death Note, Vol. 4: Love (Death Note, #4)","Tsugumi Ohba, Takeshi Obata",,,not_found
9780451215730,"Prince of Fire (Gabriel Allon, #5)",Daniel Silva,,,not_found
9780684803870,"The Daughter of Time (Inspector Alan Grant, #5)",Josephine Tey,,,not_found
9780060928410,Slowness,"Milan Kundera, Linda Asher",,,not_found
,رباعيات صلاح جاهين,"صلاح جاهين, يحيى حقي",,,not_found
9780316219130,"The Autumn Republic (Powder Mage, #3)",Brian  McClellan,,,not_found
9781579125740,Delta of Venus,Anaïs Nin,,,not_found
9781607061230,"The Walking Dead, Vol. 11: Fear the Hunters","Robert Kirkman, Charlie Adlard, Cliff Rathburn",,,not_found
9780356502280,"The Rose and the Thorn (The Riyria Chronicles, #2)",Michael J. Sullivan,,,not_found
9780812536360,Rainbows End,Vernor Vinge,,,not_found
9781841497760,"Frostbitten (Women of the Otherworld, #10)",Kelley Armstrong,,,not_found
9781401360210,Twilight Watch (Watch #3),"Sergei Lukyanenko, Andrew Bromfield",,,not_found
9780345418550,"Night Mare (Xanth, #6)",Piers Anthony,,,not_found
9780451475330,"Blood Kiss (Black Dagger Legacy, #1)",J.R. Ward,,,not_found
9780345485790,"The Charlemagne Pursuit (Cotton Malone, #4)",Steve Berry,,,not_found
9783426619150,Riptide,"Douglas Preston, Lincoln Child",,,not_found
9780380803250,"Talon of the Silver Hawk (Conclave of Shadows, #1)",Raymond E. Feist,,,not_found
9780141185540,The Moon Is Down,John Steinbeck,,,not_found
9780307957280,The Beginner's Goodbye,Anne Tyler,,,not_found
9780848809970,The Love Song of J. Alfred Prufrock and Other Poems,T.S. Eliot,,,not_found
9780743449670,"Shock Wave (Dirk Pitt, #13)",Clive Cussler,,,not_found
9781576469120,"A Girl of the Limberlost (Limberlost, #2)",Gene Stratton-Porter,,,not_found
9780061957960,"The Witch With No Name (The Hollows, #13)",Kim Harrison,,,not_found
9780812967200,The Wings of the Dove,"Henry James, Amy Bloom, Pierre A. Walker",,,not_found
9781512038570,"King (King, #1)",T.M. Frazier,,,not_found
9780743289800,The Hidden Messages in Water,"Masaru Emoto, David A. Thayne",,,not_found
9780449225160,A Place Called Freedom,Ken Follett,,,not_found
9780195019060,King Arthur and His Knights: Selected Tales,"Thomas Malory, Eugène Vinaver",,,not_found
9780440975340,Rumble Fish,S.E. Hinton,,,not_found
9780156032740,Seeing,"José Saramago, Margaret Jull Costa",,,not_found
9780060198820,India After Gandhi: The History of the World's Largest Democracy,Ramachandra Guha,,,not_found
9780141197940,Lady Windermere's Fan,Oscar Wilde,,,not_found
9780684848280,Kaffir Boy: An Autobiography,Mark Mathabane,https://covers.openlibrary.org/b/isbn/9780684848280-L.jpg,covers/9780684848280.jpg,ok_openlibrary
9780778315340,The Returned,Jason Mott,,,not_found
9781591846350,The Obstacle Is the Way: The Timeless Art of Turning Trials into Triumph,Ryan Holiday,,,not_found
9780060892010,"The Sight (Warriors: Power of Three, #1)",Erin Hunter,,,not_found
9781481420760,"Bad for You (Sea Breeze, #7)",Abbi Glines,,,not_found
9781841959150,The Secret River,Kate Grenville,,,not_found
9780064431840,The Little Old Lady Who Was Not Afraid of Anything,"Linda Williams, Megan Lloyd",,,not_found
9780842339650,The Holiness of God,R.C. Sproul,,,not_found
9780688170270,Wemberly Worried,Kevin Henkes,,,not_found
9781416586580,"The Apostle (Scot Harvath, #8)",Brad Thor,,,not_found
9780312942300,"Born of Night (The League, #1)",Sherrilyn Kenyon,,,not_found
9780525423350,"A Tale Dark & Grimm (A Tale Dark & Grimm, #1)",Adam Gidwitz,,,not_found
9780470581780,Twilight and History,Nancy Reagin,https://covers.openlibrary.org/b/isbn/9780470581780-L.jpg,covers/9780470581780.jpg,ok_openlibrary
9780061043550,"Murder Must Advertise  (Lord Peter Wimsey, #10)",Dorothy L. Sayers,,,not_found
9780743276950,"What Remains: A Memoir of Fate, Friendship, and Love",Carole Radziwill,,,not_found
9780310214690,Gifted Hands: The Ben Carson Story,"Ben Carson, Cecil Murphey",,,not_found
9780395867860,Sheep in a Jeep,"Nancy E. Shaw, Margot Apple",,,not_found
9780812968230,The Kreutzer Sonata,"Leo Tolstoy, Isai Kamen, Doris Lessing",,,not_found
,"Reasonable Doubt: Volume 2 (Reasonable Doubt, #2)",Whitney G.,,,not_found
9780425256760,Dead Heat (Alpha & Omega #4),Patricia Briggs,,,not_found
9780679747660,The Way to Cook,Julia Child,,,not_found
9780714847990,The 20th Century Art Book,Phaidon Press,,,not_found
9781421531720,"Vampire Knight, Vol. 9","Matsuri Hino, Tomo Kimura",,,not_found
9780553574140,Shadows of the Empire (Star Wars),Steve Perry,,,not_found
9781607065970,"The Walking Dead, Compendium 2","Robert Kirkman, Charlie Adlard",,,not_found
9780887306660,The 22 Immutable Laws of Marketing: Violate Them at Your Own Risk,"Al Ries, Jack Trout",,,not_found
,The Light of the Fireflies,"Paul Pen, Simon Bruni",,,not_found
9780679779180,The Consolations of Philosophy,Alain de Botton,,,not_found
9781250047340,Summer Secrets,Jane Green,,,not_found
9780440211460,The Firm,John Grisham,,,not_found
9781301120180,"Fighting for Flight (Fighting, #1)",J.B. Salsbury,,,not_found
9780857520200,Second Life,S.J. Watson,,,not_found
9780684856360,Permission Marketing: Turning Strangers Into Friends And Friends Into Customers,Seth Godin,,,not_found
9780375727440,"Hateship, Friendship, Courtship, Loveship, Marriage: Stories",Alice Munro,,,not_found
9780393312800,The Acid House,Irvine Welsh,,,not_found
9780062316870,The Girl Who Came Home,Hazel Gaynor,,,not_found
9781885167770,The One Thing: The Surprisingly Simple Truth Behind Extraordinary Results,"Gary Keller, Jay Papasan",,,not_found
9780670878550,Joseph Had a Little Overcoat,Simms Taback,,,not_found
9780743218570,"Flyy Girl (Flyy Girl, #1)",Omar Tyree,,,not_found
9783822837030,The Magic Mirror of M.C. Escher,"Bruno Ernst, M.C. Escher, John E. Brigham",https://covers.openlibrary.org/b/isbn/9783822837030-L.jpg,covers/9783822837030.jpg,ok_openlibrary
9780060724610,"Princess Mia (The Princess Diaries, #9)",Meg Cabot,,,not_found
9781742750020,The Little Coffee Shop of Kabul,Deborah Rodriguez,,,not_found
9780440867590,Double Act,"Jacqueline Wilson, Nick Sharratt, Sue Heap",,,not_found
9780756401930,"First Rider's Call (Green Rider, #2)",Kristen Britain,,,not_found
,"It Ain't Me, Babe (Hades Hangmen, #1)",Tillie Cole,,,not_found
9780785134530,Stephen King's N.,"Marc Guggenheim, Alex Maleev, Stephen King",,,not_found
9780671032650,Storm of the Century: An Original Screenplay,Stephen King,,,not_found
9780886774640,By the Sword (Valdemar),Mercedes Lackey,,,not_found
9780312539510,Paths of Glory,Jeffrey Archer,,,not_found
,"Extreme Prey (Lucas Davenport, #26)",John Sandford,,,not_found
9780688114500,Owen,Kevin Henkes,,,not_found
9780373771390,Anyone But You,Jennifer Crusie,,,not_found
9780886774000,"Arrow's Fall (Heralds of Valdemar, #3)",Mercedes Lackey,,,not_found
9781933615010,The America's Test Kitchen Family Cookbook,"America's Test Kitchen, Carl Tremblay, Daniel J. Van Ackere",,,not_found
9780062067780,"The Long War (The Long Earth, #2)","Terry Pratchett, Stephen Baxter",,,not_found
9780778319340,The Curious Charms of Arthur Pepper,Phaedra Patrick,,,not_found
9780062060750,"Incarnate (Newsoul, #1)",Jodi Meadows,,,not_found
9780590396430,"Street Magic (The Circle Opens, #2)",Tamora Pierce,,,not_found
9780765327000,The Goblin Emperor,Katherine Addison,,,not_found
9780061730320,The Boy Who Harnessed the Wind: Creating Currents of Electricity and Hope,"William Kamkwamba, Bryan Mealer",,,not_found
9780804170730,"Mr. Kiss and Tell (Veronica Mars, #2)","Rob Thomas, Jennifer Graham",,,not_found
,"Great by Choice: Uncertainty, Chaos, and Luck--Why Some Thrive Despite Them All","James C. Collins, Morten T. Hansen",,,not_found
,2BR02B,Kurt Vonnegut Jr.,,,not_found
9780811835920,The Sandman: King of Dreams,"Alisa Kwitney, Neil Gaiman",,,not_found
9780425252860,A Higher Call: An Incredible True Story of Combat and Chivalry in the War-Torn Skies of World War II,"Adam Makos, Larry Alexander",,,not_found
9780375868430,Chomp,Carl Hiaasen,,,not_found
9780345316510,Job: A Comedy of Justice,Robert A. Heinlein,,,not_found
9780375724430,The Stories of John Cheever,John Cheever,,,not_found
9780573613320,The Odd Couple,Neil Simon,,,not_found
9780688172180,Phantoms in the Brain: Probing the Mysteries of the Human Mind,"V.S. Ramachandran, Sandra Blakeslee, Oliver Sacks",,,not_found
9780140558650,Rumpelstiltskin,Paul O. Zelinsky,,,not_found
,Only the Innocent (DCI Tom Douglas #1),Rachel Abbott,,,not_found
9780425197950,"Divided in Death (In Death, #18)",J.D. Robb,,,not_found
9781840232040,The Sandman: The Dream Hunters,"Neil Gaiman, Yoshitaka Amano",,,not_found
,"A Better World (Brilliance Saga, #2)",Marcus Sakey,,,not_found
9789707311170,La tregua,Mario Benedetti,,,not_found
,"A Leaf on the Wind of All Hallows (Outlander, #8.5)",Diana Gabaldon,,,not_found
9781101983800,Wildflower,Drew Barrymore,,,not_found
9780553392320,We Never Asked for Wings,Vanessa Diffenbaugh,,,not_found
9781484705280,Every Last Word,Tamara Ireland Stone,,,not_found
9780316781470,Live from New York: An Uncensored History of Saturday Night Live,"James Andrew Miller, Tom Shales",,,not_found
9780060838590,Krakatoa: The Day the World Exploded,Simon Winchester,,,not_found
9780141383350,Airman,Eoin Colfer,,,not_found
9780307588650,Madame Tussaud: A Novel of the French Revolution,Michelle Moran,,,not_found
9781595144290,"Vampire Academy: The Graphic Novel (Vampire Academy: The Graphic Novel, #1)","Richelle Mead, Emma Vieceli, Leigh Dragoon",,,not_found
9780330343470,An Anthropologist on Mars: Seven Paradoxical Tales,Oliver Sacks,,,not_found
9780385532360,"Dexter Is Delicious (Dexter, #5)",Jeff Lindsay,,,not_found
9780152010670,Time for Bed,"Mem Fox, Jane Dyer",,,not_found
9780439670200,"The Akhenaten Adventure (Children of the Lamp, #1)",P.B. Kerr,,,not_found
,"Wired (Wired, #1)",Douglas E. Richards,,,not_found
9780525456070,Rapunzel,Paul O. Zelinsky,,,not_found
9780316369150,Very Good Lives: The Fringe Benefits of Failure and the Importance of Imagination,"J.K. Rowling, Joel Holland",,,not_found
9780441008650,Spindle's End,Robin McKinley,,,not_found
9781607060760,"The Walking Dead, Vol. 10: What We Become",Robert Kirkman,,,not_found
9780312983220,"Area 7 (Shane Schofield, #2)",Matthew Reilly,,,not_found
,"Happy, Happy, Happy","Phil Robertson, Mark Schlabach",,,not_found
9780990490400,Scoring Wilder,R.S. Grey,,,not_found
,"Always You (Best Friend, #1)",Kirsty Moseley,,,not_found
9780316097470,"I, Michael Bennett (Michael Bennett, #5)","James Patterson, Michael Ledwidge",,,not_found
9789770931360,باب الخروج: رسالة علي المفعمة ببهجة غير متوقعة,عزالدين شكري فشير,,,not_found
9780758216430,"Succubus Dreams (Georgina Kincaid, #3)",Richelle Mead,,,not_found
9781569242740,Vegan Cupcakes Take Over the World: 75 Dairy-Free Recipes for Cupcakes that Rule,"Isa Chandra Moskowitz, Terry Hope Romero, Sara Quin",,,not_found
9781625173430,"Clean Sweep (Innkeeper Chronicles, #1)",Ilona Andrews,,,not_found
,"The Submissive (Submissive, #1)",Tara Sue Me,,,not_found
9781416978930,"The Hollow (The Hollow, #1)",Jessica Verday,,,not_found
9780785135820,"Ender's Game, Volume 2: Command School","Christopher Yost, Pasqual Ferry, Orson Scott Card",,,not_found
9780670025480,May We Be Forgiven,A.M. Homes,,,not_found
9780142404250,Hope Was Here,Joan Bauer,,,not_found
9780060512190,The Beauty Myth,Naomi Wolf,,,not_found
9781559702030,Auschwitz: A Doctor's Eyewitness Account,"Miklós Nyiszli, Tibère Kremer, Bruno Bettelheim, Richard Seaver",,,not_found
9781433502420,ESV Study Bible,"Anonymous, Lane T. Dennis, Wayne A. Grudem",,,not_found
9780374166850,"Hot, Flat, and Crowded: Why We Need a Green Revolution--and How It Can Renew America",Thomas L. Friedman,,,not_found
9780307021110,The Saggy Baggy Elephant (A Little Golden Book),"Kathryn Jackson, Byron Jackson, Gustav Tenggren",,,not_found
9781439157990,Sleepwalk With Me and Other Painfully True Stories,Mike Birbiglia,,,not_found
,"Where You Are (Between the Lines, #2)",Tammara Webber,,,not_found
9780778314190,"Scent of Magic (Healer, #2)",Maria V. Snyder,,,not_found
9789793600700,Kambing Jantan: Sebuah Catatan Harian Pelajar Bodoh ,Raditya Dika,,,not_found
9780140447970,Sentimental Education,"Gustave Flaubert, Robert Baldick, Geoffrey Wall",,,not_found
9780399158280,"Taken (Elvis Cole, #15; Joe Pike, #4)",Robert Crais,,,not_found
9780060564670,"Savannah Breeze (Weezie and Bebe Mysteries, #2)",Mary Kay Andrews,,,not_found
9780765345010,"Child of the Prophecy (Sevenwaters, #3)",Juliet Marillier,,,not_found
9780451458630,"Priestess of Avalon (Avalon, #4)","Marion Zimmer Bradley, Diana L. Paxson",,,not_found
9781451686580,Contagious: Why Things Catch On,Jonah Berger,,,not_found
9781400030260,Platform,Michel Houellebecq,,,not_found
9780515142890,Finding the Dream (Dream Trilogy #3),Nora Roberts,,,not_found
9781595324020,"Fruits Basket, Vol. 7","Natsuki Takaya, Alethea Nibley, Athena Nibley",,,not_found
9780345450720,Distant Shores,Kristin Hannah,,,not_found
9780451217420,"The Secret History of the Pink Carnation (Pink Carnation, #1)",Lauren Willig,,,not_found
9780684852220,Close Range,Annie Proulx,,,not_found
9780061438300,What Every Body is Saying: An Ex-FBI Agent's Guide to Speed-Reading People,"Joe Navarro, Marvin Karlins",,,not_found
9780545142990,"Numbers (Numbers, #1)",Rachel Ward,,,not_found
9781557830660,Sweeney Todd: The Demon Barber of Fleet Street,"Stephen Sondheim, Hugh Wheeler, Christopher Godfrey Bond",,,not_found
9780749934410,"Reunion in Death (In Death, #14)",J.D. Robb,,,not_found
9780800871860,Silence,"Shūsaku Endō, William Johnston",,,not_found
,"Secret History (Mistborn, #3.5)",Brandon Sanderson,,,not_found
9780061727660,"The Mapping of Love and Death (Maisie Dobbs, #7)",Jacqueline Winspear,,,not_found
9781501141520,Born to Run,Bruce Springsteen,,,not_found
9781476762620,Primates of Park Avenue,Wednesday Martin,,,not_found
9780310245730,Where Is God When It Hurts?,Philip Yancey,,,not_found
9780425197230,Hidden Riches,Nora Roberts,,,not_found
,"Safe with Me (With Me in Seattle, #5)",Kristen Proby,,,not_found
9780590396560,"Cold Fire (The Circle Opens, #3)",Tamora Pierce,,,not_found
,"Monster in His Eyes (Monster in His Eyes, #1)",J.M. Darhower,,,not_found
9780425215750,Visions of Heat (Psy-Changeling #2),Nalini Singh,,,not_found
9780062363600,Hidden Figures: The American Dream and the Untold Story of the Black Women Mathematicians Who Helped Win the Space Race,Margot Lee Shetterly,,,not_found
9780345451900,"The Last Detective (Elvis Cole, #9)",Robert Crais,,,not_found
9781861977690,The Art of Seduction,Robert Greene,,,not_found
9780446500040,"Kushiel's Justice (Imriel's Trilogy, #2)",Jacqueline Carey,,,not_found
9780553499090,The Julian Chapter (Wonder Story),R.J. Palacio,,,not_found
9780670064180,The Orenda,Joseph Boyden,,,not_found
9780356501500,The Hydrogen Sonata (Culture #10),Iain M. Banks,,,not_found
9780007120680,"Hallowe'en Party (Hercule Poirot, #36)",Agatha Christie,,,not_found
9781406790280,An Essay Concerning Human Understanding,John Locke,,,not_found
9780061869720,"Never Have I Ever (The Lying Game, #2)",Sara Shepard,,,not_found
9781881273650,The Five Love Languages of Children,"Gary Chapman, D. Ross Campbell",,,not_found
9781400077090,"The Sunday Philosophy Club (Isabel Dalhousie, #1)",Alexander McCall Smith,,,not_found
9780425203000,"Visions in Death (In Death, #19)",J.D. Robb,,,not_found
9780060556570,The Red Queen: Sex and the Evolution of Human Nature,Matt Ridley,,,not_found
,Don't Let Me Go,Catherine Ryan Hyde,,,not_found
9780395755310,On Becoming a Person: A Therapist's View of Psychotherapy,"Carl R. Rogers, Peter D. Kramer",,,not_found
9780451528710,Washington Square,"Henry James, Michael Cunningham",,,not_found
9780545298440,"Day of Doom (The 39 Clues: Cahills vs. Vespers, #6)",David Baldacci,,,not_found
9780451209140,Disappearing Acts,Terry McMillan,,,not_found
9780451465280,"Vision in Silver (The Others, #3)",Anne Bishop,,,not_found
9781931514800,"Kare Kano: His and Her Circumstances, Vol. 1","Masami Tsuda, Darcy Lockman, Jack Niida",,,not_found
9781478927940,"NYPD Red 3 (NYPD Red, #3)","James Patterson, Marshall Karp",,,not_found
9780749934440,"Imitation in Death (In Death, #17)",J.D. Robb,,,not_found
9781408808870,The Finkler Question,Howard Jacobson,,,not_found
9780060594770,Beaches,Iris Rainer Dart,,,not_found
9780440229090,"Skellig (Skellig, #1)",David Almond,,,not_found
9781420927000,An Enquiry Concerning Human Understanding,David Hume,,,not_found
9780671700750,"Psycho-Cybernetics, A New Way to Get More Living Out of Life",Maxwell Maltz,,,not_found
9780803741710,The Book with No Pictures,B.J. Novak,,,not_found
9780140086840,Ceremony,Leslie Marmon Silko,,,not_found
9780743268580,I Heard That Song Before,Mary Higgins Clark,,,not_found
9780385337630,Crow Lake,Mary Lawson,,,not_found
9780618711670,The Hungry Tide,Amitav Ghosh,,,not_found
9781632156750,"Paper Girls, Vol. 1 (Paper Girls, #1)","Brian K. Vaughan, Cliff Chiang, Matthew Wilson",,,not_found
9780888994160,"The Breadwinner (The Breadwinner, #1)",Deborah Ellis,,,not_found
9780307594170,Home,Toni Morrison,,,not_found
9780062132530,The Hurricane Sisters,Dorothea Benton Frank,,,not_found
9781582346180,A Year in the Merde,Stephen Clarke,,,not_found
,"The Son (Divergent, #0.3)",Veronica Roth,,,not_found
9780778314480,"The Wanderer (Thunder Point, #1)",Robyn Carr,,,not_found
9781416566380,Where Are You Now?,Mary Higgins Clark,https://covers.openlibrary.org/b/isbn/9781416566380-L.jpg,covers/9781416566380.jpg,ok_openlibrary
9781416516860,"Deep Six (Dirk Pitt, #7)",Clive Cussler,,,not_found
9780802141320,The Wretched of the Earth,"Frantz Fanon, Jean-Paul Sartre, Richard Philcox, Homi K. Bhabha",,,not_found
9781576739750,Secrets of the Vine: Breaking Through to Abundance,"Bruce H. Wilkinson, David Kopp",,,not_found
9780804137170,"City of Stairs (The Divine Cities, #1)",Robert Jackson Bennett,,,not_found
9780743484280,The Cradle Will Fall,Mary Higgins Clark,,,not_found
9780553586380,Anne Frank's Tales from the Secret Annex,"Anne Frank, Susan Massotty",,,not_found
9780439108390,"Into the Land of the Unicorns (Unicorn Chronicles, #1)",Bruce Coville,,,not_found
9780373250740,Girls' Night In,"Lauren Henderson, Chris Manby, Sarah Mlynowski, Jill A. Davis, Stella Duffy, Lisa Jewell, Marian Keyes, Sophie Kinsella, Adèle Lang, Carole Matthews, Anna Maxted, Megan McCafferty, Alisa Valdes, Isabel Wolff, Meg Cabot, Jessica Adams, Louise Bagshawe, Emily Barr, Jenny Colgan, Lynda Curnyn, Jennifer Weiner",,,not_found
9780756403140,"Black Sun Rising (The Coldfire Trilogy, #1)",C.S. Friedman,,,not_found
9780060938120,The Gift of Therapy: An Open Letter to a New Generation of Therapists and Their Patients,"Irvin D. Yalom, Nicola Ferguson",,,not_found
9780486270650,The Misanthrope,Molière,,,not_found
9780399157770,City of Women,David R. Gillham,,,not_found
,"1Q84 #1-2 (1Q84, #1-2)","Haruki Murakami, Jay Rubin",,,not_found
9780345340440,"The Belgariad Boxed Set: Pawn of Prophecy / Queen of Sorcery / Magician's Gambit / Castle of Wizardry / Enchanters' End Game (The Belgariad, #1-5)",David Eddings,,,not_found
,"Rock Chick Reckoning (Rock Chick, #6)",Kristen Ashley,,,not_found
9781591841000,All Marketers Are Liars: The Power of Telling Authentic Stories in a Low-Trust World,Seth Godin,,,not_found
9780753819490,The Temple of My Familiar,Alice Walker,,,not_found
9780312949820,"Seduce Me at Sunrise (The Hathaways, #2)",Lisa Kleypas,,,not_found
9780373212060,The Problem with Forever,Jennifer L. Armentrout,,,not_found
,"Stranger Child (DCI Tom Douglas, #4)",Rachel Abbott,,,not_found
9780349400200,"Envy (Fallen Angels, #3)",J.R. Ward,,,not_found
9780385755920,Holding Up the Universe,Jennifer Niven,,,not_found
9780141006570,Take the Cannoli,Sarah Vowell,,,not_found
9781594487160,To Sell Is Human: The Surprising Truth About Moving Others,Daniel H. Pink,,,not_found
9780451037700,The Double Helix,James D. Watson,,,not_found
9780553580300,House Harkonnen (Prelude to Dune #2),"Brian Herbert, Kevin J. Anderson",,,not_found
9780749909060,Dream Warrior (Dream-Hunter #4; Dark-Hunter #17),Sherrilyn Kenyon,,,not_found
9780718147720,Cook with Jamie,Jamie Oliver,,,not_found
9781400066220,Strength in What Remains: A Journey of Remembrance and Forgiveness,Tracy Kidder,,,not_found
9780312966200,The Lord God Made Them All,James Herriot,,,not_found
9780714840830,FRUiTS,"Shoichi Aoki, Mark Sanders, Shoich Aoki",,,not_found
9780007191480,"Then He Ate My Boy Entrancers (Confessions of Georgia Nicolson, #6)",Louise Rennison,,,not_found
9780060267890,The Frog and Toad Treasury: Frog and Toad are Friends/Frog and Toad Together/Frog and Toad All Year  (Frog and Toad #1-3),Arnold Lobel,,,not_found
9780399162600,Fish in a Tree,Lynda Mullaly Hunt,,,not_found
9780006499470,Absent In The Spring,"Mary Westmacott, Agatha Christie",,,not_found
9780345528930,The Inn at Rose Harbor (Rose Harbor #1),Debbie Macomber,,,not_found
9780770435620,Lady Almina and the Real Downton Abbey: The Lost Legacy of Highclere Castle,Fiona Carnarvon,,,not_found
9780451460420,"Dies the Fire (Emberverse, #1)",S.M. Stirling,,,not_found
9780451218470,Beneath a Marble Sky,John Shors,,,not_found
9780062359990,Another Brooklyn,Jacqueline Woodson,,,not_found
9780765354940,Mount Dragon,"Douglas Preston, Lincoln Child",,,not_found
9781591840530,The Smartest Guys in the Room: The Amazing Rise and Scandalous Fall of Enron,"Bethany McLean, Peter Elkind",,,not_found
,"Someone to Love (Someone to Love, #1)",Addison Moore,,,not_found
9780425119850,The Face of Fear,"Brian Coffey, Dean Koontz",,,not_found
9780380704420,Wait Till Helen Comes,Mary Downing Hahn,,,not_found
,"Until Trevor (Until, #2)",Aurora Rose Reynolds,,,not_found
9781573223590,Journals,Kurt Cobain,,,not_found
9780316210980,"Gone (Michael Bennett, #6)","James Patterson, Michael Ledwidge",,,not_found
9780330412740,Cosmopolis,Don DeLillo,,,not_found
9781607063930,"The Walking Dead, Vol. 14: No Way Out","Robert Kirkman, Charlie Adlard, Cliff Rathburn",,,not_found
9780061257060,Very Valentine,Adriana Trigiani,,,not_found
9781582406980,"The Walking Dead, Book Two (The Walking Dead #13-24)","Robert Kirkman, Charlie Adlard",,,not_found
9780099498580,Light a Penny Candle,Maeve Binchy,,,not_found
9781401210010,"Fables, Vol. 8: Wolves","Bill Willingham, Mark Buckingham, Steve Leialoha, Shawn McManus, Andrew Pepoy",,,not_found
9780373210050,"My Soul to Keep (Soul Screamers, #3)",Rachel Vincent,,,not_found
9780020248710,Way Station,Clifford D. Simak,,,not_found
9780671789460,Possessing the Secret of Joy,Alice Walker,,,not_found
9780232520780,The Return of the Prodigal Son: A Story of Homecoming,Henri J.M. Nouwen,,,not_found
9781416521840,Such a Pretty Girl,Laura Wiess,,,not_found
9780393324860,Naked Economics: Undressing the Dismal Science,Charles Wheelan,,,not_found
9780590396060,"Magic Steps (The Circle Opens, #1)",Tamora Pierce,,,not_found
9780553582900,Dark Rivers of the Heart,Dean Koontz,,,not_found
9781439183370,Savages,Don Winslow,,,not_found
9780312385190,Prayers for Sale,Sandra Dallas,,,not_found
,"The Last Girl (The Dominion Trilogy, #1)",Joe Hart,,,not_found
9780345423290,What We Keep ,Elizabeth Berg,,,not_found
,"Rock Chick Regret (Rock Chick, #7)",Kristen Ashley,,,not_found
9780297775350,Scruples,Judith Krantz,,,not_found
9781563896450,"100 Bullets, Vol. 1: First Shot, Last Call","Brian Azzarello, Eduardo Risso",,,not_found
,"A Quest of Heroes (The Sorcerer's Ring, #1)",Morgan Rice,,,not_found
9781416985790,Nothing,"Janne Teller, Martin Aitken",,,not_found
9781841496050,"The Awakened Mage (Kingmaker, Kingbreaker, #2)",Karen Miller,,,not_found
9780440910820,"A Ring of Endless Light (Austin Family, #4)",Madeleine L'Engle,,,not_found
9780515140880,"Dark Demon (Dark, #16)",Christine Feehan,https://covers.openlibrary.org/b/isbn/9780515140880-L.jpg,covers/9780515140880.jpg,ok_openlibrary
,The Prettiest One,James  Hankins,,,not_found
,Falling into Place,Amy Zhang,,,not_found
9780452156620,Sleeping Beauty Box Set,"A.N. Roquelaure, Anne Rice",,,not_found
9780156226000,Cosmicomics,"Italo Calvino, William Weaver, Ανταίος Χρυσοστομίδης, Ελευθερία Κοψιδά",,,not_found
9781416577580,"The 5 Greatest Warriors (Jack West Jr, #3)",Matthew Reilly,,,not_found
9780399170900,"Brotherhood in Death (In Death, #42)",J.D. Robb,,,not_found
9780316036060,How to Save a Life,Sara Zarr,,,not_found
9780886773780,"Arrow's Flight (Heralds of Valdemar, #2)",Mercedes Lackey,,,not_found
9780763628120,"The Tail of Emily Windsnap (Emily Windsnap, #1)","Liz Kessler, Sarah Gibb",,,not_found
9781455554590,Blackout: Remembering the Things I Drank to Forget,Sarah Hepola,,,not_found
9781401210820,"The Absolute Sandman, Volume One","Neil Gaiman, Mike Dringenberg, Chris Bachalo, Michael Zulli, Kelly Jones, Charles Vess, Colleen Doran, Malcolm Jones III, Steve Parkhouse, Daniel Vozzo, Lee Loughridge, Steve Oliff, Todd Klein, Dave McKean, Sam Kieth",,,not_found
,Vanished (Callahan & McLane #1),Kendra Elliot,,,not_found
9780679733780,The Woman in the Dunes,"Kōbō Abe, E. Dale Saunders",,,not_found
9781598185220,The Moon and Sixpence,W. Somerset Maugham,http://books.google.com/books/content?id=yJU8PgAACAAJ&printsec=frontcover&img=1&zoom=1&source=gbs_api,covers/9781598185220.jpg,ok_googlebooks
9781582408260,"The Walking Dead, Book Three (The Walking Dead #25-36)","Robert Kirkman, Charlie Adlard, Cliff Rathburn, Rus Wooton",,,not_found
9780399256200,"The Invaders (Brotherband Chronicles, #2)",John Flanagan,,,not_found
9780689863620,"Dicey's Song (Tillerman Cycle, #2)",Cynthia Voigt,,,not_found
9780140248920,Aunt Julia and the Scriptwriter,"Mario Vargas Llosa, Helen R. Lane",,,not_found
9780062422960,"Queen Song (Red Queen, #0.1)",Victoria Aveyard,,,not_found
,F*ck Love,Tarryn Fisher,,,not_found
9780060688240,"A Severe Mercy: A Story of Faith, Tragedy and Triumph","Sheldon Vanauken, C.S. Lewis",,,not_found
9780843960430,"The Madness of Lord Ian Mackenzie (Mackenzies & McBrides, #1)",Jennifer Ashley,,,not_found
9780758254090,The Dry Grass of August,Anna Jean Mayhew,,,not_found
9780099453450,"Point of Impact (Bob Lee Swagger, #1)",Stephen Hunter,,,not_found
9780385528080,Zone One,Colson Whitehead,,,not_found
9780060733490,The Lions of Al-Rassan,Guy Gavriel Kay,https://covers.openlibrary.org/b/isbn/9780060733490-L.jpg,covers/9780060733490.jpg,ok_openlibrary
,Hidden (Bone Secrets. #1),Kendra Elliot,,,not_found
,Punk 57,Penelope Douglas,,,not_found
9780545298440,"Trust No One (The 39 Clues: Cahills vs. Vespers, #5)",Linda Sue Park,,,not_found
,Nikola Tesla: Imagination and the Man That Invented the 20th Century,Sean Patrick,,,not_found
9781563895680,"Transmetropolitan, Vol. 3: Year of the Bastard (Transmetropolitan, #3)","Warren Ellis, Darick Robertson, Rodney Ramos",,,not_found
9780307265720,1493: Uncovering the New World Columbus Created,Charles C. Mann,,,not_found
9780099479150,Life and Times of Michael K,J.M. Coetzee,,,not_found
9780451454250,"The Forest House (Avalon, #2)","Marion Zimmer Bradley, Diana L. Paxson",,,not_found
9780743484190,"Certain Prey (Lucas Davenport, #10)",John Sandford,,,not_found
9780449004840,"Children of God (The Sparrow, #2)",Mary Doria Russell,,,not_found
9780425197390,"The Mediterranean Caper (Dirk Pitt, #2)",Clive Cussler,,,not_found
,"The Hedge Knight (The Tales of Dunk and Egg, #1)",George R.R. Martin,,,not_found
9780425210820,"Undead and Unreturnable (Undead, #4)",MaryJanice Davidson,,,not_found
9781474601570,The Danish Girl,David Ebershoff,,,not_found
9780553578550,"Dawn on a Distant Shore (Wilderness, #2)",Sara Donati,,,not_found
9780441014770,"Fearless (The Lost Fleet, #2)",Jack Campbell,,,not_found
9780718152440,Jamie at Home: Cook Your Way to the Good Life,Jamie Oliver,,,not_found
9780525426360,This Star Won't Go Out: The Life and Words of Esther Grace Earl,"Esther Earl, Lori Earl, Wayne Earl, John Green",,,not_found
9780345301120,Story of O (Story of O #1),"Pauline Réage, Sabine d'Estree",,,not_found
9780060898530,Brave New World Revisited ,Aldous Huxley,,,not_found
,"Endless Knight (The Arcana Chronicles, #2)",Kresley Cole,,,not_found
9780060757630,"Forest Mage (Soldier Son, #2)",Robin Hobb,,,not_found
9780425138240,"Eye of the Storm (Sean Dillon, #1)",Jack Higgins,,,not_found
9780380726300,"Sacred (Kenzie & Gennaro, #3)",Dennis Lehane,,,not_found
9780060880120,How to Be Popular,Meg Cabot,,,not_found
9780345432410,Omerta,Mario Puzo,,,not_found
9780451530100,Pygmalion & My Fair Lady,"George Bernard Shaw, Alan Jay Lerner",,,not_found
9780062103730,"Unraveling (Unraveling, #1)",Elizabeth Norris,,,not_found
9780886774260,Magic's Price (Valdemar: Last Herald-Mage #3),Mercedes Lackey,,,not_found
9780425173910,"After the Funeral (Hercule Poirot, #29)",Agatha Christie,,,not_found
9780763618990,The Tiger Rising,Kate DiCamillo,,,not_found
9780375714500,Manufacturing Consent: The Political Economy of the Mass Media,"Noam Chomsky, Edward S. Herman",,,not_found
9781582404970,Wanted,"Mark Millar, J.G. Jones, Brian K. Vaughan",,,not_found
9781421506300,"Death Note, Vol. 8: Target (Death Note, #8)","Tsugumi Ohba, Takeshi Obata",,,not_found
,"Broken Silence (Silence, #2)",Natasha Preston,,,not_found
9780785122140,X-Men: The Dark Phoenix Saga,"Chris Claremont, John Byrne",,,not_found
9780192834410,The Castle of Otranto,Horace Walpole,,,not_found
9780670557110,Pippi in the South Seas,"Astrid Lindgren, Gerry Bothmer",,,not_found
9780330311730,One,Richard Bach,,,not_found
9780330314920,Outer Dark,Cormac McCarthy,,,not_found
9780395957770,The Complete Poems,"Anne Sexton, Maxine Kumin",,,not_found
9780312890180,Shadow & Claw (The Book of the New Sun #1-2),Gene Wolfe,,,not_found
9780812995220,Among the Ten Thousand Things,Julia Pierpont,,,not_found
9780743250450,"The Great Shark Hunt: Strange Tales from a Strange Time (The Gonzo Papers, #1)",Hunter S. Thompson,,,not_found
9780316098120,2312,Kim Stanley Robinson,,,not_found
9781591169900,"Ouran High School Host Club, Vol. 2 (Ouran High School Host Club, #2)",Bisco Hatori,,,not_found
9780689806990,"Tears of a Tiger (Hazelwood High, #1)",Sharon M. Draper,,,not_found
9780061231420,Altar of Eden,James Rollins,,,not_found
1951703420,Washington's Crossing,David Hackett Fischer,,,not_found
9780679783480,Shalimar the Clown,Salman Rushdie,,,not_found
9781861977170,In Search of Excellence: Lessons from America's Best-Run Companies,"Tom Peters, Robert H. Waterman Jr.",,,not_found
9780688172370,Desert Flower,"Waris Dirie, Cathleen Miller",,,not_found
9781434764330,"Waterfall (River of Time, #1)",Lisa Tawn Bergren,,,not_found
9781401204460,"The Batman Chronicles, Vol. 1","Bill Finger, Gardner F. Fox, Bob Kane, Jerry Robinson, Sheldon Moldoff",,,not_found
9780316240000,First Love,"James Patterson, Emily Raymond",,,not_found
9780340752460,September,Rosamunde Pilcher,,,not_found
9780345467810,Halo: First Strike,Eric S. Nylund,,,not_found
9781884214490,The Last Question,"Isaac Asimov, Bob E. Flick, Jim Gallant",,,not_found
9780316176040,Red Riding Hood,"Sarah Blakley-Cartwright, David Leslie Johnson, Catherine Hardwicke",,,not_found
9780140189420,Henderson the Rain King,"Saul Bellow, Luciano Bianciardi",,,not_found
,"The Unwanted Wife (Unwanted, #1)",Natasha Anders,,,not_found
,"Royally Screwed (Royally, #1)",Emma Chase,,,not_found
9780385682820,"The Love Song of Miss Queenie Hennessy (Harold Fry, #2)",Rachel Joyce,,,not_found
9780140568200,The Giraffe and the Pelly and Me,"Roald Dahl, Quentin Blake",,,not_found
9780451209440,Fear of Flying,Erica Jong,,,not_found
,رجال في الشمس,غسان كنفاني,,,not_found
9781250039810,Shotgun Lovesongs,Nickolas Butler,,,not_found
9780375435480,French Women Don't Get Fat: The Secret of Eating for Pleasure,Mireille Guiliano,,,not_found
9780440240950,"The Death of Kings (Emperor, #2)",Conn Iggulden,,,not_found
9789381626720,Stay Hungry Stay Foolish,Rashmi Bansal,,,not_found
9780062311120,The Bone Tree,Greg Iles,,,not_found
9781926760680,I Wrote This For You,"pleasefindthis, Iain S. Thomas, Jon Ellis",,,not_found
9780312939780,False Impression,Jeffrey Archer,,,not_found
9781591163600,"Naruto, Vol. 05: Exam Hell (Naruto, #5)",Masashi Kishimoto,,,not_found
9780618585330,"A Certain Slant of Light (Light, #1)",Laura Whitcomb,,,not_found
9780345435750,"Morgawr (The Voyage of the Jerle Shannara, #3)",Terry Brooks,https://covers.openlibrary.org/b/isbn/9780345435750-L.jpg,covers/9780345435750.jpg,ok_openlibrary
9780060589360,"Away Laughing on a Fast Camel (Confessions of Georgia Nicolson, #5)",Louise Rennison,,,not_found
9781416936400,"The Uglies Trilogy (Uglies, #1-3)",Scott Westerfeld,,,not_found
9781400049360,Barefoot in Paris,"Ina Garten, Quentin Bacon",,,not_found
9780061626320,"Splendor (Luxe, #4)",Anna Godbersen,,,not_found
,How to Be Both,Ali Smith,,,not_found
9780698400020,The Little Mermaid,"Hans Christian Andersen, Lisbeth Zwerger, Anthea Bell",,,not_found
9780060525130,"Big Boned (Heather Wells, #3)",Meg Cabot,,,not_found
9781582870950,The Professor,Charlotte Brontë,,,not_found
9780451234860,"Drink Deep (Chicagoland Vampires, #5)",Chloe Neill,,,not_found
9781593072960,"Sin City, Vol. 3: The Big Fat Kill (Sin City, #3)",Frank Miller,,,not_found
9780810949140,"The Problem Child (The Sisters Grimm, #3)","Michael Buckley, Peter Ferguson",https://covers.openlibrary.org/b/isbn/9780810949140-L.jpg,covers/9780810949140.jpg,ok_openlibrary
9780745917440,The Tale of Three Trees,"Angela Elwell Hunt, Tim Jonke",,,not_found
9780007120840,"The Moving Finger (Miss Marple, #4)",Agatha Christie,,,not_found
9780425160980,"Hornet's Nest (Andy Brazil, #1)",Patricia Cornwell,,,not_found
9780802131870,The Subterraneans,Jack Kerouac,,,not_found
9780785267230,The Sacred Romance Drawing Closer To The Heart Of God,"John Eldredge, Brent Curtis",,,not_found
9780590590890,There's a Boy in the Girls' Bathroom,Louis Sachar,,,not_found
9780373210990,"Crash into You (Pushing the Limits, #3)",Katie McGarry,,,not_found
9780811209590,Selected Poems,"William Carlos Williams, Charles Tomlinson",,,not_found
9780060724570,"Princess on the Brink (The Princess Diaries, #8)",Meg Cabot,,,not_found
9780140435470,The Woodlanders,"Thomas Hardy, Patricia Ingham",,,not_found
9780375504880,Colonel Roosevelt,Edmund Morris,,,not_found
9784103534240,"1Q84 BOOK 2 (1Q84, #2)",Haruki Murakami,,,not_found
9780553100360,"Vision of the Future (Star Wars: The Hand of Thrawn, #2)",Timothy Zahn,,,not_found
9780385524930,While My Sister Sleeps,Barbara Delinsky,,,not_found
9780142000950,Killing Pablo: The Hunt for the World's Greatest Outlaw,Mark Bowden,,,not_found
9781554682740,"Wondrous Strange (Wondrous Strange, #1)",Lesley Livingston,,,not_found
9780312591850,Tempting Fate,Jane Green,,,not_found
9780060731430,How Soccer Explains the World,Franklin Foer,,,not_found
9781594488410,Some Assembly Required: A Journal of My Son's First Son,"Anne Lamott, Sam Lamott",,,not_found
9781451672720,Gold,Chris Cleave,,,not_found
9780141183050,The Book of Disquiet,"Fernando Pessoa, Richard Zenith",,,not_found
,"Feral Sins (The Phoenix Pack, #1)",Suzanne Wright,,,not_found
9781401232080,"Batman: Earth One, Volume 1","Geoff Johns, Gary Frank, Jon Sibal, Brad Anderson, Rob Leigh",,,not_found
9780425204340,"Undead and Unappreciated (Undead, #3)",MaryJanice Davidson,,,not_found
9780670022200,Malcolm X: A Life of Reinvention,Manning Marable,,,not_found
9780440244510,"Ashes of Midnight (Midnight Breed, #6)",Lara Adrian,,,not_found
9780891343370,Keys to Drawing,Bert Dodson,,,not_found
9780060723510,Mutant Message Down Under,Marlo Morgan,,,not_found
9781455525900,"Blue Labyrinth (Pendergast, #14)","Douglas Preston, Lincoln Child",,,not_found
9780451462000,"Embrace the Night (Cassandra Palmer, #3)",Karen Chance,,,not_found
9780810916100,"Once Upon a Crime (The Sisters Grimm, #4)","Michael Buckley, Peter Ferguson",,,not_found
9781401213170,"Fables, Vol. 9: Sons of Empire","Bill Willingham, Mark Buckingham, Steve Leialoha, Andrew Pepoy, Gene Ha, Joshua Middleton, Iñaki Miranda, Mike Allred",,,not_found
,2 ضباط,Essam Youssef,,,not_found
9780307730700,Fearless: The Heroic Story of One Navy SEAL's Sacrifice in the Hunt for Osama Bin Laden and the Unwavering Devotion of the Woman Who Loved Him,Eric Blehm,,,not_found
6221102019420,واحة الغروب,بهاء طاهر,,,not_found
9780679450820,The Fannie Farmer Cookbook: Anniversary,"Marion Cunningham, Fannie Merritt Farmer, Archibald Candy Corporation",,,not_found
9781564782140,The Third Policeman,Flann O'Brien,,,not_found
9780060827620,"Starlight (Warriors: The New Prophecy, #4)",Erin Hunter,,,not_found
9780586026200,"The Ipcress File (Secret File, #1)",Len Deighton,,,not_found
9781450572380,"Branded (Fall of Angels, #1)",Keary Taylor,,,not_found
9781594206630,Eileen,Ottessa Moshfegh,,,not_found
9780867199030,Tintin in the Land of the Soviets (Tintin #1),"Hergé, Leslie Lonsdale-Cooper, Michael Turner",,,not_found
9781439102410,"Flash and Bones (Temperance Brennan, #14)",Kathy Reichs,,,not_found
9780399216190,Lon Po Po: A Red-Riding Hood Story from China,Ed Young,,,not_found
9781423337450,"Creation in Death (In Death, #25)",J.D. Robb,,,not_found
9780345547490,Cop Town,Karin Slaughter,,,not_found
9780810949800,Graffiti World: Street Art from Five Continents,"Nicholas Ganz, Tristan Manco",,,not_found
9780140367360,"Five Children and It (Five Children, #1)",E. Nesbit,,,not_found
9780671000320,"Flood Tide (Dirk Pitt, #14)",Clive Cussler,http://books.google.com/books/content?id=HdbFapNMK5gC&printsec=frontcover&img=1&zoom=1&source=gbs_api,covers/9780671000320.jpg,ok_googlebooks
9780375424500,"Tea Time for the Traditionally Built (No. 1 Ladies' Detective Agency, #10)",Alexander McCall Smith,,,not_found
9781423121720,Percy Jackson & the Olympians:  The Ultimate Guide,"Mary-Jane Knight, Rick Riordan",,,not_found
9780316065760,The Blood of Flowers,Anita Amirrezvani,,,not_found
9780062380880,"This Savage Song (Monsters of Verity, #1)",Victoria Schwab,,,not_found
9780670062410,Llama Llama Mad at Mama,Anna Dewdney,,,not_found
9780425226740,Branded by Fire (Psy-Changeling #6),Nalini Singh,http://books.google.com/books/content?id=adLQtEErSrsC&printsec=frontcover&img=1&zoom=1&edge=curl&source=gbs_api,covers/9780425226740.jpg,ok_googlebooks
9780727853420,Exit to Eden,"Anne Rampling, Anne Rice",,,not_found
9780802120200,Alif the Unseen,G. Willow Wilson,,,not_found
9780062003940,"Bloodlust (The Vampire Diaries: Stefan's Diaries, #2)","L.J. Smith, Kevin Williamson, Julie Plec",,,not_found
9781533134130,"The Bird and the Sword (The Bird and the Sword Chronicles, #1)",Amy Harmon,,,not_found
9781857231080,"The Black Unicorn (Magic Kingdom of Landover, #2)",Terry Brooks,,,not_found
9780743487670,The Awakening and Selected Stories,"Kate Chopin, Cynthia Brantley Johnson, Alyssa  Harad",,,not_found
9781481404550,The Unexpected Everything,Morgan Matson,,,not_found
,"Sincerely, Carter (Sincerely Carter, #1)",Whitney G.,,,not_found
9780547229900,"The Crossing Places (Ruth Galloway, #1)",Elly Griffiths,,,not_found
9780316113790,Say You're One of Them,Uwem Akpan,,,not_found
9781451655780,The Orchid House,Lucinda Riley,,,not_found
,Long Time Coming,Edie Claire,,,not_found
9780152024180,Peak (Peak #1),Roland Smith,,,not_found
,High Heat (Jack Reacher #17.5),Lee Child,,,not_found
9781401212410,Batman and Son,"Grant Morrison, Andy Kubert, John Van Fleet, Jesse Delperdang",http://books.google.com/books/content?id=73wqAAAAYAAJ&printsec=frontcover&img=1&zoom=1&source=gbs_api,covers/9781401212410.jpg,ok_googlebooks
9781476799210,Faithful,Alice Hoffman,,,not_found
9780099448880,"One Step Behind  (Kurt Wallander, #7)","Henning Mankell, Ebba Segerberg",,,not_found
9780684800010,On Food and Cooking: The Science and Lore of the Kitchen,Harold McGee,,,not_found
9780670038310,"Sovereign (Matthew Shardlake, #3)",C.J. Sansom,,,not_found
9780810993590,"Magic and Other Misdemeanors (The Sisters Grimm, #5)","Michael Buckley, Peter Ferguson",http://books.google.com/books/content?id=BBjNnQEACAAJ&printsec=frontcover&img=1&zoom=1&source=gbs_api,covers/9780810993590.jpg,ok_googlebooks
9780749932950,Envy,Sandra Brown,,,not_found
,One Lavender Ribbon,Heather Burch,,,not_found
9780345465290,The Complete Guide to Middle-Earth,"Robert Foster, J.R.R. Tolkien",https://covers.openlibrary.org/b/isbn/9780345465290-L.jpg,covers/9780345465290.jpg,ok_openlibrary
9781580628360,Please Stop Laughing at Me... One Woman's Inspirational Story,Jodee Blanco,,,not_found
9780743217190,The Stories of Eva Luna,Isabel Allende,,,not_found
9780553264910,The Devil's Alternative,Frederick Forsyth,,,not_found
9780679736640,The Confessions of Nat Turner,William Styron,,,not_found
9780345519470,"In Bed with a Highlander (McCabe Trilogy, #1)",Maya Banks,,,not_found
9780345477480,"Rule of Two (Star Wars: Darth Bane, #2)",Drew Karpyshyn,,,not_found
,The Mermaid's Sister,Carrie Anne Noble,,,not_found
9780767901570,Awakening the Buddha Within: Tibetan Wisdom for the Western World,Lama Surya Das,,,not_found
9781847561910,A Girl Like You,Gemma Burgess,,,not_found
9780316014530,Story of a Girl,Sara Zarr,,,not_found
9780743435740,"Field of Dishonor (Honor Harrington, #4)",David Weber,,,not_found
9780765309420,The Android's Dream,John Scalzi,,,not_found
9781936365530,How Music Works,David Byrne,,,not_found
9780965913220,Oracle Night,Paul Auster,,,not_found
9780575073610,"Time and Again (Time, #1)",Jack Finney,,,not_found
9781250019690,Save the Date,Mary Kay Andrews,,,not_found
9780452264010,Fences (The Century Cycle #6),August Wilson,,,not_found
9781250076920,The Two-Family House,Lynda Cohen Loigman,,,not_found
9780882706310,Run Baby Run,"Nicky Cruz, Jamie Buckingham",,,not_found
9780006280940,Miracles,C.S. Lewis,,,not_found
9781598878740,"The Talent Code: Unlocking the Secret of Skill in Sports, Art, Music, Math, and Just About Everything Else","Daniel Coyle, John Farrell",,,not_found
9780340863690,Tortured for Christ N/E,Richard Wurmbrand,,,not_found
9780140284130,"The Inimitable Jeeves (Jeeves, #2)",P.G. Wodehouse,,,not_found
9780670016390,Dear Daughter,Elizabeth Little,,,not_found
9780786901890,"Dragons of Summer Flame (Dragonlance: The Second Generation, #2)","Margaret Weis, Tracy Hickman",,,not_found
9780446402410,"The Secret Speech (Leo Demidov, #2)",Tom Rob Smith,,,not_found
9780345495170,Un Lun Dun,China Miéville,,,not_found
,ماهی سیاه کوچولو,Samad Behrangi,,,not_found
9780307272580,"Star Island (Skink, #6)",Carl Hiaasen,,,not_found
9781401324440,"Heat Rises (Nikki Heat, #3)",Richard Castle,,,not_found
9781421506260,"Death Note, Vol. 5: Whiteout (Death Note, #5)","Tsugumi Ohba, Takeshi Obata",,,not_found
9780805080760,Homicide: A Year on the Killing Streets,David Simon,,,not_found
9780062338300,Orphan Number Eight,Kim van Alkemade,,,not_found
9780425183240,"Mrs. Mike (Mrs. Mike, #1)","Benedict Freedman, Nancy Freedman",,,not_found
9780062285510,The Enchanted,Rene Denfeld,,,not_found
,"Dominic (Slater Brothers, #1)",L.A. Casey,,,not_found
9780399158810,"Delusion in Death (In Death, #35)",J.D. Robb,https://covers.openlibrary.org/b/isbn/9780399158810-L.jpg,covers/9780399158810.jpg,ok_openlibrary
9780385613510,You Against Me,Jenny Downham,,,not_found
9780375758230,Paris to the Moon,Adam Gopnik,,,not_found
9780062216360,How to Love,Katie Cotugno,,,not_found
9780718155190,"The Left Hand of God (The Left Hand of God, #1)",Paul  Hoffman,,,not_found
9781476791620,A Work in Progress,Connor Franta,,,not_found
9780439717010,A Dog's Life: The Autobiography of a Stray,Ann M. Martin,,,not_found
9780142002030,"Doctor No (James Bond, #6)",Ian Fleming,,,not_found
9780345530420,"The Secret Race: Inside the Hidden World of the Tour de France: Doping, Cover-ups, and Winning at All Costs","Tyler Hamilton, Daniel Coyle",,,not_found
9780439441730,"The Will of the Empress (Circle Reforged, #1)",Tamora Pierce,,,not_found
9780141181360,Fifth Business,Robertson Davies,,,not_found
9780752865360,Nights of Rain and Stars,Maeve Binchy,,,not_found
9781439133910,"Monster Hunter Vendetta (Monster Hunter International, #2)",Larry Correia,,,not_found
9780804467250,"The New Bedside, Bathtub and Armchair Companion to Agatha Christie","Dick Riley, Pam McAllister, Bruce Cassiday",http://books.google.com/books/content?id=sxLa7UoAAeMC&printsec=frontcover&img=1&zoom=1&source=gbs_api,covers/9780804467250.jpg,ok_googlebooks
,UR,Stephen King,,,not_found
9781451650050,"Shadow's Claim (Immortals After Dark, #13; The Dacians, #1)",Kresley Cole,,,not_found
9781467964400,"Wife by Wednesday (The Weekday Brides, #1)",Catherine Bybee,,,not_found
9780345532830,Glitter and Glue,Kelly Corrigan,,,not_found
,"The Assassin and the Empire (Throne of Glass, #0.5)",Sarah J. Maas,,,not_found
,"Misbehaving (Sea Breeze, #6)",Abbi Glines,,,not_found
9780618829260,"Hello, Cupcake","Alan    Richardson, Karen Tack",,,not_found
9780061944390,"Big Nate on a Roll (Big Nate Novels, #3)",Lincoln Peirce,,,not_found
9780446677160,Stormy Weather,Carl Hiaasen,,,not_found
9780393062620,The Lonely Polygamist,Brady Udall,,,not_found
9780805077640,A Night to Remember,"Walter Lord, Nathaniel Philbrick",,,not_found
9780425227950,"The Darkest Hour (KGI, #1)",Maya Banks,,,not_found
9780670077040,A Long Way Home,Saroo Brierley,http://books.google.com/books/content?id=TKemkwEACAAJ&printsec=frontcover&img=1&zoom=1&source=gbs_api,covers/9780670077040.jpg,ok_googlebooks
9780385535040,The Devil All the Time,Donald Ray Pollock,,,not_found
9781400033880,Istanbul: Memories and the City,Orhan Pamuk,,,not_found
9780452286110,The Second Assistant: A Tale from the Bottom of the Hollywood Ladder,"Clare Naylor, Mimi Hare",http://books.google.com/books/content?id=qi6qEGETa9QC&printsec=frontcover&img=1&zoom=1&source=gbs_api,covers/9780452286110.jpg,ok_googlebooks
9780062291400,Ripper,"Isabel Allende, Oliver Brock, Frank Wynne",https://covers.openlibrary.org/b/isbn/9780062291400-L.jpg,covers/9780062291400.jpg,ok_openlibrary
9780140436140,Martin Chuzzlewit,"Charles Dickens, Patricia Ingham, Hablot Knight Browne",http://books.google.com/books/content?id=Zygt8JfzRC4C&printsec=frontcover&img=1&zoom=1&edge=curl&source=gbs_api,covers/9780140436140.jpg,ok_googlebooks
9780449206520,Tales of the South Pacific,James A. Michener,,,not_found
9780060827650,"Twilight (Warriors: The New Prophecy, #5)",Erin Hunter,,,not_found
9781447256240,"The Invisible Library (The Invisible Library, #1)",Genevieve Cogman,,,not_found
9780439858020,"Darkness, Be My Friend (Tomorrow, #4)",John Marsden,,,not_found
,"Truthwitch (The Witchlands, #1)",Susan Dennard,,,not_found
9780545054740,Marcelo in the Real World,Francisco X. Stork,http://books.google.com/books/content?id=rUVHmQEACAAJ&printsec=frontcover&img=1&zoom=1&source=gbs_api,covers/9780545054740.jpg,ok_googlebooks
9780739318930,That Old Cape Magic,"Richard Russo, Arthur Morey",,,not_found
9780553447440,Evicted: Poverty and Profit in the American City,Matthew Desmond,,,not_found
9781452106560,Darth Vader and Son,Jeffrey Brown,http://books.google.com/books/content?id=ojRKXwAACAAJ&printsec=frontcover&img=1&zoom=1&source=gbs_api,covers/9781452106560.jpg,ok_googlebooks
9788370541290,"Pani Jeziora (Saga o Wiedźminie, #7)",Andrzej Sapkowski,http://books.google.com/books/content?id=XmEYAQAAIAAJ&printsec=frontcover&img=1&zoom=1&source=gbs_api,covers/9788370541290.jpg,ok_googlebooks
9780330487150,A Bend in the River,V.S. Naipaul,,,not_found
9780375714670,Embroideries,"Marjane Satrapi, Anjali Singh",,,not_found
9780684824710,Darwin's Dangerous Idea: Evolution and the Meanings of Life,Daniel C. Dennett,http://books.google.com/books/content?id=FvRqtnpVotwC&printsec=frontcover&img=1&zoom=1&edge=curl&source=gbs_api,covers/9780684824710.jpg,ok_googlebooks
9780439925500,"Alcatraz Versus the Evil Librarians (Alcatraz, #1)",Brandon Sanderson,http://books.google.com/books/content?id=YJkKAQAAMAAJ&printsec=frontcover&img=1&zoom=1&source=gbs_api,covers/9780439925500.jpg,ok_googlebooks
,"Endure (Need, #4)",Carrie Jones,,,not_found
,"Kaleidoscope Hearts (Hearts, #1)",Claire Contreras,,,not_found
9780449911600,Saint Maybe,Anne Tyler,https://covers.openlibrary.org/b/isbn/9780449911600-L.jpg,covers/9780449911600.jpg,ok_openlibrary
,"Cage (Corps Security, #2)",Harper Sloan,,,not_found
,Mud Vein,Tarryn Fisher,,,not_found
9780060540940,1421: The Year China Discovered America,Gavin Menzies,http://books.google.com/books/content?id=XXHpwAEACAAJ&printsec=frontcover&img=1&zoom=1&source=gbs_api,covers/9780060540940.jpg,ok_googlebooks
9780451190550,"The Green Mile, Part 4: The Bad Death of Eduard Delacroix",Stephen King,,,not_found
9780618665460,Deep and Dark and Dangerous (A Ghost Story),Mary Downing Hahn,,,not_found
9780425185470,"Open Season (Joe Pickett, #1)",C.J. Box,,,not_found
9781599908730,"Palace of Stone (Princess Academy, #2)",Shannon Hale,,,not_found
9781416554950,"Harry, a History: The True Story of a Boy Wizard, His Fans, and Life Inside the Harry Potter Phenomenon","Melissa Anelli, J.K. Rowling",https://covers.openlibrary.org/b/isbn/9781416554950-L.jpg,covers/9781416554950.jpg,ok_openlibrary
9789792257810,Daun Yang Jatuh Tak Pernah Membenci Angin,Tere Liye,,,not_found
9780374386150,A Wrinkle in Time: The Graphic Novel,"Hope Larson, Madeleine L'Engle",,,not_found
9780812997540,Hausfrau,Jill Alexander Essbaum,,,not_found
9780679767950,Heartburn,Nora Ephron,,,not_found
9780802170380,Flight,Sherman Alexie,http://books.google.com/books/content?id=WyPlwYP-404C&printsec=frontcover&img=1&zoom=1&edge=curl&source=gbs_api,covers/9780802170380.jpg,ok_googlebooks
9780751534560,Legally Blonde,Amanda Brown,,,not_found
9780316211340,Tigers in Red Weather,Liza Klaussmann,,,not_found
9780099464690,"The White Lioness (Kurt Wallander, #3)","Henning Mankell, Laurie Thompson",,,not_found
9780631231270,Philosophical Investigations,"Ludwig Wittgenstein, G.E.M. Anscombe",http://books.google.com/books/content?id=JoPYriJM1cwC&printsec=frontcover&img=1&zoom=1&source=gbs_api,covers/9780631231270.jpg,ok_googlebooks
9780553290980,"Elven Star (The Death Gate Cycle, #2)","Margaret Weis, Tracy Hickman",,,not_found
9780451210750,Hornet Flight,Ken Follett,,,not_found
9780312187150,"Enemy of God (The Warlord Chronicles, #2)",Bernard Cornwell,,,not_found
9780060521610,Ice Hunt,James Rollins,,,not_found
9780609804610,Our Dumb Century: The Onion Presents 100 Years of Headlines from America's Finest News Source,"Scott Dikkers, Maria Schneider, John Krewson, Robert Siegel, David Javerbaum, Todd Hanson, Carol Kolb, Mike Loew, Tim Harrod",,,not_found
9780425212010,"Strange Candy (Anita Blake, Vampire Hunter #0.5)",Laurell K. Hamilton,,,not_found
9780006473300,"The Chronicles of Thomas Covenant, the Unbeliever (The Chronicles of Thomas Covenant the Unbeliever, #1-3)",Stephen R. Donaldson,,,not_found
9780425243920,"Archangel's Blade (Guild Hunter, #4)",Nalini Singh,,,not_found
9780553374120,Black Holes and Baby Universes,Stephen Hawking,,,not_found
9780385338900,How to Talk to a Widower,Jonathan Tropper,,,not_found
9780671739160,The Story of Philosophy: The Lives and Opinions of the World's Greatest Philosophers,Will Durant,,,not_found
9780679724540,The Gnostic Gospels,Elaine Pagels,,,not_found
9780006514950,"A Monstrous Regiment of Women (Mary Russell, #2)",Laurie R. King,http://books.google.com/books/content?id=CsDIAAAACAAJ&printsec=frontcover&img=1&zoom=1&source=gbs_api,covers/9780006514950.jpg,ok_googlebooks
9780890420260,Diagnostic and Statistical Manual of Mental Disorders DSM-IV-TR,American Psychiatric Association,http://books.google.com/books/content?id=V7drAAAAMAAJ&printsec=frontcover&img=1&zoom=1&source=gbs_api,covers/9780890420260.jpg,ok_googlebooks
9780575100140,Kiss of Snow (Psy-Changeling #10),Nalini Singh,http://books.google.com/books/content?id=g_tAs0ZyXscC&printsec=frontcover&img=1&zoom=1&source=gbs_api,covers/9780575100140.jpg,ok_googlebooks
,"A Blaze of Sun (A Shade of Vampire, #5)",Bella Forrest,,,not_found
9780345324400,"The Gods of Mars (Barsoom, #2)",Edgar Rice Burroughs,,,not_found
9780802122510,An Untamed State,Roxane Gay,,,not_found
9781423183100,"Rose Under Fire (Code Name Verity, #2)",Elizabeth Wein,,,not_found
9780312850530,"Alvin Journeyman (Tales of Alvin Maker, #4)",Orson Scott Card,,,not_found
9781442364460,"The Survivor (Mitch Rapp, #14)","Vince Flynn, Kyle Mills, Armand Schultz",,,not_found
9780374116350,Breath,Tim Winton,,,not_found
9780385529370,"The Accidental Billionaires: The Founding of Facebook, a Tale of Sex, Money, Genius and Betrayal",Ben Mezrich,,,not_found
9781413903170,"Yotsuba&!, Vol. 01 (Yotsuba&! #1)","Kiyohiko Azuma, あずま きよひこ",,,not_found
9780312997120,First Among Equals,Jeffrey Archer,https://covers.openlibrary.org/b/isbn/9780312997120-L.jpg,covers/9780312997120.jpg,ok_openlibrary
,Obsession,Jennifer L. Armentrout,,,not_found
9780340833840,"The Sleeping Doll (Kathryn Dance, #1)",Jeffery Deaver,,,not_found
9780778313660,One Breath Away,Heather Gudenkauf,,,not_found
9780142500590,"Empress of the World (Battle Hall Davies, #1)",Sara Ryan,,,not_found
9780743292510,The Devil's Punchbowl,Greg Iles,,,not_found
,قمر على سمرقند,"محمد المنسي قنديل, Mohamed Mansi Qandil",,,not_found
,"Convicted (Consequences, #3)",Aleatha Romig,,,not_found
9781401200600,"Batman: Hush, Vol. 1","Jeph Loeb, Jim Lee, Scott Williams",,,not_found
9780345507460,"Welcome to the Jungle (The Dresden Files, #0.5)",Jim Butcher,,,not_found
9780553803200,"Blackout (All Clear, #1)",Connie Willis,http://books.google.com/books/content?id=60LuAAAAMAAJ&printsec=frontcover&img=1&zoom=1&source=gbs_api,covers/9780553803200.jpg,ok_googlebooks
9781405204670,Babar the King,Jean de Brunhoff,http://books.google.com/books/content?id=EAsKtAEACAAJ&printsec=frontcover&img=1&zoom=1&source=gbs_api,covers/9781405204670.jpg,ok_googlebooks
,المرحوم,حسن كمال,,,not_found
9781400031600,Noises Off,Michael Frayn,http://books.google.com/books/content?id=pW6PEAAAQBAJ&printsec=frontcover&img=1&zoom=1&source=gbs_api,covers/9781400031600.jpg,ok_googlebooks
9780446697440,The Widow of the South,Robert Hicks,http://books.google.com/books/content?id=QbYwHwAACAAJ&printsec=frontcover&img=1&zoom=1&source=gbs_api,covers/9780446697440.jpg,ok_googlebooks
9780802715520,A History of the World in 6 Glasses,Tom Standage,,,not_found
9780307393880,The Red Garden,Alice Hoffman,,,not_found
9780440225450,The Final Detail (Myron Bolitar #6),Harlan Coben,,,not_found
,Where There's Smoke,Jodi Picoult,,,not_found
9780345477250,Back When We Were Grownups,Anne Tyler,,,not_found
9780380817930,"Olympos (Ilium, #2)",Dan Simmons,,,not_found
9781414358470,Courageous,"Randy Alcorn, Alex Kendrick, Stephen Kendrick",,,not_found
9780763644110,The Magician's Elephant,"Kate DiCamillo, Yoko Tanaka",http://books.google.com/books/content?id=B-PXiqXLfeMC&printsec=frontcover&img=1&zoom=1&edge=curl&source=gbs_api,covers/9780763644110.jpg,ok_googlebooks
9780061742670,Ungifted,Gordon Korman,,,not_found
,"Six's Legacy (Lorien Legacies: The Lost Files, #1)",Pittacus Lore,,,not_found
9780451470900,The Sound of Glass,Karen   White,,,not_found
9781606840580,"The Lost Saint (The Dark Divine, #2)",Bree Despain,,,not_found
9780380706140,"Taliesin (The Pendragon Cycle, #1)",Stephen R. Lawhead,http://books.google.com/books/content?id=pR3lMuhf990C&printsec=frontcover&img=1&zoom=1&source=gbs_api,covers/9780380706140.jpg,ok_googlebooks
9780553807140,Relentless,Dean Koontz,,,not_found
9780812532590,"The Memory of Earth (Homecoming, #1)",Orson Scott Card,,,not_found
9780805423520,Praying God's Word: Breaking Free From Spiritual Strongholds,Beth Moore,,,not_found
9780974960910,The Dead,James Joyce,,,not_found
9785559608470,Jack: Straight from the Gut,"Jack Welch, John A. Byrne, Mike Barnicle",,,not_found
9780061706550,Wench,Dolen Perkins-Valdez,,,not_found
9780843949520,"Dark Legend (Dark, #8)",Christine Feehan,https://covers.openlibrary.org/b/isbn/9780843949520-L.jpg,covers/9780843949520.jpg,ok_openlibrary
9780060256580,The Missing Piece Meets the Big O ,Shel Silverstein,http://books.google.com/books/content?id=YUfgkQEACAAJ&printsec=frontcover&img=1&zoom=1&source=gbs_api,covers/9780060256580.jpg,ok_googlebooks
9780345468700,Blessings,Anna Quindlen,,,not_found
9780060997020,Life is Elsewhere,"Milan Kundera, Aaron Asher",,,not_found
9780545415070,"Underworld (Abandon, #2)",Meg Cabot,,,not_found
9780451412710,"Curse the Dawn (Cassandra Palmer, #4)",Karen Chance,,,not_found
9781416575640,Food Matters: A Guide to Conscious Eating with More Than 75 Recipes,Mark Bittman,,,not_found
9780373776990,"Wicked Nights (Angels of the Dark, #1)",Gena Showalter,,,not_found
9780886774010,Magic's Promise (Valdemar: Last Herald-Mage #2),Mercedes Lackey,,,not_found
9780679772670,In the Skin of a Lion,Michael Ondaatje,,,not_found
9789953715100,ليتها تقرأ,خالد الباتلي,http://books.google.com/books/content?id=pgIvAQAAIAAJ&printsec=frontcover&img=1&zoom=1&source=gbs_api,covers/9789953715100.jpg,ok_googlebooks
9780842332350,"Glorious Appearing: The End of Days (Left Behind, #12)","Tim LaHaye, Jerry B. Jenkins",,,not_found
9780399159310,"Silken Prey (Lucas Davenport, #23)",John Sandford,,,not_found
9781250010130,Most Wanted,Lisa Scottoline,http://books.google.com/books/content?id=4EutCwAAQBAJ&printsec=frontcover&img=1&zoom=1&edge=curl&source=gbs_api,covers/9781250010130.jpg,ok_googlebooks
9780553211580,Pudd'nhead Wilson,Mark Twain,,,not_found
9780399157710,"Mad River (Virgil Flowers, #6)",John Sandford,,,not_found
9781888009030,Metaphysics,"Aristotle, Joe Sachs",,,not_found
9780679759320,Hotel du Lac,Anita Brookner,,,not_found
9780446695700,"Native Tongue (Skink, #2)",Carl Hiaasen,,,not_found
9780312147010,The Persian Pickle Club,Sandra Dallas,,,not_found
9780141319630,"The Worst Witch (Worst Witch, #1)",Jill Murphy,,,not_found
9781250021530,If You Find Me,Emily Murdoch,,,not_found
9789791227450,"Maryamah Karpov: Mimpi-mimpi Lintang (Tetralogi Laskar Pelangi, #4)",Andrea Hirata,,,not_found
9780373210050,"My Soul to Save (Soul Screamers, #2)",Rachel Vincent,,,not_found
9780452276730,"The Ghost Road (Regeneration, #3)",Pat Barker,,,not_found
,"Into the Deep (Into the Deep, #1)",Samantha Young,,,not_found
9780345491140,"Dragonheart (Pern, #21)",Todd J. McCaffrey,,,not_found
9781416983310,Tilt,Ellen Hopkins,,,not_found
9780689717380,The Relatives Came,"Cynthia Rylant, Stephen Gammell",,,not_found
9780803283860,Black Elk Speaks: Being the Life Story of a Holy Man of the Oglala Sioux,"Black Elk, John G. Neihardt",,,not_found
9780142401450,"Pearls of Lutra (Redwall, #9)",Brian Jacques,,,not_found
,"Stone Cold Touch (The Dark Elements, #2)",Jennifer L. Armentrout,,,not_found
9780670020480,The Element: How Finding Your Passion Changes Everything,"Ken Robinson, Lou Aronica",,,not_found
9780670025770,The Secret Chord,Geraldine Brooks,,,not_found
9781490332740,"Conquer Your Love (Surrender Your Love, #2)",J.C. Reed,,,not_found
9780345459210,Halo: The Flood,William C. Dietz,http://books.google.com/books/content?id=ujlaXVJ3kXsC&printsec=frontcover&img=1&zoom=1&source=gbs_api,covers/9780345459210.jpg,ok_googlebooks
9780340752470,Coming Home,Rosamunde Pilcher,https://covers.openlibrary.org/b/isbn/9780340752470-L.jpg,covers/9780340752470.jpg,ok_openlibrary
9780446695640,Basket Case,Carl Hiaasen,https://covers.openlibrary.org/b/isbn/9780446695640-L.jpg,covers/9780446695640.jpg,ok_openlibrary
9781484721350,The Staff of Serapis (Percy Jackson & Kane Chronicles Crossover #2),Rick Riordan,,,not_found
9781416544180,Downtown Owl,Chuck Klosterman,http://books.google.com/books/content?id=REvp6V_CCkkC&printsec=frontcover&img=1&zoom=1&edge=curl&source=gbs_api,covers/9781416544180.jpg,ok_googlebooks
9780340682390,What I Loved,Siri Hustvedt,,,not_found
9780375755190,Sailing Alone Around the Room: New and Selected Poems,Billy Collins,http://books.google.com/books/content?id=YctvDwAAQBAJ&printsec=frontcover&img=1&zoom=1&edge=curl&source=gbs_api,covers/9780375755190.jpg,ok_googlebooks
9780671876460,"Mirror Dance (Vorkosigan Saga, #8)",Lois McMaster Bujold,http://books.google.com/books/content?id=3THuAAAAMAAJ&printsec=frontcover&img=1&zoom=1&source=gbs_api,covers/9780671876460.jpg,ok_googlebooks
,Battlefield Earth: A Saga of the Year 3000,L. Ron Hubbard,,,not_found
9780345397680,"Antrax (Voyage of the Jerle Shannara, #2)",Terry Brooks,,,not_found
9780062048550,"Once (Eve, #2)",Anna Carey,,,not_found
9781482658150,A Different Blue,Amy Harmon,,,not_found
9780312363050,Agnes and the Hitman,"Jennifer Crusie, Bob Mayer",,,not_found
9781596914520,Logicomix: An epic search for truth,"Apostolos Doxiadis, Christos H. Papadimitriou, Alecos Papadatos, Annie Di Donna",,,not_found
,"At Peace (The 'Burg, #2)",Kristen Ashley,,,not_found
9780062305190,The Residence: Inside the Private World of the White House,Kate Andersen Brower,,,not_found
,Last Train to Istanbul,"Ayşe Kulin, John W. Baker",,,not_found
9782246760020,HHhH,Laurent Binet,,,not_found
9780441010290,"The Lost Years (The Lost Years of Merlin, #1)",T.A. Barron,http://books.google.com/books/content?id=_kQHAAAACAAJ&printsec=frontcover&img=1&zoom=1&source=gbs_api,covers/9780441010290.jpg,ok_googlebooks
9780345540870,The Life List,Lori Nelson Spielman,,,not_found
9780679417380,Buddenbrooks: The Decline of a Family,"Thomas Mann, John E. Woods, T.J. Reed",,,not_found
9780778325640,"Storm Glass (Glass, #1)",Maria V. Snyder,http://books.google.com/books/content?id=kxrslwEACAAJ&printsec=frontcover&img=1&zoom=1&source=gbs_api,covers/9780778325640.jpg,ok_googlebooks
9780689857970,"Among the Enemy (Shadow Children, #6)",Margaret Peterson Haddix,http://books.google.com/books/content?id=hKSnngEACAAJ&printsec=frontcover&img=1&zoom=1&source=gbs_api,covers/9780689857970.jpg,ok_googlebooks
9780141186160,"The Sea, the Sea","Iris Murdoch, Mary Kinzie",http://books.google.com/books/content?id=3Hw6xWim3tEC&printsec=frontcover&img=1&zoom=1&edge=curl&source=gbs_api,covers/9780141186160.jpg,ok_googlebooks
9781406507880,Uncle Vanya,Anton Chekhov,,,not_found
9780061797090,"The Rising (Darkness Rising, #3)",Kelley Armstrong,,,not_found
9780316097390,The Christmas Wedding,"James Patterson, Richard DiLallo",,,not_found
9780670032080,Financial Peace Revisited,Dave Ramsey,,,not_found
9781479207120,"Incendiary (The Premonition, #4)",Amy A. Bartol,,,not_found
9780307461190,This Time Together: Laughter and Reflection,Carol Burnett,,,not_found
9780671888590,I'll Be Seeing You,Mary Higgins Clark,,,not_found
9780140280460,My Year of Meats,Ruth Ozeki,,,not_found
9781475145570,"Eden (Providence, #3)",Jamie McGuire,,,not_found
9780385337380,The House of God,"Samuel Shem, John Updike",,,not_found
,Stupeur et tremblements,Amélie Nothomb,,,not_found
9780439874020,Echo,Pam Muñoz Ryan,,,not_found
9780399533460,Wreck This Journal,Keri Smith,,,not_found
9780446696170,Fledgling,Octavia E. Butler,,,not_found
9780439395620,"The Bar Code Tattoo (Bar Code, #1)",Suzanne Weyn,http://books.google.com/books/content?id=79IkPwAACAAJ&printsec=frontcover&img=1&zoom=1&source=gbs_api,covers/9780439395620.jpg,ok_googlebooks
9780060007770,The Gulag Archipelago 1918-1956,"Aleksandr Solzhenitsyn, Edward E. Ericson Jr.",,,not_found
9781451649920,"MacRieve (Immortals After Dark, #14)",Kresley Cole,,,not_found
9780874778880,Seven Years in Tibet,Heinrich Harrer,,,not_found
9780375727380,"American Tabloid (Underworld USA, #1)",James Ellroy,,,not_found
9781484709020,"Serafina and the Black Cloak (Serafina, #1)",Robert  Beatty,http://books.google.com/books/content?id=s9IurgEACAAJ&printsec=frontcover&img=1&zoom=1&source=gbs_api,covers/9781484709020.jpg,ok_googlebooks
9781442408620,"The Fallen and Leviathan (The Fallen, #1-2)",Thomas E. Sniegoski,,,not_found
9780345419390,"The Renegades of Pern (Pern, #10)",Anne McCaffrey,,,not_found
9781857239410,A New Hope  (Star Wars: Novelizations #4),"Alan Dean Foster, George Lucas",,,not_found
,"The Queen's Poisoner (Kingfountain, #1)",Jeff Wheeler,,,not_found
9780345498200,Summer House,Nancy Thayer,http://books.google.com/books/content?id=UMvSqjoAOr8C&printsec=frontcover&img=1&zoom=1&source=gbs_api,covers/9780345498200.jpg,ok_googlebooks
9780688044020,The Cake Bible,"Rose Levy Beranbaum, Maria Guarnaschelli, Vincent Lee, Manuela Paul, Dean G. Bornstein",,,not_found
9780156005200,Baltasar and Blimunda,"José Saramago, Giovanni Pontiero",,,not_found
9780446546320,Oogy: The Dog Only a Family Could Love,Larry Levin,,,not_found
9780307270740,Commencement ,J. Courtney Sullivan,https://covers.openlibrary.org/b/isbn/9780307270740-L.jpg,covers/9780307270740.jpg,ok_openlibrary
9781592400830,Almost French: Love and a New Life in Paris,Sarah Turnbull,,,not_found
9780345476870,Pandora / Vittorio the Vampire (New Tales of the Vampires),Anne Rice,,,not_found
9780061728940,"Summer and the City (The Carrie Diaries, #2)",Candace Bushnell,,,not_found
9780425204270,"Origin in Death (In Death, #21)",J.D. Robb,,,not_found
9780307459660,The Invisible Gorilla: And Other Ways Our Intuitions Deceive Us,"Christopher Chabris, Daniel Simons",,,not_found
9780689849240,"The First Part Last (Heaven, #2)",Angela Johnson,,,not_found
9780553583600,"Prior Bad Acts (Kovac and Liska, #3)",Tami Hoag,,,not_found
9780061131650,"Firestar's Quest (Warriors Super Edition, #1)",Erin Hunter,,,not_found
9780763655990,This is Not My Hat,Jon Klassen,,,not_found
9780385521730,A Fraction of the Whole,Steve Toltz,,,not_found
9780842386880,"Rejoice (Redemption, #4)","Karen Kingsbury, Gary Smalley",,,not_found
9780761147480,I Will Teach You To Be Rich,Ramit Sethi,,,not_found
9780446580850,"Radiant Angel (John Corey, #7)",Nelson DeMille,,,not_found
9781405208190,"Tintin in Tibet (Tintin, #20)","Hergé, Leslie Lonsdale-Cooper, Michael Turner",http://books.google.com/books/content?id=PsA7PgAACAAJ&printsec=frontcover&img=1&zoom=1&source=gbs_api,covers/9781405208190.jpg,ok_googlebooks
9780385530800,Physics of the Future: How Science Will Shape Human Destiny and Our Daily Lives by the Year 2100,Michio Kaku,,,not_found
9780099459060,"Firewall (Wallander, #8)","Henning Mankell, Ebba Segerberg",,,not_found
9781423168230,"The Naturals (The Naturals, #1)",Jennifer Lynn Barnes,,,not_found
9780810994780,"Tales From the Hood (The Sisters Grimm, #6)","Michael Buckley, Peter Ferguson",,,not_found
9781931514940,"Love Hina, Vol. 01",Ken Akamatsu,,,not_found
,Killing Reagan: The Violent Assault That Changed a Presidency,"Bill O'Reilly, Martin Dugard",,,not_found
9780316611690,"Mutiny on the Bounty (The Bounty Trilogy, #1)","Charles Bernard Nordhoff, James Norman Hall",,,not_found
9781612187010,"The Wretched of Muirwood (Legends of Muirwood, #1)",Jeff Wheeler,,,not_found
9780486424520,Nostromo,Joseph Conrad,,,not_found
9780192805620,Mary Barton,"Elizabeth Gaskell, Shirley Foster",http://books.google.com/books/content?id=FqDTTIhjp74C&printsec=frontcover&img=1&zoom=1&edge=curl&source=gbs_api,covers/9780192805620.jpg,ok_googlebooks
9781421506290,"Death Note, Vol. 7: Zero (Death Note, #7)","Tsugumi Ohba, Takeshi Obata",http://books.google.com/books/content?id=e-MnzwEACAAJ&printsec=frontcover&img=1&zoom=1&source=gbs_api,covers/9781421506290.jpg,ok_googlebooks
9780980003440,"The Crown Conspiracy (The Riyria Revelations, #1)",Michael J. Sullivan,,,not_found
,The Sister,Louise Jensen,,,not_found
9780062429970,"The Shepherd's Crown (Discworld, #41; Tiffany Aching, #5)",Terry Pratchett,http://books.google.com/books/content?id=-9NNrgEACAAJ&printsec=frontcover&img=1&zoom=1&source=gbs_api,covers/9780062429970.jpg,ok_googlebooks
9780380753020,"Gentle Rogue (Malory-Anderson Family, #3)",Johanna Lindsey,,,not_found
9781250029880,"Styxx (Dark-Hunter, #22)",Sherrilyn Kenyon,,,not_found
,"The Shadow Throne (The Ascendance Trilogy, #3)",Jennifer A. Nielsen,,,not_found
9780192804750,Eugénie Grandet,"Honoré de Balzac, Sylvia Raphael, Christopher Prendergast",,,not_found
9780394584040,Essentials of Classic Italian Cooking,"Marcella Hazan, Karin Kretschmann",,,not_found
9780312340710,Silence of the Grave (Inspector Erlendur #4),"Arnaldur Indriðason, Bernard Scudder",,,not_found
9780758278430,The Plum Tree,Ellen Marie Wiseman,,,not_found
9781410400960,"The Stone Monkey (Lincoln Rhyme, #4)",Jeffery Deaver,,,not_found
9780064440010,A Bargain for Frances,"Russell Hoban, Lillian Hoban",,,not_found
9780805090060,"Girl, Stolen (Girl, Stolen #1)",April Henry,http://books.google.com/books/content?id=QwZEngEACAAJ&printsec=frontcover&img=1&zoom=1&source=gbs_api,covers/9780805090060.jpg,ok_googlebooks
9780803737200,The Catastrophic History of You and Me,Jess Rothenberg,http://books.google.com/books/content?id=JFocngEACAAJ&printsec=frontcover&img=1&zoom=1&source=gbs_api,covers/9780803737200.jpg,ok_googlebooks
9780399158830,"Calculated in Death (In Death, #36)",J.D. Robb,,,not_found
9781590388010,"Leven Thumps and the Eyes of the Want (Leven Thumps, #3)",Obert Skye,,,not_found
9781555977080,The Argonauts,Maggie Nelson,,,not_found
9781935618040,The Girl Who Was on Fire: Your Favorite Authors on Suzanne Collins' Hunger Games Trilogy,"Leah Wilson, Jennifer Lynn Barnes, Mary Borsellino, Sarah Rees Brennan, Terri  Clark, Bree Despain, Adrienne Kress, Sarah Darer Littman, Cara Lockwood, Elizabeth M. Rees, Carrie Ryan, Ned Vizzini, Lili Wilkinson, Blythe Woolston",,,not_found
9780758266940,"Kiss of Frost (Mythos Academy, #2)",Jennifer Estep,,,not_found
9780374106680,The Last Painting of Sara de Vos,Dominic Smith,,,not_found
9780316005270,Gonzo: The Life of Hunter S. Thompson,"Jann S. Wenner, Corey Seymour",,,not_found
,"Accidentally on Purpose (Accidentally on Purpose, #1)",L.D. Davis,,,not_found
9780439050230,Duck On A Bike,David Shannon,,,not_found
9780850515020,Memórias Póstumas de Brás Cubas,Machado de Assis,,,not_found
9780140097310,"City of Glass (The New York Trilogy, #1)",Paul Auster,,,not_found
9781401341700,The Soldier's Wife,Margaret Leroy,,,not_found
9780061160880,"This Body of Death (Inspector Lynley, #16)",Elizabeth  George,http://books.google.com/books/content?id=8DcVOGNk-fMC&printsec=frontcover&img=1&zoom=1&edge=curl&source=gbs_api,covers/9780061160880.jpg,ok_googlebooks
9780446500040,"Kushiel's Mercy (Imriel's Trilogy, #3)",Jacqueline Carey,,,not_found
9780765332000,"Shadows in Flight (Ender's Shadow, #5)",Orson Scott Card,,,not_found
9780553262150,"Emily Climbs (Emily, #2)",L.M. Montgomery,,,not_found
9780810987880,"ttyl (Internet Girls, #1)",Lauren Myracle,,,not_found
9780062289250,"Burn for Me (Hidden Legacy, #1)",Ilona Andrews,,,not_found
,"Dawn of Wonder (The Wakening, #1)",Jonathan Renshaw,,,not_found
9781421515630,"Vampire Knight, Vol. 4 (Vampire Knight, #4)","Matsuri Hino, Tomo Kimura",,,not_found
9780312291460,If Chins Could Kill: Confessions of a B-Movie Actor,Bruce Campbell,,,not_found
9780060009430,How to Read Literature Like a Professor: A Lively and Entertaining Guide to Reading Between the Lines,Thomas C. Foster,,,not_found
9780757303340,What the Bleep Do We Know!?: Discovering the Endless Possibilities for Altering Your Everyday Reality,"William Arntz, Betsy Chasse, Mark Vicente",https://covers.openlibrary.org/b/isbn/9780757303340-L.jpg,covers/9780757303340.jpg,ok_openlibrary
9780152002660,Mouse Paint,Ellen Stoll Walsh,,,not_found
9783499237710,Train Dreams,"Denis Johnson, Bettina Abarbanell",http://books.google.com/books/content?id=V9k4AAAACAAJ&printsec=frontcover&img=1&zoom=1&source=gbs_api,covers/9783499237710.jpg,ok_googlebooks
9783822859710,Edvard Munch: 1863-1944 (Basic Art),Ulrich Bischoff,,,not_found
,"Just One Drop (The Grey Wolves, #3)",Quinn Loftis,,,not_found
9780811879540,Press Here,"Hervé Tullet, Christopher Franceschelli",,,not_found
9780062219690,The Art of Thinking Clearly,Rolf Dobelli,,,not_found
9780192723710,The Lady of Shalott,"Alfred Tennyson, Charles Keeping",,,not_found
9780689875460,"Revenge of the Wannabes (The Clique, #3)",Lisi Harrison,,,not_found
9781401341760,Happy Accidents: A Memoir,"Jane Lynch, Lisa Dickey",http://books.google.com/books/content?id=vDfSnQEACAAJ&printsec=frontcover&img=1&zoom=1&source=gbs_api,covers/9781401341760.jpg,ok_googlebooks
9780752849200,Darkest Fear (Myron Bolitar #7),Harlan Coben,,,not_found
,"The Look of Love (San Francisco Sullivans, #1; The Sullivans, #1)",Bella Andre,,,not_found
9780743281640,"Chasing Darkness (Elvis Cole, #12)",Robert Crais,,,not_found
9781563890530,Hellblazer: Original Sins,"Jamie Delano, John Ridgway, Alfredo Alcalá",,,not_found
9780679730020,The Wives of Henry VIII,Antonia Fraser,,,not_found
9780061998160,Every Thing on It,Shel Silverstein,http://books.google.com/books/content?id=mrObYgEACAAJ&printsec=frontcover&img=1&zoom=1&source=gbs_api,covers/9780061998160.jpg,ok_googlebooks
9780749955920,"Celebrity in Death (In Death, #34)",J.D. Robb,,,not_found
9780394839740,The Snowman,Raymond Briggs,,,not_found
9780062333050,"Nash (Marked Men, #4)",Jay Crownover,,,not_found
9780399155990,"Rough Country (Virgil Flowers, #3)",John Sandford,,,not_found
9780192836180,On the Genealogy of Morals,"Friedrich Nietzsche, Douglas Smith",,,not_found
9780449911940,Rabbit Redux (Rabbit Angstrom #2),John Updike,,,not_found
9780060562250,Lemony Snicket: The Unauthorized Autobiography (A Series of Unfortunate Events companion),Lemony Snicket,,,not_found
9780340894330,"The Killing (Cherub, #4)",Robert Muchamore,https://covers.openlibrary.org/b/isbn/9780340894330-L.jpg,covers/9780340894330.jpg,ok_openlibrary
,"Rival (Fall Away, #2)","Penelope Douglas, Abby Craden, Nelson Hobbs",,,not_found
9786030150600,أقوم قيلا,سلطان موسى الموسى,,,not_found
9781250067840,"Orphan X (Orphan X, #1)",Gregg Hurwitz,,,not_found
9780330344950,"Ross Poldark (Poldark, #1)",Winston Graham,,,not_found
9781587672290,Blockade Billy,Stephen King,,,not_found
9780752858630,The Matlock Paper,Robert Ludlum,,,not_found
9781585678440,"The 13½ Lives of Captain Bluebear (Zamonia, #1)","Walter Moers, John Brownjohn",https://covers.openlibrary.org/b/isbn/9781585678440-L.jpg,covers/9781585678440.jpg,ok_openlibrary
9781627761310,حوجن [Ḥawjan],"Ibraheem Abbas, إبراهيم عباس, Yasser Bahjatt",,,not_found
9780060519570,"Touching Darkness (Midnighters, #2)",Scott Westerfeld,http://books.google.com/books/content?id=_frB5yufD1cC&printsec=frontcover&img=1&zoom=1&edge=curl&source=gbs_api,covers/9780060519570.jpg,ok_googlebooks
9780140294290,"Sharpe's Rifles (Sharpe, #6)",Bernard Cornwell,,,not_found
9780140449210,The Twelve Caesars,"Suetonius, Michael Grant, Robert Graves",,,not_found
9780345479330,"Vector Prime (Star Wars: The New Jedi Order, #1)",R.A. Salvatore,,,not_found
9781743484950,"Kings Rising (Captive Prince, #3)",C.S. Pacat,http://books.google.com/books/content?id=We_5CQAAQBAJ&printsec=frontcover&img=1&zoom=1&source=gbs_api,covers/9781743484950.jpg,ok_googlebooks
9781594205350,Detroit: An American Autopsy,Charlie LeDuff,,,not_found
9780061043500,"Gaudy Night (Lord Peter Wimsey, #12)",Dorothy L. Sayers,,,not_found
9781565125520,Breakfast with Buddha,Roland Merullo,https://covers.openlibrary.org/b/isbn/9781565125520-L.jpg,covers/9781565125520.jpg,ok_openlibrary
9780394758250,"The Lady in the Lake (Philip Marlowe, #4)",Raymond Chandler,http://books.google.com/books/content?id=GGiNEAAAQBAJ&printsec=frontcover&img=1&zoom=1&source=gbs_api,covers/9780394758250.jpg,ok_googlebooks
9780439673630,I Love You Through and Through,"Bernadette Rossetti-Shustak, Caroline Jayne Church",http://books.google.com/books/content?id=5m9_ngEACAAJ&printsec=frontcover&img=1&zoom=1&source=gbs_api,covers/9780439673630.jpg,ok_googlebooks
9781416593390,"Revenge of the Spellmans (The Spellmans, #3)",Lisa Lutz,,,not_found
9781846058320,Private London (Private #4),"James Patterson, Mark Pearson",,,not_found
9780060082090,"Mortal Engines (The Hungry City Chronicles, #1)",Philip Reeve,,,not_found
9780984857400,"Spying in High Heels (High Heels, #1)",Gemma Halliday,,,not_found
9780451463070,"Blood Cross (Jane Yellowrock, #2)",Faith Hunter,,,not_found
,The Country Mouse and the City Mouse; The Fox and the Crow; The Dog and His Bone,"Patricia M. Scarry, Richard Scarry",,,not_found
9780525954570,"Crash & Burn (Tessa Leoni, #3)",Lisa Gardner,,,not_found
9780886778450,"River of Blue Fire (Otherland, #2)",Tad Williams,,,not_found
,"The Assassin and the Underworld (Throne of Glass, #0.4)",Sarah J. Maas,,,not_found
9780345501740,Gentlemen of the Road,"Michael Chabon, Gary Gianni",,,not_found
9780062209850,The Death of Bees,Lisa O'Donnell,,,not_found
9780743484250,Big Fish,Daniel Wallace,http://books.google.com/books/content?id=F3k8PgAACAAJ&printsec=frontcover&img=1&zoom=1&source=gbs_api,covers/9780743484250.jpg,ok_googlebooks
9780786814180,"The Wind Singer (Wind on Fire, #1)","William Nicholson, Peter Sís",,,not_found
9780316043010,Those Guys Have All the Fun: Inside the World of ESPN,"James Andrew Miller, Tom Shales",,,not_found
9780425266860,"Breakable (Contours of the Heart, #2)",Tammara Webber,,,not_found
9780156031620,The End of Mr. Y,Scarlett Thomas,,,not_found
9780767902850,Bella Tuscany,Frances Mayes,,,not_found
9780062007280,Through My Eyes,"Tim Tebow, Nathan Whitaker",,,not_found
,"Curtsies & Conspiracies (Finishing School, #2)",Gail Carriger,,,not_found
9780446610380,"Parable of the Talents (Earthseed, #2)",Octavia E. Butler,,,not_found
9780345511290,Darth Plagueis,James Luceno,,,not_found
9780618446870,Dark Star Safari: Overland from Cairo to Cape Town,Paul Theroux,,,not_found
9781613778530,"Locke & Key, Vol. 6: Alpha & Omega","Joe Hill, Gabriel Rodríguez",,,not_found
9780451236720,"Black Dawn (The Morganville Vampires, #12)",Rachel Caine,,,not_found
,"The Billionaire's Obsession ~ Simon (The Billionaire's Obsession, #1)",J.S. Scott,,,not_found
9780060283250,If You Give a Cat a Cupcake,"Laura Joffe Numeroff, Felicia Bond",,,not_found
9780345327860,"Crystal Singer (Crystal Singer, #1)",Anne McCaffrey,http://books.google.com/books/content?id=jdEr9ENG1O0C&printsec=frontcover&img=1&zoom=1&source=gbs_api,covers/9780345327860.jpg,ok_googlebooks
9780743265230,"Empire of the Sun (Empire of the Sun, #1)",J.G. Ballard,,,not_found
9780316261240,Underground Airlines,Ben H. Winters,,,not_found
9780062454970,"The Rainbow Comes and Goes: A Mother and Son On Life, Love, and Loss","Anderson Cooper, Gloria Vanderbilt",,,not_found
9781250002820,"Infamous (Chronicles of Nick, #3)",Sherrilyn Kenyon,,,not_found
9780440220430,Having Our Say: The Delany Sisters' First 100 Years,"Sarah L. Delany, A. Elizabeth Delany, Amy Hill Hearth",,,not_found
9780374299260,Lush Life,Richard Price,,,not_found
9780312359670,"Raven Black (Shetland Island, #1)",Ann Cleeves,,,not_found
9780385342940,The Truth According to Us,Annie Barrows,,,not_found
9780140449440,Thérèse Raquin,"Émile Zola, Robin Buss",,,not_found
9780842386880,"Reunion (Redemption, #5)","Karen Kingsbury, Gary Smalley",,,not_found
9780307395000,The Night Strangers,Chris Bohjalian,,,not_found
9780552998770,"More Tales of the City (Tales of the City, #2)",Armistead Maupin,,,not_found
9780631227080,Art in Theory 1900 - 2000: An Anthology of Changing Ideas,"Charles Harrison, Paul Wood",,,not_found
9781250111170,Behind Her Eyes,Sarah Pinborough,,,not_found
9780486437510,The King in Yellow and Other Horror Stories,"Robert W. Chambers, E.F. Bleiler",,,not_found
9780393307610,H.M.S. Surprise,Patrick O'Brian,,,not_found
9780778325500,"Twenty Wishes (Blossom Street, #5)",Debbie Macomber,,,not_found
9780451163940,The Virtue of Selfishness: A New Concept of Egoism,"Ayn Rand, Nathaniel Branden",,,not_found
9780671038540,What's Eating Gilbert Grape,Peter Hedges,https://covers.openlibrary.org/b/isbn/9780671038540-L.jpg,covers/9780671038540.jpg,ok_openlibrary
9780312571250,One Good Dog,Susan  Wilson,,,not_found
9780670020580,Through Black Spruce,Joseph Boyden,,,not_found
9780312576980,The Murderer's Daughters,Randy Susan Meyers,,,not_found
9780399154710,"Strangers in Death (In Death, #26)",J.D. Robb,,,not_found
9781423157310,"The Archived (The Archived, #1)",Victoria Schwab,,,not_found
9780802130910,Glengarry Glen Ross,David Mamet,,,not_found
9781250077690,The Sound of Gravel,Ruth Wariner,,,not_found
,"Evelyn, After",Victoria Helen Stone,,,not_found
9780723247340,The Complete Adventures of Peter Rabbit,Beatrix Potter,,,not_found
9789509051380,"Sin City: Una Dura Despedida, #1 de 3",Frank Miller,http://books.google.com/books/content?id=o6NaPQAACAAJ&printsec=frontcover&img=1&zoom=1&source=gbs_api,covers/9789509051380.jpg,ok_googlebooks
9780606300540,A Charlie Brown Christmas,Charles M. Schulz,,,not_found
9780735102870,Resurrection,"Leo Tolstoy, Louise Maude, Aylmer Maude",,,not_found
9780802135780,Sexing the Cherry,Jeanette Winterson,https://covers.openlibrary.org/b/isbn/9780802135780-L.jpg,covers/9780802135780.jpg,ok_openlibrary
9780743254430,"Random Family: Love, Drugs, Trouble, and Coming of Age in the Bronx",Adrian Nicole LeBlanc,,,not_found
9780425223250,"Hostage to Pleasure (Psy-Changeling, #5)",Nalini Singh,,,not_found
9781401211040,"Justice, Volume 1","Jim Krueger, Alex Ross, Doug Braithwaite",,,not_found
9781439134340,"Hard Magic (Grimnoir Chronicles, #1)",Larry Correia,,,not_found
9781847376180,"Storm Prey (Lucas Davenport, #20)",John Sandford,,,not_found
9781937007290,"Fated (Alex Verus, #1)",Benedict Jacka,,,not_found
9780310240500,The Case for a Creator: A Journalist Investigates Scientific Evidence That Points Toward God,Lee Strobel,,,not_found
9780345505710,"Victims (Alex Delaware, #27)",Jonathan Kellerman,,,not_found
9780755358790,Instructions for a Heatwave,Maggie O'Farrell,,,not_found
9781419717020,"Old School (Diary of a Wimpy Kid, #10)",Jeff Kinney,,,not_found
9780061784800,The Eye of God (Sigma Force #9),James Rollins,,,not_found
9780571225360,An Artist of the Floating World,Kazuo Ishiguro,,,not_found
9780062240190,"Romancing the Duke (Castles Ever After, #1)",Tessa Dare,,,not_found
9780345543130,"The Job (Fox and O'Hare, #3)","Janet Evanovich, Lee Goldberg",,,not_found
9780451410820,"The Man With a Load of Mischief (Richard Jury, #1)",Martha Grimes,,,not_found
9780062277020,LaRose,Louise Erdrich,http://books.google.com/books/content?id=nFUZswEACAAJ&printsec=frontcover&img=1&zoom=1&source=gbs_api,covers/9780062277020.jpg,ok_googlebooks
9780802118580,Night Train to Lisbon,"Pascal Mercier, Barbara Harshav",,,not_found
9781463756970,"The Underworld (Fallen Star, #2)",Jessica Sorensen,,,not_found
9780743262130,"The Path Between the Seas: The Creation of the Panama Canal, 1870-1914",David McCullough,,,not_found
9780061256680,Waiter Rant: Thanks for the Tip-Confessions of a Cynical Waiter,"The Waiter, Steve Dublanica",,,not_found
9781620402760,Before We Met,Lucie Whitehouse,,,not_found
9780786813070,The Skin I'm In,Sharon G. Flake,https://covers.openlibrary.org/b/isbn/9780786813070-L.jpg,covers/9780786813070.jpg,ok_openlibrary
9780385366430,"Two Ravens and One Crow (The Iron Druid Chronicles, #4.5)",Kevin Hearne,,,not_found
9780399157230,"Dead or Alive (Jack Ryan Universe, #13)","Tom Clancy, Grant Blackwood",,,not_found
9780968709180,To Build a Fire,Jack London,http://books.google.com/books/content?id=WWUNAAAACAAJ&printsec=frontcover&img=1&zoom=1&source=gbs_api,covers/9780968709180.jpg,ok_googlebooks
9780543896600,The Black Arrow,Robert Louis Stevenson,,,not_found
9780671729400,"Fallen Hearts (Casteel, #3)",V.C. Andrews,,,not_found
9781439156340,"The Burning Wire (Lincoln Rhyme, #9)",Jeffery Deaver,,,not_found
9780316899990,"River, Cross My Heart",Breena Clarke,,,not_found
,رأيت رام الله,"Mourid Barghouti, مريد البرغوثي",,,not_found
9780345417960,The 158-Pound Marriage,John Irving,,,not_found
9781401322910,Free: The Future of a Radical Price,Chris Anderson,,,not_found
9781419122120,"Good Wives (Little Women, #1.5)",Louisa May Alcott,,,not_found
9780452275040,Dear Theo,"Vincent van Gogh, Irving Stone, Jean   Stone",,,not_found
9781560974320,Palestine,"Joe Sacco, Edward Said",,,not_found
9780316701340,"Invasion of the Boy Snatchers (The Clique, #4)",Lisi Harrison,,,not_found
,"The Sworn Sword (The Tales of Dunk and Egg, #2)",George R.R. Martin,,,not_found
9780062227320,The Ghost Bride,Yangsze Choo,,,not_found
,The Complete Works of H.P. Lovecraft,H.P. Lovecraft,,,not_found
9780007350480,One Hundred Names,Cecelia Ahern,,,not_found
9780756403010,"Dragon Prince (Dragon Prince, #1)",Melanie Rawn,https://covers.openlibrary.org/b/isbn/9780756403010-L.jpg,covers/9780756403010.jpg,ok_openlibrary
9780156030370,The Island of the Day Before,Umberto Eco,,,not_found
9780345379180,Billions & Billions: Thoughts on Life and Death at the Brink of the Millennium,"Carl Sagan, Ann Druyan",,,not_found
9781595828750,"Avatar: The Last Airbender (The Promise, #2)","Gene Luen Yang, Michael Dante DiMartino, Gurihiru, Bryan Konietzko",,,not_found
9780064440520,Little Bear's Friend,"Else Holmelund Minarik, Maurice Sendak",,,not_found
9781505724520,The Pact,Karina Halle,,,not_found
9780743235270,The Creative Habit: Learn It and Use It for Life,Twyla Tharp,,,not_found
9780061990660,"A Beautiful Dark (A Beautiful Dark, #1)",Jocelyn Davies,,,not_found
9780440409410,"The Castle in the Attic (The Castle in the Attic, #1)",Elizabeth Winthrop,,,not_found
9780552551310,"Girls in Love (Girls, #1)",Jacqueline Wilson,http://books.google.com/books/content?id=2gQSAAAACAAJ&printsec=frontcover&img=1&zoom=1&source=gbs_api,covers/9780552551310.jpg,ok_googlebooks
9780399160460,"Threat Vector (Jack Ryan Universe, #15)","Tom Clancy, Mark Greaney",,,not_found
9780788720390,"Lady of Avalon (Avalon, #3)","Marion Zimmer Bradley, Diana L. Paxson",,,not_found
9780671725820,Miles: The Autobiography,"Miles Davis, Quincy Troupe",,,not_found
9780061767890,Does the Noise in My Head Bother You?,Steven Tyler,,,not_found
9781476778010,"Beautiful Secret (Beautiful Bastard, #4)",Christina Lauren,,,not_found
9781416549970,"The Broken Window (Lincoln Rhyme, #8)",Jeffery Deaver,,,not_found
9781476776070,"You Were Mine (Rosemary Beach, #9)",Abbi Glines,,,not_found
9780399157580,"Dust (Kay Scarpetta, #21)",Patricia Cornwell,,,not_found
9780486275440,The Three Sisters,Anton Chekhov,http://books.google.com/books/content?id=Qmm9DgAAQBAJ&printsec=frontcover&img=1&zoom=1&edge=curl&source=gbs_api,covers/9780486275440.jpg,ok_googlebooks
9780439679960,"Evil Star (The Gatekeepers, #2)",Anthony Horowitz,,,not_found
9780312989770,Nantucket Nights,Elin Hilderbrand,,,not_found
9780312983280,Full Tilt (Full #2),"Janet Evanovich, Charlotte Hughes",,,not_found
9780802472960,Lies Women Believe: And the Truth that Sets Them Free,"Nancy Leigh DeMoss, Elisabeth Elliot",https://covers.openlibrary.org/b/isbn/9780802472960-L.jpg,covers/9780802472960.jpg,ok_openlibrary
9780316032220,Beat the Reaper (Peter Brown #1),Josh Bazell,,,not_found
9780345418530,"Ogre, Ogre (Xanth #5)",Piers Anthony,,,not_found
9780425272350,"Devil's Game (Reapers MC, #3)",Joanna Wylde,,,not_found
2940011080650,"The Keeping (Law of the Lycans, #3)",Nicky Charles,,,not_found
9780517502910,The Annotated Sherlock Holmes: The Four Novels and the Fifty-Six Short Stories Complete (2 Volume Set),"Arthur Conan Doyle, William S. Baring-Gould",,,not_found
9780143035060,"Out to Canaan (Mitford Years, #4)",Jan Karon,,,not_found
9780140547120,There's a Nightmare in My Closet,Mercer Mayer,,,not_found
9780140504200,Where's Spot?,Eric Hill,,,not_found
9780805445530,Breaking Free: Discover the Victory of Total Surrender,Beth Moore,,,not_found
9781515303950,Cocky Bastard,"Penelope Ward, Vi Keeland",,,not_found
9780007419490,"The Hidden Child (Patrik Hedström, #5)","Camilla Läckberg, Tiina Nunnally",,,not_found
9780316002930,"The Dangerous Days of Daniel X (Daniel X, #1)","James Patterson, Michael Ledwidge",,,not_found
9780765340790,"The Machine Crusade (Legends of Dune, #2)","Brian Herbert, Kevin J. Anderson",,,not_found
9780545240770,Prom and Prejudice,Elizabeth Eulberg,,,not_found
9780446695670,Strip Tease,Carl Hiaasen,,,not_found
9781595541820,"Showdown (Paradise, #1)",Ted Dekker,,,not_found
9780451217460,Waiting to Exhale (Waiting To Exhale #1),Terry McMillan,,,not_found
9780679761040,Snow Country,"Yasunari Kawabata, Edward G. Seidensticker",,,not_found
9781400034700,Strange Pilgrims,Gabriel García Márquez,,,not_found
9780399164420,"Thankless in Death (In Death, #37)",J.D. Robb,,,not_found
9780062325340,"Flesh and Blood (Kay Scarpetta, #22)",Patricia Cornwell,,,not_found
9780425161240,"Chromosome 6 (Jack Stapleton & Laurie Montgomery, #3)",Robin Cook,,,not_found
,Autumn in Paris,Ilana Tan,,,not_found
9780767921990,Getting Stoned with Savages: A Trip Through the Islands of Fiji and Vanuatu,J. Maarten Troost,,,not_found
9780743431680,Call for the Dead,John le Carré,,,not_found
9780486434090,The House of the Dead,"Fyodor Dostoyevsky, Ergin Altay",,,not_found
,"Wisdom (My Blood Approves, #4)",Amanda Hocking,,,not_found
9780312348720,"A Total Waste of Makeup (Charlize Edwards, #1)",Kim Gruenenfelder,,,not_found
,"Defy (Defy, #1)",Sara B. Larson,,,not_found
9780142501080,"Marlfox (Redwall, #11)",Brian Jacques,,,not_found
9780141320630,"Once (Once, #1)",Morris Gleitzman,,,not_found
,The Misremembered Man (Tailorstown #1),Christina McKenna,,,not_found
9780316909690,"Because I'm Worth It (Gossip Girl, #4)",Cecily von Ziegesar,,,not_found
9780062081900,"Stunning (Pretty Little Liars, #11)",Sara Shepard,,,not_found
9780449138240,The Howling,Gary Brandner,,,not_found
9780399162370,"Deadline (Virgil Flowers, #8)",John Sandford,,,not_found
9780375834870,Scat,Carl Hiaasen,,,not_found
9780743231510,Life After God,Douglas Coupland,,,not_found
9780380008320,Sign of the Unicorn (The Chronicles of Amber #3),Roger Zelazny,,,not_found
9780143036940,The City of Falling Angels,John Berendt,,,not_found
9780307716540,Afterwards,Rosamund Lupton,,,not_found
9780872862100,Story of the Eye,"Georges Bataille, Joachim Neugroschel, Dovid Bergelson",,,not_found
9780312980380,"Warlock (Ancient Egypt, #3)",Wilbur Smith,,,not_found
,The Color of Secrets,Lindsay Ashford,,,not_found
9780345452890,"Standing in the Rainbow (Elmwood Springs, #2)",Fannie Flagg,,,not_found
9780399155830,"Knit Two (Friday Night Knitting Club, #2)",Kate Jacobs,,,not_found
9780876855970,Hot Water Music,Charles Bukowski,,,not_found
9780786886330,Carter Beats the Devil,Glen David Gold,,,not_found
9789735004100,Maitreyi,Mircea Eliade,,,not_found
9780679722010,The Selected Poetry of Rainer Maria Rilke,"Rainer Maria Rilke, Stephen Mitchell, Robert Hass",,,not_found
9780099449900,"Will You Please Be Quiet, Please?",Raymond Carver,,,not_found
9780099417480,In the Night Kitchen,Maurice Sendak,,,not_found
,True Love Story,Willow Aster,,,not_found
,The Moonlit Garden,"Corina Bomann, Alison Layland",,,not_found
9780446574500,"Eternal Rider (Lords of Deliverance, #1, Demonica, #6)",Larissa Ione,,,not_found
9780140157550,The Story of a Shipwrecked Sailor,"Gabriel García Márquez, Randolph Hogan",,,not_found
9781451688380,The Testament of Mary,Colm Tóibín,,,not_found
,"Hidden Bodies (You, #2)",Caroline Kepnes,,,not_found
9781250054050,What I Know for Sure,Oprah Winfrey,,,not_found
9780553297980,"Jedi Search (Star Wars: The Jedi Academy Trilogy, #1)",Kevin J. Anderson,https://covers.openlibrary.org/b/isbn/9780553297980-L.jpg,covers/9780553297980.jpg,ok_openlibrary
9780399164440,"Concealed in Death (In Death, #38)",J.D. Robb,,,not_found
9781908844960,"Stolen Songbird (The Malediction Trilogy, #1)",Danielle L. Jensen,,,not_found
9780451190530,"The Green Mile, Part 2: The Mouse on the Mile",Stephen King,,,not_found
9780805095840,Most Talkative: Stories from the Front Lines of Pop Culture,Andy Cohen,,,not_found
9780060596380,"Days of Magic, Nights of War (Abarat, #2)",Clive Barker,,,not_found
9781556520750,Assata: An Autobiography,"Assata Shakur, Angela Y. Davis, Lennox S. Hinds",,,not_found
9780899190360,The Three Billy Goats Gruff,"Paul Galdone, Peter Christen Asbjørnsen",,,not_found
9780425178100,Big Trouble,Dave Barry,,,not_found
9780553384110,"Women's Bodies, Women's Wisdom: Creating Physical and Emotional Health and Healing",Christiane Northrup,,,not_found
9780446539260,True Compass: A Memoir,Edward M. Kennedy,,,not_found
,"Wildest Dreams (Fantasyland, #1)",Kristen Ashley,,,not_found
9780142002060,"Diamonds Are Forever (James Bond, #4)",Ian Fleming,,,not_found
9780060594530,Lost Horizon,James Hilton,,,not_found
9780142437280,Passing,"Nella Larsen, Ntozake Shange, Thadious M. Davis",,,not_found
9780061238960,"InterWorld (InterWorld, #1)","Neil Gaiman, Michael Reaves",,,not_found
9780345495810,The Invisible Wall: A Love Story That Broke Barriers,Harry Bernstein,,,not_found
9780375836570,The Realm of Possibility,David Levithan,,,not_found
9780425152900,"Mind Prey (Lucas Davenport, #7)",John Sandford,,,not_found
9781595143370,The Replacement,Brenna Yovanoff,,,not_found
9780440236920,Kaleidoscope,Danielle Steel,,,not_found
9781439172960,Last Words,"George Carlin, Tony Hendra",http://books.google.com/books/content?id=P1v64TQ1xWYC&printsec=frontcover&img=1&zoom=1&edge=curl&source=gbs_api,covers/9781439172960.jpg,ok_googlebooks
9780385333210,Rocket Boys (Coalwood #1),Homer Hickam,,,not_found
9780743457930,A Perfect Spy,John le Carré,,,not_found
9780375423730,"The Information: A History, a Theory, a Flood",James Gleick,,,not_found
9780394758270,"The High Window (Philip Marlowe, #3)",Raymond Chandler,,,not_found
9780425157530,"Sudden Prey (Lucas Davenport, #8)",John Sandford,,,not_found
9780842339520,Mark of the Lion Trilogy,Francine Rivers,,,not_found
9780743484350,A Cry In The Night,Mary Higgins Clark,https://covers.openlibrary.org/b/isbn/9780743484350-L.jpg,covers/9780743484350.jpg,ok_openlibrary
9780064401520,"Mrs. Piggle-Wiggle's Magic (Mrs. Piggle Wiggle, #2)","Betty MacDonald, Alexandra Boiger",,,not_found
9780060653200,The Weight of Glory,C.S. Lewis,,,not_found
9780312983600,"The Mermaids Singing (Tony Hill & Carol Jordan, #1)",Val McDermid,,,not_found
9780142302260,Revolting Rhymes,"Roald Dahl, Quentin Blake",,,not_found
9780515122730,Sanctuary,Nora Roberts,http://books.google.com/books/content?id=liiTEAAAQBAJ&printsec=frontcover&img=1&zoom=1&edge=curl&source=gbs_api,covers/9780515122730.jpg,ok_googlebooks
9780345454940,"Sunset Express (Elvis Cole, #6)",Robert Crais,,,not_found
9780698193030,"The Bourbon Kings (The Bourbon Kings, #1)",J.R. Ward,,,not_found
9780753511000,"Screw It, Let's Do It: Lessons In Life",Richard Branson,,,not_found
9780385265560,There are No Children Here: The Story of Two Boys Growing Up in the Other America,Alex Kotlowitz,,,not_found
9781423101960,Hero,Perry Moore,,,not_found
9780062414090,"Happily Ever After (The Selection, #0.4, 0.5, 2.5, 2.6)",Kiera Cass,,,not_found
9780671733410,Women Who Love Too Much: When You Keep Wishing and Hoping He'll Change,Robin Norwood,,,not_found
9780142400590,The Great Brain (Great Brain #1),"John D. Fitzgerald, Mercer Mayer",,,not_found
9780002310020,"At Bertram's Hotel (Miss Marple, #11)",Agatha Christie,,,not_found
9780142003250,"On Her Majesty's Secret Service (James Bond, #11)",Ian Fleming,,,not_found
9780743430330,"Mercy (Buchanan-Renard, #2)",Julie Garwood,,,not_found
9781846164260,"The Fire Eternal (The Last Dragon Chronicles, #4)",Chris d'Lacey,,,not_found
9780385526360,Tell-All,Chuck Palahniuk,,,not_found
9780749391680,The Commitments,Roddy Doyle,,,not_found
,"Beautiful Burn (The Maddox Brothers, #4)",Jamie McGuire,,,not_found
9780375751110,The Lady & Sons Savannah Country Cookbook,"Paula H. Deen, John Berendt",,,not_found
9780670021480,"Angelology (Angelology, #1)",Danielle Trussoni,http://books.google.com/books/content?id=Sg6rngEACAAJ&printsec=frontcover&img=1&zoom=1&source=gbs_api,covers/9780670021480.jpg,ok_googlebooks
,Wait for It,Mariana Zapata,,,not_found
9780671723220,Wiseguy,Nicholas Pileggi,,,not_found
9780689855540,What My Mother Doesn't Know (What My Mother Doesn't Know #1),Sonya Sones,,,not_found
9780060751580,No One Writes to the Colonel and Other Stories,"Gabriel García Márquez, J.S. Bernstein",http://books.google.com/books/content?id=lyXz8eUClE4C&printsec=frontcover&img=1&zoom=1&edge=curl&source=gbs_api,covers/9780060751580.jpg,ok_googlebooks
9781563897220,"Transmetropolitan, Vol. 5: Lonely City (Transmetropolitan, #5)","Warren Ellis, Darick Robertson, Rodney Ramos, Patrick Stewart",,,not_found
9780671019710,After the Night,Linda Howard,,,not_found
9780307959880,"Benediction (Plainsong, #3)",Kent Haruf,,,not_found
9789643113440,سمفونی مردگان,عباس معروفی,,,not_found
9780230015910,"Evil at Heart (Archie Sheridan & Gretchen Lowell, #3)",Chelsea Cain,,,not_found
9780062333000,The Bookseller,Cynthia Swanson,,,not_found
9780425255700,"Affliction (Anita Blake, Vampire Hunter #22)",Laurell K. Hamilton,,,not_found
9780451465110,"The Thousand Names (The Shadow Campaigns, #1)",Django Wexler,,,not_found
9781406501060,An Old-Fashioned Girl,Louisa May Alcott,,,not_found
9780312965330,The Climb: Tragic Ambitions on Everest,"Anatoli Boukreev, G. Weston DeWalt",,,not_found
9781591826040,"Fruits Basket, Vol. 2","Natsuki Takaya, Alethea Nibley, Athena Nibley",,,not_found
9780060859510,Misquoting Jesus: The Story Behind Who Changed the Bible and Why,Bart D. Ehrman,,,not_found
9780062377180,Moriarty (Sherlock Holmes #2),Anthony Horowitz,,,not_found
9780739329180,"The Paris Vendetta (Cotton Malone, #5)","Steve Berry, Scott Brick",,,not_found
9780198320040,Richard II,"William Shakespeare, Roma Gill, Robert          Jackson",,,not_found
,"The Blood Mirror (Lightbringer, #4)",Brent Weeks,,,not_found
9780380756280,Prisoner of My Desire,Johanna Lindsey,,,not_found
9780743454160,Blood Memory,Greg Iles,,,not_found
9780441011250,"The Other Wind (Earthsea Cycle, #6)",Ursula K. Le Guin,,,not_found
9780140424510,Selected Poems,"George Gordon Byron, Peter J. Manning, Susan J. Wolfson",,,not_found
9780062083400,After I'm Gone,Laura Lippman,,,not_found
9780486287590,A Modest Proposal and Other Satirical Works,Jonathan Swift,,,not_found
9781400065940,I Still Dream About You,Fannie Flagg,,,not_found
9780743200400,One Up On Wall Street: How To Use What You Already Know To Make Money In The Market,"Peter Lynch, John Rothchild",,,not_found
9781594481440,Hunting and Gathering,"Anna Gavalda, Alison Anderson",http://books.google.com/books/content?id=vLNPEAAAQBAJ&printsec=frontcover&img=1&zoom=1&edge=curl&source=gbs_api,covers/9781594481440.jpg,ok_googlebooks
9780679723000,The Book on the Taboo Against Knowing Who You Are,Alan W. Watts,,,not_found
9780062076110,"Up from the Grave (Night Huntress, #7)",Jeaniene Frost,,,not_found
9780297853270,Shadows of the Workhouse,Jennifer Worth,,,not_found
9780449214720,The Guns of Navarone,Alistair MacLean,,,not_found
9781599901090,"Sun and Moon, Ice and Snow",Jessica Day George,,,not_found
9780061953380,Extra Yarn (E. B. White Read-Aloud Award. Picture Books),"Mac Barnett, Jon Klassen",,,not_found
9781559703610,Mother Courage and Her Children,"Bertolt Brecht, David Hare",,,not_found
9780547576720,We the Animals,Justin Torres,,,not_found
9781439166640,Galveston,Nic Pizzolatto,,,not_found
9780140422080,The Faerie Queene ,"Edmund Spenser, Thomas P. Roche, C. Patrick O'Donnell",,,not_found
9781414334100,"Her Daughter's Dream (Marta's Legacy, #2)",Francine Rivers,,,not_found
9781301895620,"Rock Chick Revolution (Rock Chick, #8)",Kristen Ashley,,,not_found
9780670034730,Breaking the Spell: Religion as a Natural Phenomenon,Daniel C. Dennett,http://books.google.com/books/content?id=A6MSAQAAIAAJ&printsec=frontcover&img=1&zoom=1&source=gbs_api,covers/9780670034730.jpg,ok_googlebooks
9780671027640,The Fuck-Up,Arthur Nersesian,http://books.google.com/books/content?id=zHsHAAAACAAJ&printsec=frontcover&img=1&zoom=1&source=gbs_api,covers/9780671027640.jpg,ok_googlebooks
9780062280560,Tampa,Alissa Nutting,,,not_found
9780803731550,"Seeing Redd (The Looking Glass Wars, #2)",Frank Beddor,,,not_found
9780375719200,Appointment in Samarra,John O'Hara,,,not_found
9780670882790,Each Peach Pear Plum,"Janet Ahlberg, Allan Ahlberg",,,not_found
9780988262590,"The Phoenix Project: A Novel About IT, DevOps, and Helping Your Business Win","Gene Kim, Kevin Behr, George Spafford",,,not_found
9780547548100,The Chronicles of Harris Burdick: 14 Amazing Authors Tell the Tales,"Chris Van Allsburg, Lois Lowry, Kate DiCamillo, M.T. Anderson, Louis Sachar, Stephen King, Tabitha King, Jon Scieszka, Sherman Alexie, Gregory Maguire, Cory Doctorow, Jules Feiffer, Linda Sue Park, Walter Dean Myers, Lemony Snicket",http://books.google.com/books/content?id=tGAUTUZ1q_kC&printsec=frontcover&img=1&zoom=1&edge=curl&source=gbs_api,covers/9780547548100.jpg,ok_googlebooks
9780385494230,The Freedom Writers Diary,"Erin Gruwell, Zlata Filipović, The Freedom Writers",,,not_found
9781596912520,The Ladies of Grace Adieu and Other Stories,"Susanna Clarke, Charles Vess",,,not_found
9780393062360,The Post-American World,Fareed Zakaria,http://books.google.com/books/content?id=CqAQ1ebKmTwC&printsec=frontcover&img=1&zoom=1&edge=curl&source=gbs_api,covers/9780393062360.jpg,ok_googlebooks
9781250038820,Humans of New York,Brandon Stanton,,,not_found
9781440503250,The Unofficial Harry Potter Cookbook: From Cauldron Cakes to Knickerbocker Glory--More Than 150 Magical Recipes for Wizards and Non-Wizards Alike (Unofficial Cookbook),Dinah Bucholz,http://books.google.com/books/content?id=weHxzQEACAAJ&printsec=frontcover&img=1&zoom=1&source=gbs_api,covers/9781440503250.jpg,ok_googlebooks
9780743233220,Them: Adventures with Extremists,Jon Ronson,,,not_found
9780767923830,The Automatic Millionaire: A Powerful One-Step Plan to Live and Finish Rich,David Bach,,,not_found
9781476755720,"Red Notice: A True Story of High Finance, Murder, and One Man’s Fight for Justice",Bill Browder,,,not_found
9780385529980,Ghettoside: A True Story of Murder in America,Jill Leovy,,,not_found
9781857933370,Lady Cottington's Pressed Fairy Book,"Terry Jones, Brian Froud",,,not_found
9780753821790,Salmon Fishing in the Yemen,Paul Torday,,,not_found
,"Take This Regret (Take This Regret, #1)","Amy Lichtenhan, A.L. Jackson",,,not_found
9781250034600,That Night,Chevy Stevens,,,not_found
,The Girl You Lost,Kathryn Croft,,,not_found
,Willing Captive,Belle Aurora,,,not_found
9780976165910,"Meg (MEG, #1)",Steve Alten,https://covers.openlibrary.org/b/isbn/9780976165910-L.jpg,covers/9780976165910.jpg,ok_openlibrary
9780374249400,The Rest Is Noise: Listening to the Twentieth Century,Alex  Ross,,,not_found
1230000005500,"Cross My Heart (Cross My Heart, #1)",Katie Klein,,,not_found
,"Radiance (Wraith Kings, #1)",Grace Draven,,,not_found
9781599908440,Something like Normal,Trish Doller,,,not_found
9780812508640,Pastwatch: The Redemption of Christopher Columbus,Orson Scott Card,,,not_found
9789646534780,The Divan,Hafez,,,not_found
9781627790730,"No Place to Hide: Edward Snowden, the NSA, and the U.S. Surveillance State",Glenn Greenwald,,,not_found
9780747589370,Restless,William  Boyd,,,not_found
9780752848270,"The Next Accident (Quincy & Rainie, #3)",Lisa Gardner,,,not_found
9780140376420,"The Ear, the Eye, and the Arm",Nancy Farmer,,,not_found
9780140441060,"Paradiso (The Divine Comedy, #3)","Dante Alighieri, Dorothy L. Sayers, Barbara Reynolds",,,not_found
9780915297020,Once a Runner,John L. Parker Jr.,,,not_found
9780439568460,"Stay Out of the Basement  (Goosebumps, #2)",R.L. Stine,,,not_found
9781596434460,"Zita the Spacegirl (Zita the Spacegirl, #1)",Ben Hatke,,,not_found
9781857230310,Against a Dark Background,Iain M. Banks,,,not_found
9780439568420,"One Day at Horrorland (Goosebumps, #16)",R.L. Stine,,,not_found
9780316094610,Forgotten,Cat Patrick,https://covers.openlibrary.org/b/isbn/9780316094610-L.jpg,covers/9780316094610.jpg,ok_openlibrary
9780373211400,"Talon (Talon, #1)",Julie Kagawa,,,not_found
9780345418420,Footfall,"Larry Niven, Jerry Pournelle",,,not_found
9781400064990,A. Lincoln,Ronald C. White Jr.,,,not_found
9780385535780,The Red House,Mark Haddon,,,not_found
9780525422240,"Twelfth Grade Kills (The Chronicles of Vladimir Tod, #5)",Heather Brewer,,,not_found
9780767928880,The Sweet Life in Paris: Delicious Adventures in the World's Most Glorious - and Perplexing - City,David Lebovitz,,,not_found
9780749935080,Ain't She Sweet,Susan Elizabeth Phillips,,,not_found
9780451527300,Four Great Tragedies: Hamlet / Othello / King Lear / Macbeth,"William Shakespeare, Sylvan Barnet, Alvin Kernan, Russell Fraser",,,not_found
9780006161420,Ice Station Zebra,Alistair MacLean,,,not_found
9780061134100,Bruiser,Neal Shusterman,,,not_found
9781886778540,"Falling Free (Vorkosigan Saga, #4)",Lois McMaster Bujold,,,not_found
9781455559310,"Promised (One Night, #1)",Jodi Ellen Malpas,,,not_found
9780439339090,Stone Soup,Jon J. Muth,,,not_found
9780147515020,"If I Stay Collection (If I Stay, #1-2)",Gayle Forman,,,not_found
9780743296790,"The Cold Moon (Lincoln Rhyme, #7)",Jeffery Deaver,,,not_found
9780099592420,The Moor's Last Sigh,Salman Rushdie,,,not_found
9781417642120,The Revenge of the Baby-Sat,Bill Watterson,,,not_found
,"Fallen Crest Public (Fallen Crest High, #3)",Tijan,,,not_found
9780393313960,Girl With Curious Hair,David Foster Wallace,http://books.google.com/books/content?id=cn_rcmInIS8C&printsec=frontcover&img=1&zoom=1&edge=curl&source=gbs_api,covers/9780393313960.jpg,ok_googlebooks
9780896214410,Rita Hayworth and Shawshank Redemption: A Story from Different Seasons,Stephen King,,,not_found
9781904633690,The Case-Book of Sherlock Holmes,Arthur Conan Doyle,,,not_found
9781416599070,Drop Dead Healthy: One Man's Humble Quest for Bodily Perfection,A.J. Jacobs,http://books.google.com/books/content?id=uEyc-IJoZJ8C&printsec=frontcover&img=1&zoom=1&edge=curl&source=gbs_api,covers/9781416599070.jpg,ok_googlebooks
9780316113570,"Ghostgirl (Ghostgirl, #1)",Tonya Hurley,,,not_found
9780061732380,"The Dressmaker of Khair Khana: Five Sisters, One Remarkable Family, and the Woman Who Risked Everything to Keep Them Safe",Gayle Tzemach Lemmon,,,not_found
9781476749070,"I've Got You Under My Skin (Under Suspicion, #1)","Mary Higgins Clark, Alafair Burke",,,not_found
9781401216860,"Fables, Vol. 10: The Good Prince","Bill Willingham, Mark Buckingham, Steve Leialoha, Aaron Alexovich, Andrew Pepoy",,,not_found
9780385518680,The Secret Between Us,Barbara Delinsky,,,not_found
9780553807130,Your Heart Belongs to Me,Dean Koontz,,,not_found
9780425136980,Shadow Fires,"Leigh Nichols, Dean Koontz",,,not_found
9780007256750,"Victory of Eagles (Temeraire, #5)",Naomi Novik,,,not_found
9780553807170,Never Look Away,Linwood Barclay,,,not_found
9780061991040,"The Blood Gospel (The Order of the Sanguines, #1)","James Rollins, Rebecca Cantrell",,,not_found
9780446359690,Red Phoenix (Red Phoenix #1),"Larry Bond, Patrick Larkin",,,not_found
9780552548920,"Knife Edge (Noughts & Crosses, #2)",Malorie Blackman,,,not_found
9781442413150,Sometimes It Happens,Lauren Barnholdt,,,not_found
,My Life with the Walter Boys (My Life with the Walter Boys #1),"Ali Novak, Fallzswimmer",,,not_found
9780060817330,I Am Not Myself These Days,Josh Kilmer-Purcell,,,not_found
9781439102440,"Bones Are Forever (Temperance Brennan, #15)",Kathy Reichs,,,not_found
,The Husband's Secret Free Preview,Liane Moriarty,,,not_found
9780679735250,Dispatches,Michael Herr,,,not_found
9782266071280,Sleepers,Lorenzo Carcaterra,,,not_found
9780441012400,Deerskin,Robin McKinley,,,not_found
9780307593500,"The Troubled Man (Kurt Wallander, #10)","Henning Mankell, Laurie Thompson",,,not_found
9780674024460,"The Work of Art in the Age of Its Technological Reproducibility, and Other Writings on Media","Walter Benjamin, Michael W. Jennings, Brigid Doherty, Edmund F.N. Jephcott, Rodney Livingstone, Howard Eiland, Thomas Y. Levin",,,not_found
9780743484340,Pretend You Don't See Her,Mary Higgins Clark,,,not_found
9780061939890,Going Rogue: An American Life,"Sarah Palin, Lynn Vincent, Dewey Whetsell",,,not_found
9780761117190,The Cake Mix Doctor,"Anne Byrn, Anthony Loew",,,not_found
9780679729460,"The Path to Power (The Years of Lyndon Johnson, #1)",Robert A. Caro,,,not_found
9780062325400,"Depraved Heart (Kay Scarpetta, #23)",Patricia Cornwell,,,not_found
9781416984480,"The Monstrumologist (The Monstrumologist, #1)",Rick Yancey,,,not_found
9780099437600,In Watermelon Sugar,Richard Brautigan,,,not_found
9780373210020,"Intertwined (Intertwined, #1)",Gena Showalter,http://books.google.com/books/content?id=CEF1ngEACAAJ&printsec=frontcover&img=1&zoom=1&source=gbs_api,covers/9780373210020.jpg,ok_googlebooks
9781550229780,Love You to Death: The Unofficial Companion to the Vampire Diaries,Crissy Calhoun,,,not_found
,"The Will (Magdalene, #1)",Kristen Ashley,,,not_found
9781606841440,"Hourglass (Hourglass, #1)",Myra McEntire,,,not_found
9780439858040,"Burning For Revenge (Tomorrow, #5)",John Marsden,,,not_found
,"The Billionaire Wins the Game (Billionaire Bachelors, #1)",Melody Anne,,,not_found
9781559363300,August: Osage County,Tracy Letts,,,not_found
9781419935950,"Fury (New Species, #1)",Laurann Dohner,,,not_found
,Supernova: Petir,Dee Lestari,,,not_found
9780553593620,"Mr. Churchill's Secretary (Maggie Hope Mystery, #1)",Susan Elia MacNeal,,,not_found
,"Wrong Bed, Right Guy (Come Undone, #1)",Katee Robert,,,not_found
9780071373590,Positioning: The Battle for Your Mind: How to Be Seen and Heard in the Overcrowded Marketplace,"Al Ries, Jack Trout",,,not_found
9780375714690,Epileptic,David B.,,,not_found
9780425237790,Play of Passion (Psy-Changeling #9),Nalini Singh,,,not_found
,حول العالم في 200 يوم,أنيس منصور,,,not_found
9780886779060,"Mountain of Black Glass (Otherland, #3)",Tad Williams,,,not_found
9780312858860,The Prestige,Christopher Priest,,,not_found
9780230703960,Rhett Butler's People,Donald McCaig,,,not_found
9780060988650,Lost,"Gregory Maguire, Douglas Smith",,,not_found
9780553582930,Winter Moon,Dean Koontz,,,not_found
9780316406820,"A Grimm Warning (The Land of Stories, #3)","Chris Colfer, Brandon Dorman",,,not_found
9780375724370,Anil's Ghost,Michael Ondaatje,,,not_found
9781559362310,Angels in America,Tony Kushner,http://books.google.com/books/content?id=I1fPEA4476MC&printsec=frontcover&img=1&zoom=1&source=gbs_api,covers/9781559362310.jpg,ok_googlebooks
9781477823480,"Spell or High Water (Magic 2.0, #2)",Scott  Meyer,,,not_found
9780826328090,The Education of Little Tree,Forrest Carter,https://covers.openlibrary.org/b/isbn/9780826328090-L.jpg,covers/9780826328090.jpg,ok_openlibrary
9780201616220,The Pragmatic Programmer: From Journeyman to Master,"Andrew Hunt, Dave Thomas",,,not_found
,Hafalan Shalat Delisa,Tere Liye,,,not_found
9780345519510,"Never Love a Highlander (McCabe Trilogy, #3)",Maya Banks,,,not_found
9780356504260,"Babylon's Ashes (The Expanse, #6)",James S.A. Corey,,,not_found
9780142003800,Drop City,"T.C. Boyle, Richard Poe",,,not_found
9781401219220,Y: The Last Man - The Deluxe Edition Book One,"Brian K. Vaughan, Pia Guerra, José Marzán Jr., Pamela Rambo, Clem Robins, J.G. Jones",,,not_found
9781301985300,"Unattainable (Undeniable, #3)",Madeline Sheehan,,,not_found
9780316407040,"Alert (Michael Bennett, #8)","James Patterson, Michael Ledwidge",,,not_found
9781592401820,Candy Girl: A Year in the Life of an Unlikely Stripper,Diablo Cody,,,not_found
9780440114340,Close Encounters Of The Third Kind,Steven Spielberg,,,not_found
9780385352090,The Painter,Peter Heller,,,not_found
9780394873340,The Berenstain Bears Forget Their Manners,"Stan Berenstain, Jan Berenstain",,,not_found
9781402245860,"Hot Ticket (Sinners on Tour, #3)",Olivia Cunning,http://books.google.com/books/content?id=cfFbAQAAQBAJ&printsec=frontcover&img=1&zoom=1&source=gbs_api,covers/9781402245860.jpg,ok_googlebooks
9780679410510,"Vampire Chronicles: Interview with the Vampire, The Vampire Lestat, The Queen of the Damned (Anne Rice)","Anne Rice, Robert O'Keefe, F. Murray Abraham, Michael York, Kate Nelligan, David Purdham",,,not_found
9780439321620,Harry Potter Schoolbooks Box Set: Two Classic Books from the Library of Hogwarts School of Witchcraft and Wizardry,J.K. Rowling,,,not_found
9781250045640,"Sixth Grave on the Edge (Charley Davidson, #6)",Darynda Jones,,,not_found
9780316200980,"The Infernal Devices: Clockwork Angel (The Infernal Devices: Manga, #1)","Cassandra Clare, Hye-Kyung Baek",,,not_found
,"The Golden Dynasty (Fantasyland, #2)",Kristen Ashley,,,not_found
9780895941220,Zami: A New Spelling of My Name,Audre Lorde,,,not_found
9780618640140,The Lord of the Rings Sketchbook,"Alan Lee, Ian McKellen",http://books.google.com/books/content?id=JUdOAAAACAAJ&printsec=frontcover&img=1&zoom=1&source=gbs_api,covers/9780618640140.jpg,ok_googlebooks
9781846054720,Don't Blink,"James Patterson, Howard Roughan",http://books.google.com/books/content?id=x0K8F3_mbXYC&printsec=frontcover&img=1&zoom=1&source=gbs_api,covers/9781846054720.jpg,ok_googlebooks
9780399163610,"The Royal Ranger (Ranger's Apprentice, #12)",John Flanagan,,,not_found
9780312575940,"Glimmerglass (Faeriewalker, #1)",Jenna Black,,,not_found
9780345444070,Shadows over Innsmouth,"Stephen Jones, H.P. Lovecraft, Kim Newman, Brian Mooney, Nicholas Royle, David Langford, Michael Marshall Smith, Brian Lumley, Neil Gaiman, Basil Copper, Jack Yeovil, Guy N. Smith, Adrian Cole, D.F. Lewis, Ramsey Campbell, David Sutton, Peter Tremayne",,,not_found
9781416548480,"The Tin Roof Blowdown (Dave Robicheaux, #16)",James Lee Burke,,,not_found
9781847673760,The Death of Bunny Munro,Nick Cave,,,not_found
9781426858320,"Winter's Passage (Iron Fey, #1.5)",Julie Kagawa,http://books.google.com/books/content?id=RNvs6CYkU2oC&printsec=frontcover&img=1&zoom=1&edge=curl&source=gbs_api,covers/9781426858320.jpg,ok_googlebooks
9780688149000,Freight Train,Donald Crews,http://books.google.com/books/content?id=DQSg5f84JVkC&printsec=frontcover&img=1&zoom=1&edge=curl&source=gbs_api,covers/9780688149000.jpg,ok_googlebooks
9780060097910,"Flat Stanley (Flat Stanley, #1)","Jeff Brown, Scott Nash, Macky Pamintuan",,,not_found
9780374271560,The Submission,Amy Waldman,,,not_found
9780060755800,Faith,Jennifer Haigh,,,not_found
9780743484300,Moonlight Becomes You,Mary Higgins Clark,,,not_found
9780439771240,A Corner of the Universe,Ann M. Martin,,,not_found
9780060774130,Bite Me If You Can (Argeneau #6),Lynsay Sands,,,not_found
9780385353780,City on Fire,Garth Risk Hallberg,,,not_found
9780316154380,The Ice Queen,Alice Hoffman,,,not_found
9780380803280,"Exile's Return (Conclave of Shadows, #3)",Raymond E. Feist,,,not_found
9780380005250,The Flame and the Flower,Kathleen E. Woodiwiss,,,not_found
9781599904790,"Princess of Glass (The Princesses of Westfalin Trilogy, #2)",Jessica Day George,,,not_found
,"The Arrangement: The Ferro Family (The Arrangement, #1)",H.M. Ward,,,not_found
9780402366170,Preach My Gospel: A Guide To Missionary Service,The Church of Jesus Christ of Latter-day Saints,,,not_found
9780547738480,"The Last Dragonslayer (The Chronicles of Kazam, #1)",Jasper Fforde,,,not_found
9780451201030,Friends and Lovers,Eric Jerome Dickey,,,not_found
9780547250250,Rosemary: The Hidden Kennedy Daughter,Kate Clifford Larson,https://covers.openlibrary.org/b/isbn/9780547250250-L.jpg,covers/9780547250250.jpg,ok_openlibrary
9780060514100,"Molly Moon's Incredible Book of Hypnotism (Molly Moon, #1)",Georgia Byng,,,not_found
9780312286260,Contest,Matthew Reilly,,,not_found
9780553589480,"The Search (Eve Duncan, #3)",Iris Johansen,,,not_found
9781573458720,"Like a Fire Burning (The Work and the Glory, #2)",Gerald N. Lund,,,not_found
9780394740680,Orientalism,Edward Said,,,not_found
9780812975290,The Greatest Generation,Tom Brokaw,,,not_found
9780553575420,"Luck in the Shadows (Nightrunner, #1)",Lynn Flewelling,http://books.google.com/books/content?id=2m8rqawv9QIC&printsec=frontcover&img=1&zoom=1&edge=curl&source=gbs_api,covers/9780553575420.jpg,ok_googlebooks
9780618750440,"The Lemonade War (The Lemonade War, #1)",Jacqueline Davies,,,not_found
9780375421880,The Minority Report,Philip K. Dick,,,not_found
9780679824120,"The Knight at Dawn (Magic Tree House, #2)","Mary Pope Osborne, Salvatore Murdocca",,,not_found
9780060779630,Help for the Haunted,John Searles,,,not_found
9781421506270,"Death Note, Vol. 6: Give-and-Take (Death Note, #6)","Tsugumi Ohba, Takeshi Obata",,,not_found
9789792239840,Winter in Tokyo,Ilana Tan,,,not_found
9781423116970,"The Lightning Thief: The Graphic Novel (Percy Jackson and the Olympians, #1)","Rick Riordan, Robert Venditti, José Villarrubia, Attila Futaki",,,not_found
,"Taking Shots (Assassins, #1)",Toni Aleo,,,not_found
,"Sweet Addiction (Sweet Addiction, #1)",J.  Daniels,,,not_found
9781451648450,Mrs. Kennedy and Me: An Intimate Memoir,"Clint Hill, Lisa McCubbin",,,not_found
9780061714320,"Aloha from Hell (Sandman Slim, #3)",Richard Kadrey,,,not_found
9781451697380,This Changes Everything: Capitalism vs. The Climate,Naomi Klein,,,not_found
9781595540550,When Crickets Cry,Charles Martin,,,not_found
9781310501590,"Until Lilly (Until, #3)",Aurora Rose Reynolds,,,not_found
9780060959560,A Walk Across America,Peter Jenkins,,,not_found
9781857231040,"Wizard at Large (Magic Kingdom of Landover, #3)",Terry Brooks,,,not_found
9781573223560,Songbook,Nick Hornby,https://covers.openlibrary.org/b/isbn/9781573223560-L.jpg,covers/9781573223560.jpg,ok_openlibrary
9780345441780,All Souls: A Family Story from Southie,Michael Patrick MacDonald,,,not_found
2940014631810,"Try Me (One Night with Sole Regret, #1)",Olivia Cunning,,,not_found
9781409522010,"Angel Fire (Angel, #2)",L.A. Weatherly,,,not_found
9780060795480,The Bad Seed,"William March, Elaine Showalter",,,not_found
,"Fall From Grace (Mad World, #1)",Christine Zolendz,,,not_found
9781414339370,Growing Up Amish,Ira Wagler,,,not_found
9780988941910,"Connected (Connections, #1)",Kim Karr,,,not_found
9780375703410,Maximum City: Bombay Lost and Found,Suketu Mehta,,,not_found
9781596434880,Bomb: The Race to Build—and Steal—the World's Most Dangerous Weapon,Steve Sheinkin,,,not_found
9780312352190,The Last Wife of Henry VIII,Carolly Erickson,,,not_found
9780736423080,Bambi,Bob Grant,,,not_found
9780404051100,The Complete Tales and Poems,Edgar Allan Poe,,,not_found
9780446564330,"Gideon's Sword (Gideon Crew, #1)","Douglas Preston, Lincoln Child",,,not_found
9780451199930,"A Caribbean Mystery (Miss Marple, #10)",Agatha Christie,,,not_found
9781595231030,George Washington's Secret Six: The Spy Ring That Saved the American Revolution,"Brian Kilmeade, Don Yaeger",,,not_found
9780440243400,Accident,Danielle Steel,,,not_found
9780785729020,Shoeless Joe,W.P. Kinsella,https://covers.openlibrary.org/b/isbn/9780785729020-L.jpg,covers/9780785729020.jpg,ok_openlibrary
9780345396690,"When Christ and His Saints Slept  (Henry II & Eleanor of Aquitaine, #1)",Sharon Kay Penman,,,not_found
,The Shadowhunter's Codex,"Cassandra Clare, Joshua Lewis",,,not_found
9780345526660,Great North Road,Peter F. Hamilton,,,not_found
9781400032920,The Complete Short Novels,"Anton Chekhov, Richard Pevear, Larissa Volokhonsky",,,not_found
9780307021850,Pinocchio,"Eugene Bradley Coco, Ron Dias",,,not_found
9780394837370,The Berenstain Bears Go to School,"Stan Berenstain, Jan Berenstain",,,not_found
9780312546600,"Retribution (Dark-Hunter, #19)",Sherrilyn Kenyon,,,not_found
9781844285080,Curious George Takes a Job,H.A. Rey,,,not_found
9780749732100,"The Folk of the Faraway Tree (The Faraway Tree, #3)",Enid Blyton,,,not_found
9780099436930,Glue,Irvine Welsh,,,not_found
9780007350490,How to Fall in Love,Cecelia Ahern,,,not_found
9781585101440,La casa de Bernarda Alba,"Federico García Lorca, Antonio Sobejano-Moran, Paola Bianco",,,not_found
9780552143550,"Until You (Westmoreland, #3)",Judith McNaught,,,not_found
9780786939500,"Servant of the Shard (Forgotten Realms: Paths of Darkness, #3; The Sellswords, #1)",R.A. Salvatore,,,not_found
9781613125340,"Unhinged (Splintered, #2)",A.G. Howard,http://books.google.com/books/content?id=HsNMAgAAQBAJ&printsec=frontcover&img=1&zoom=1&edge=curl&source=gbs_api,covers/9781613125340.jpg,ok_googlebooks
9781577344670,"Tennis Shoes Among the Nephites (Tennis Shoes, #1)",Chris Heimerdinger,,,not_found
9780310210060,Streams in the Desert,"Lettie B. Cowman, James Reimann",,,not_found
9780517219030,Carrie / 'Salem's Lot / The Shining,Stephen King,,,not_found
9781439148010,"Venom (Elemental Assassin, #3)",Jennifer Estep,,,not_found
9780553806620,"Personal Demon (Women of the Otherworld, #8)",Kelley Armstrong,,,not_found
9780738703920,"Blue is for Nightmares (Blue is for Nightmares, #1)",Laurie Faria Stolarz,,,not_found
9781563897770,"Planetary, Volume 1: All Over the World and Other Stories","Warren Ellis, John Cassaday",,,not_found
9781439150010,The Christmas List,Richard Paul Evans,,,not_found
9780451411520,You Slay Me (Aisling Grey #1),Katie MacAlister,,,not_found
9780446606240,The Tenth Justice,Brad Meltzer,,,not_found
9780060539090,How to Make Love Like a Porn Star: A Cautionary Tale,"Jenna Jameson, Neil Strauss",,,not_found
9780821780660,"Jacob (Nightwalkers, #1)",Jacquelyn Frank,,,not_found
9780007325950,"Dark Days (Skulduggery Pleasant, #4)",Derek Landy,,,not_found
9780451190540,"The Green Mile, Part 3: Coffey's Hands",Stephen King,,,not_found
,"Skin Deep (Legion, #2)","Brandon Sanderson, Jon Foster",,,not_found
,"Wicked (A Wicked Saga, #1)",Jennifer L. Armentrout,,,not_found
9780857520660,Perfect,Rachel Joyce,,,not_found
,"Where I Belong (Alabama Summer, #1)",J.  Daniels,,,not_found
9780590442880,Clifford's Halloween,Norman Bridwell,,,not_found
9780375828200,"Lyra's Oxford (His Dark Materials, #3.5)","Philip Pullman, John Lawrence",,,not_found
9780553576800,The Other Daughter,Lisa Gardner,,,not_found
9780316211180,Private Berlin (Private #5),"James Patterson, Mark T. Sullivan",,,not_found
9780373210330,"If I Die (Soul Screamers, #5)",Rachel Vincent,,,not_found
9780803710400,Amazing Grace,"Mary Hoffman, Caroline Binch",,,not_found
,"Captured (The Captive, #1)",Erica Stevens,,,not_found
9780345440780,The Redemption of Althalus,"David Eddings, Leigh Eddings",,,not_found
9780316098860,Stella Bain,Anita Shreve,,,not_found
9780156007470,Slammerkin,Emma Donoghue,,,not_found
9780380790070,"Simply Irresistible (Chinooks Hockey Team, #1)",Rachel Gibson,,,not_found
9780425246960,"About That Night (FBI/US Attorney, #3)",Julie James,,,not_found
9781421500620,"Ouran High School Host Club, Vol. 3 (Ouran High School Host Club, #3)",Bisco Hatori,,,not_found
,The Girl from Krakow,Alex Rosenberg,,,not_found
9780061735070,"Insatiable (Insatiable, #1)",Meg Cabot,,,not_found
9780312932790,"Faking It (Dempseys, #2)",Jennifer Crusie,,,not_found
9780575097360,"The Way of Kings, Part 1 (The Stormlight Archive #1.1)",Brandon Sanderson,https://covers.openlibrary.org/b/isbn/9780575097360-L.jpg,covers/9780575097360.jpg,ok_openlibrary
9780778324520,"Back on Blossom Street (Blossom Street, #4)",Debbie Macomber,,,not_found
9780099461100,Underground: The Tokyo Gas Attack and the Japanese Psyche,"Haruki Murakami, Alfred Birnbaum, Philip Gabriel",,,not_found
9780312346060,On the Night You Were Born,Nancy Tillman,,,not_found
9781615731080,Hector and the Search for Happiness,"François Lelord, Lorenza García",,,not_found
9780345524940,MWF Seeking BFF: My Yearlong Search For A New Best Friend,Rachel Bertsche,,,not_found
9780743428190,"The Twentieth Wife (Taj Mahal Trilogy, #1)",Indu Sundaresan,,,not_found
9780345354910,Split Infinity  (Apprentice Adept #1),Piers Anthony,,,not_found
9780310263460,Sex God: Exploring the Endless Connections between Sexuality and Spirituality,Rob Bell,,,not_found
9780446699460,"Between, Georgia",Joshilyn Jackson,,,not_found
9780140131680,The Buddha of Suburbia,Hanif Kureishi,,,not_found
9780007245830,A Vintage Affair,Isabel Wolff,,,not_found
9781563895290,Superman for All Seasons,"Jeph Loeb, Tim Sale, Bjarne Hansen",,,not_found
9781455530090,13 Hours: The Inside Account of What Really Happened In Benghazi,Mitchell Zuckoff,,,not_found
9780425128170,The Voice of the Night,"Brian Coffey, Dean Koontz",,,not_found
9780374180650,Justice: What's the Right Thing to Do?,Michael J. Sandel,,,not_found
9780312932820,Crazy For You,Jennifer Crusie,,,not_found
9780446550000,Roses,Leila Meacham,,,not_found
9780758232010,"Succubus Shadows (Georgina Kincaid, #5)",Richelle Mead,http://books.google.com/books/content?id=RSSwmAEACAAJ&printsec=frontcover&img=1&zoom=1&source=gbs_api,covers/9780758232010.jpg,ok_googlebooks
9781400066120,Letter to My Daughter,Maya Angelou,,,not_found
9780062118690,"Breathe (Breathe, #1)",Sarah Crossan,,,not_found
9780061187840,The Post-Birthday World,Lionel Shriver,,,not_found
9780061128650,"Lost & Found (Rocky Pelligrino, #1)",Jacqueline Sheehan,,,not_found
,Emmy & Oliver,Robin Benway,,,not_found
9781442472050,"City of Bones / City of Ashes / City of Glass / City of Fallen Angels / City of Lost Souls (The Mortal Instruments, #1-5)",Cassandra Clare,,,not_found
9780439700410,The Man Who Walked Between the Towers,Mordicai Gerstein,,,not_found
9780553819880,"Thorn Queen (Dark Swan, #2)",Richelle Mead,,,not_found
9780394757640,Trouble Is My Business,Raymond Chandler,,,not_found
9780345476140,The Third Secret,Steve Berry,,,not_found
9780723247750,The Tale of Mrs. Tiggy-Winkle,Beatrix Potter,,,not_found
9780440208140,"An Acceptable Time (A Wrinkle in Time Quintet, #5)",Madeleine L'Engle,,,not_found
9780439846690,"Charlie Bone and the Shadow (The Children of the Red King, #7)",Jenny Nimmo,,,not_found
9781563895650,"Batman: No Man's Land, Vol. 1","Bob Gale, Devin Grayson, Alex Maleev, Dale Eaglesham",,,not_found
9780505525540,Love Bites (Argeneau #2),Lynsay Sands,,,not_found
9780452298380,Blackberry Winter,Sarah Jio,,,not_found
9781846687750,Half Blood Blues,Esi Edugyan,,,not_found
9780143036590,The End of Poverty,"Jeffrey D. Sachs, Bono",http://books.google.com/books/content?id=Pu0kDwAAQBAJ&printsec=frontcover&img=1&zoom=1&edge=curl&source=gbs_api,covers/9780143036590.jpg,ok_googlebooks
,رغم الفراق,نور عبدالمجيد,,,not_found
9780060564780,The Kindness of Strangers,Katrina Kittle,,,not_found
9780803740170,Roller Girl,Victoria Jamieson,,,not_found
,Broken Grace,E.C. Diskin,,,not_found
9780394800520,The Best Nest,P.D. Eastman,,,not_found
,I Am Livia,Phyllis T. Smith,,,not_found
9780671522810,Braveheart,Randall Wallace,,,not_found
9781439177520,"Beyond Exile (Day by Day Armageddon,# 2)",J.L. Bourne,,,not_found
9780374299220,Call Me by Your Name,André Aciman,,,not_found
9781401210010,"Fables, Vol. 7: Arabian Nights [and Days] (Fables, #7)","Bill Willingham, Mark Buckingham, Steve Leialoha, Jim Fern, Jimmy Palmiotti, Andrew Pepoy",,,not_found
9780151010400,The Double,"José Saramago, Margaret Jull Costa",https://covers.openlibrary.org/b/isbn/9780151010400-L.jpg,covers/9780151010400.jpg,ok_openlibrary
9780345484090,"Armageddon's Children (Genesis of Shannara, #1)",Terry Brooks,,,not_found
9780679457140,The Cobra Event,Richard   Preston,,,not_found
9780679776600,Fugitive Pieces,Anne Michaels,,,not_found
,"Second Shift: Order (Shift, #2)",Hugh Howey,,,not_found
9780785229190,The Hole in Our Gospel: What does God expect of Us? The Answer that Changed my Life and Might Just Change the World,Richard Stearns,,,not_found
9780062071160,"Everbound (Everneath, #2)",Brodi Ashton,,,not_found
9781932740080,On Becoming Baby Wise: Giving Your Infant the Gift of Nighttime Sleep,Gary Ezzo,,,not_found
9781416563070,Smoke Screen,Sandra Brown,,,not_found
9780345299120,The Midwich Cuckoos,John Wyndham,,,not_found
9780143034670,"Ghost Wars: The Secret History of the CIA, Afghanistan, and bin Laden from the Soviet Invasion to September 10, 2001",Steve Coll,,,not_found
9788489163420,La vida del Lazarillo de Tormes,Anonymous,,,not_found
9780380752850,"For Love of Evil (Incarnations of Immortality, #6)",Piers Anthony,https://covers.openlibrary.org/b/isbn/9780380752850-L.jpg,covers/9780380752850.jpg,ok_openlibrary
9780545140970,Bone: Tall Tales,"Jeff Smith, Thomas E. Sniegoski, Steve Hamaker",,,not_found
9780830737840,Peace Child: An Unforgettable Story of Primitive Jungle Treachery in the 20th Century,Don Richardson,,,not_found
9780307021690,Tawny Scrawny Lion,"Kathryn Jackson, Gustav Tenggren",,,not_found
9780755331420,"The Interpretation of Murder (Freud, #1)",Jed Rubenfeld,,,not_found
,"First to Kill (Nathan McBride, #1)",Andrew  Peterson,,,not_found
9780743457910,The Honourable Schoolboy,John le Carré,,,not_found
9780375870640,The Fourteenth Goldfish,"Jennifer L. Holm, Tad Carpenter",,,not_found
9780061473130,"Renegade's Magic (Soldier Son, #3)",Robin Hobb,,,not_found
9780446674580,"The Tenth Insight: Holding the Vision (Celestine Prophecy, #2)",James Redfield,,,not_found
9780618065680,Curious George Visits the Library,"Margret Rey, H.A. Rey, Martha Weston",,,not_found
9781596435740,The Sculptor,Scott McCloud,,,not_found
9781590384980,"Truth Will Prevail (The Work and the Glory, #3)",Gerald N. Lund,,,not_found
9780300108840,A Little History of the World,"E.H. Gombrich, Caroline Mustill, Clifford Harper",,,not_found
,"The Mystery Knight (The Tales of Dunk and Egg, #3)",George R.R. Martin,,,not_found
9781452365860,"Fire Burn and Cauldron Bubble (Jolie Wilkins, #1)",H.P. Mallory,,,not_found
9781400097040,Arthur & George,Julian Barnes,,,not_found
9781591826060,"Fruits Basket, Vol. 4","Natsuki Takaya, Alethea Nibley, Athena Nibley",,,not_found
,Kulti,Mariana Zapata,,,not_found
9781416543080,"Women, Food and God: An Unexpected Path to Almost Everything",Geneen Roth,,,not_found
9780140156040,Libra,Don DeLillo,,,not_found
9780385264660,Palace Walk (The Cairo Trilogy #1),"Naguib Mahfouz, William M. Hutchins, Olive E. Kenny",,,not_found
9781476751440,Hard Choices,Hillary Rodham Clinton,,,not_found
,"Witches of East End (The Beauchamp Family, #1)",Melissa de la Cruz,,,not_found
9780805098240,"Still Foolin' 'Em: Where I've Been, Where I'm Going, and Where the Hell Are My Keys",Billy Crystal,,,not_found
9780671794380,How I Raised Myself from Failure to Success in Selling,Frank Bettger,,,not_found
,"Worth the Fight (MMA Fighter, #1)",Vi Keeland,,,not_found
9781401202520,Superman: Birthright,"Mark Waid, Alfred Gough, Miles Millar, Dave McCaig, Gerry Alanguilan, Leinil Francis Yu",,,not_found
9780743482870,"Lucky (Lucky Santangelo, #2)",Jackie Collins,,,not_found
9780449208400,If Life Is a Bowl of Cherries What Am I Doing in the Pits?,Erma Bombeck,,,not_found
9780634078810,Wicked - Piano/Vocal Arrangement,"Stephen Schwartz, Gregory Maguire",,,not_found
9781481268510,"Sometimes Never (Sometimes Never, #1)",Cheryl McIntyre,,,not_found
9781442403390,"Red Glove (Curse Workers, #2)",Holly Black,,,not_found
9781402271520,"Double Time (Sinners on Tour, #5)",Olivia Cunning,,,not_found
9780830819710,Too Busy Not to Pray: Slowing Down to Be With God,"Bill Hybels, Lavonne Neff",,,not_found
,"In the Clearing (Tracy Crosswhite, #3)",Robert Dugoni,,,not_found
9781451673450,"The Magic (The Secret, #3)",Rhonda Byrne,http://books.google.com/books/content?id=EQg37fxM1SwC&printsec=frontcover&img=1&zoom=1&edge=curl&source=gbs_api,covers/9781451673450.jpg,ok_googlebooks
9780060935790,"Vagabond (The Grail Quest, #2)",Bernard Cornwell,,,not_found
9781479359080,"Sins & Needles (The Artists Trilogy, #1)",Karina Halle,https://covers.openlibrary.org/b/isbn/9781479359080-L.jpg,covers/9781479359080.jpg,ok_openlibrary
9781400068100,Open City,Teju Cole,,,not_found
9780316010370,All He Ever Wanted,Anita Shreve,,,not_found
9780547054840,Indignation,Philip Roth,,,not_found
9780061094150,The Fifth Dominion (Imajica Part #1/2),Clive Barker,,,not_found
9780441005830,Rose Daughter,Robin McKinley,,,not_found
9780060560160,Ruby Holler,Sharon Creech,,,not_found
9780451229860,"My Fair Lazy: One Reality Television Addict's Attempt to Discover If Not Being A Dumb Ass Is the New Black, or, a Culture-Up Manifesto",Jen Lancaster,,,not_found
9780765301080,"The Forge of God (Forge of God, #1)",Greg Bear,,,not_found
9781934169230,Little Lord Fauntleroy,Frances Hodgson Burnett,https://covers.openlibrary.org/b/isbn/9781934169230-L.jpg,covers/9781934169230.jpg,ok_openlibrary
9781565547060,See You at the Top,"Zig Ziglar, Al Mayton",,,not_found
9781627795940,The North Water,Ian McGuire,,,not_found
9780007331900,"The Pagan Lord (The Saxon Stories, #7)",Bernard Cornwell,,,not_found
9780800733420,"Fools Rush In (Weddings by Bella, #1)",Janice  Thompson,,,not_found
9780099409960,Star Wars - Episode I: The Phantom Menace,"Terry Brooks, George Lucas",,,not_found
9781476717100,"Hidden Order (Scot Harvath, #12)",Brad Thor,,,not_found
9780345434880,Eleanor of Aquitaine: A Life ,Alison Weir,,,not_found
9780345548510,"Staked (The Iron Druid Chronicles, #8)",Kevin Hearne,,,not_found
9780425227700,"Sweet Persuasion (Sweet, #2)",Maya Banks,,,not_found
9780752853710,"My Story: ""A Child Called It"", ""The Lost Boy"", ""A Man Named Dave""",Dave Pelzer,https://covers.openlibrary.org/b/isbn/9780752853710-L.jpg,covers/9780752853710.jpg,ok_openlibrary
9780843950500,"Dark Destiny (Dark, #13)",Christine Feehan,,,not_found
9780349117620,Jennifer Government,Max Barry,,,not_found
9780446615750,The Christmas Train,David Baldacci,,,not_found
9781501106410,"After Ever Happy (After, #4)",Anna Todd,,,not_found
9780521010760,"Agamemnon (Oresteia, #1)","Aeschylus, Judith Affleck, Philip de May, Patricia E. Easterling, John     Harrison",,,not_found
9780312594440,"Redeemed (House of Night, #12)","P.C. Cast, Kristin Cast",,,not_found
9780297869870,"Do No Harm: Stories of Life, Death and Brain Surgery",Henry Marsh,,,not_found
9781585425520,The Now Habit: A Strategic Program for Overcoming Procrastination and Enjoying Guilt-Free Play,Neil A. Fiore,,,not_found
9780345410090,Me: Stories of My Life,Katharine Hepburn,,,not_found
9781414336240,The Auschwitz Escape,Joel C. Rosenberg,,,not_found
9780812694550,Harry Potter and Philosophy: If Aristotle Ran Hogwarts,"David Baggett, Shawn E. Klein",https://covers.openlibrary.org/b/isbn/9780812694550-L.jpg,covers/9780812694550.jpg,ok_openlibrary
9780465016910,The Drama of the Gifted Child: The Search for the True Self,"Alice  Miller, Ruth Ward",,,not_found
9780345354910,The Case of Charles Dexter Ward,H.P. Lovecraft,,,not_found
9780374521510,Mythologies,"Roland Barthes, Annette Lavers",,,not_found
9780380713810,Made in America: An Informal History of the English Language in the United States,Bill Bryson,,,not_found
9780316182740,Paint it Black,Janet Fitch,,,not_found
9780140446360,Poetics,"Aristotle, Malcolm Heath",,,not_found
9780573613430,One Flew Over the Cuckoo's Nest,Dale Wasserman,,,not_found
9780310247560,"Ever After (Lost Love, #2)",Karen Kingsbury,,,not_found
9781476761660,Before I Go,Colleen Oakley,,,not_found
9780330489680,Last Orders,Graham Swift,,,not_found
9780062064230,The Flight of Gemma Hardy,Margot Livesey,,,not_found
9781595540060,"Saint (Paradise, #2)",Ted Dekker,,,not_found
9780521626960,Groundwork of the Metaphysics of Morals,"Immanuel Kant, Mary J. Gregor, Christine M. Korsgaard",,,not_found
9780142404620,Travel Team,Mike Lupica,,,not_found
9780020425660,The Dark Is Rising Sequence  (The Dark Is Rising #1-5),Susan Cooper,,,not_found
9781455525930,"Crimson Shore (Pendergast, #15)","Douglas Preston, Lincoln Child",,,not_found
,"The Boyfriend Thief (Stolen Kiss, #1)",Shana Norris,,,not_found
9780758246820,The King's Agent,Donna Russo Morin,,,not_found
9780375424860,Soon I Will Be Invincible,Austin Grossman,,,not_found
9781414310600,The Healer (O'Malley #5),Dee Henderson,,,not_found
,"The Vision (Fallen Star, #3)",Jessica Sorensen,,,not_found
9780743253420,Islands in the Stream,Ernest Hemingway,,,not_found
9781841956720,Naïve. Super,"Erlend Loe, Tor Ketil Solberg",,,not_found
9781780890130,"Burn (Michael Bennett, #7)","James Patterson, Michael Ledwidge",,,not_found
9781414310570,The Guardian (O'Malley #2),Dee Henderson,,,not_found
9781563899290,"Batman: The Dark Knight Strikes Again (The Dark Knight Saga, #2)","Frank Miller, Lynn Varley",,,not_found
9781421536700,"Ouran High School Host Club, Vol. 15 (Ouran High School Host Club, #15)",Bisco Hatori,,,not_found
9784592184710,キスよりも早く1 [Kisu Yorimo Hayaku 1] (Faster than a Kiss #1),"Meca Tanaka, 田中メカ",,,not_found
9780785229220,"The Noticer: Sometimes, All a Person Needs Is a Little Perspective",Andy Andrews,,,not_found
9780140014460,Under the Net,Iris Murdoch,,,not_found
9781250000250,"Lenobia's Vow (House of Night Novellas, #2)","P.C. Cast, Kristin Cast",,,not_found
9780571234610,Capital,John Lanchester,,,not_found
9780345527950,Wife 22,Melanie Gideon,https://covers.openlibrary.org/b/isbn/9780345527950-L.jpg,covers/9780345527950.jpg,ok_openlibrary
9781533344340,"The Goal (Off-Campus, #4)",Elle Kennedy,,,not_found
9780857382210,"The Lewis Man (The Lewis Trilogy, #2)",Peter  May,,,not_found
9780545010090,"Artemis Fowl Boxed Set, Bks 1-5 (Artemis Fowl, #1-5)",Eoin Colfer,,,not_found
9780060815710,"Priestess of the White (Age of the Five, #1)",Trudi Canavan,,,not_found
,"A Modern Witch (A Modern Witch, #1)",Debora Geary,,,not_found
9780553282090,The Gemini Contenders,Robert Ludlum,,,not_found
,"Shine Not Burn (Shine Not Burn, #1)",Elle Casey,,,not_found
9780440240970,"The Field of Swords (Emperor, #3)",Conn Iggulden,,,not_found
9780312537400,Abandon,Blake Crouch,,,not_found
9781414310600,The Protector (O'Malley #4),Dee Henderson,,,not_found
9780060899680,April 1865: The Month That Saved America,Jay Winik,http://books.google.com/books/content?id=wu2nPwAACAAJ&printsec=frontcover&img=1&zoom=1&source=gbs_api,covers/9780060899680.jpg,ok_googlebooks
9781416978950,"The Haunted (The Hollow, #2)",Jessica Verday,,,not_found
9780553535650,Tell Me Three Things,Julie Buxbaum,,,not_found
9780316011850,"The It Girl (It Girl, #1)",Cecily von Ziegesar,,,not_found
9780505525530,Single White Vampire (Argeneau #3),Lynsay Sands,,,not_found
9780553803520,Social Intelligence: The New Science of Human Relationships,Daniel Goleman,,,not_found
9789710573650,Diary ng Panget,"HaveYouSeenThisGirL, Jan Irene Villar",,,not_found
9781401900120,Who Will Cry When You Die? Life Lessons from the Monk Who Sold His Ferrari,Robin S. Sharma,,,not_found
9780061351520,"Call Me Irresistible (Wynette, Texas #5)",Susan Elizabeth Phillips,,,not_found
9780689873800,Double Identity,Margaret Peterson Haddix,,,not_found
9780785273230,The Traveler's Gift: Seven Decisions that Determine Personal Success,Andy Andrews,,,not_found
9780061143310,Promise Not to Tell,Jennifer McMahon,,,not_found
9781476745370,Si-cology 1: Tales and Wisdom from Duck Dynasty’s Favorite Uncle,"Si Robertson, Mark Schlabach",,,not_found
9780671010130,"Final Jeopardy (Alexandra Cooper, #1)",Linda Fairstein,,,not_found
9780312875050,"The Wheel of Time: Boxed Set  (Wheel of Time, #1-8)",Robert Jordan,,,not_found
,Heart on a Chain,Cindy C. Bennett,,,not_found
9780375703710,More Than Human,Theodore Sturgeon,,,not_found
9781419700280,"Darth Paper Strikes Back (Origami Yoda, #2)",Tom Angleberger,,,not_found
,Wishin' and Hopin',Wally Lamb,,,not_found
9780373210340,"The Girl in the Steel Corset (Steampunk Chronicles, #1)",Kady Cross,,,not_found
9780140258620,"The Green Mile, Part 6: Coffey on the Mile",Stephen King,,,not_found
9780671019750,Dream Man,Linda Howard,,,not_found
9783552060420,"Gut gegen Nordwind (Gut gegen Nordwind, #1)",Daniel Glattauer,,,not_found
9780439783610,My Brother Sam Is Dead,"James Lincoln Collier, Christopher Collier",,,not_found
9781400078970,Rubicon: The Last Years of the Roman Republic,Tom Holland,,,not_found
9781416589430,"Nice Girls Don't Have Fangs (Jane Jameson, #1)",Molly Harper,,,not_found
9780142400010,Catalyst,Laurie Halse Anderson,,,not_found
9780062021270,"When Beauty Tamed the Beast (Fairy Tales, #2)",Eloisa James,,,not_found
9780425176660,Belinda,"Anne Rice, Anne Rampling",,,not_found
9781439191380,"Miles to Go (The Walk, #2)",Richard Paul Evans,,,not_found
9781419702170,My Friend Dahmer,Derf Backderf,,,not_found
9780671737830,"The Lion's Lady (Crown's Spies, #1)",Julie Garwood,,,not_found
9780671702500,"The Gift (Crown's Spies, #3)",Julie Garwood,,,not_found
9781250065930,Beach Town,Mary Kay Andrews,,,not_found
9780142501090,"The Legend of Luke (Redwall, #12)",Brian Jacques,,,not_found
9780375829700,Babe: The Gallant Pig,"Dick King-Smith, Maggie Kneen",,,not_found
9780345520490,"Dream Team: How Michael, Magic, Larry, Charles, and the Greatest Team of All Time Conquered the World and Changed the Game of Basketball Forever",Jack McCallum,,,not_found
9780071484990,Influencer: The Power to Change Anything,"Kerry Patterson, Joseph Grenny, David Maxfield, Ron McMillan, Al Switzler",,,not_found
9780380016650,The Hand of Oberon (The Chronicles of Amber #4),Roger Zelazny,,,not_found
9780425238200,"No Place to Run (KGI, #2)",Maya Banks,,,not_found
9780439706380,"The Dragonslayer (Bone, #4)","Jeff Smith, Steve Hamaker",,,not_found
9780312643000,Rain Reign,Ann M. Martin,,,not_found
9780062049870,"A Week to Be Wicked (Spindle Cove, #2)",Tessa Dare,,,not_found
9780937295810,"Meet Samantha: An American Girl (American Girls: Samantha, #1)","Susan S. Adler, Renée Graef, Nancy Niles",,,not_found
9780571215290,The Secret Scripture,Sebastian Barry,,,not_found
9780385721810,When the Emperor Was Divine,Julie Otsuka,,,not_found
9780062279870,"Foreplay (The Ivy Chronicles, #1)",Sophie Jordan,,,not_found
9780345484120,"The Elves of Cintra (Genesis of Shannara, #2)",Terry Brooks,,,not_found
9780006478970,"Night Prey (Lucas Davenport, #6)",John Sandford,,,not_found
9780061043540,"Clouds of Witness (Lord Peter Wimsey, #2)",Dorothy L. Sayers,,,not_found
9781582344520,"The Nasty Bits: Collected Varietal Cuts, Usable Trim, Scraps, and Bones",Anthony Bourdain,,,not_found
9780399156820,"Zero History (Blue Ant, #3)",William Gibson,,,not_found
9781935089440,Sophie & Carter,Chelsea Fine,,,not_found
9780812995340,Lincoln in the Bardo,George Saunders,,,not_found
9781401226920,Batwoman: Elegy,"Greg Rucka, J.H. Williams III, Rachel Maddow",,,not_found
9780385733140,"Small Steps (Holes, #2)",Louis Sachar,,,not_found
,"The Midwife's Revolt (The Midwife Series, #1)",Jodi Daynard,,,not_found
9781847445210,The Wicked Girls,Alex Marwood,,,not_found
,Anti-Stepbrother,Tijan,,,not_found
9780441011130,"Agents of Light and Darkness (Nightside, #2)",Simon R. Green,,,not_found
9780385343860,Homer's Odyssey,Gwen Cooper,,,not_found
9781857988370,Stand on Zanzibar,John Brunner,,,not_found
9781595328920,Avatar Volume 1: The Last Airbender (Avatar #1),"Michael Dante DiMartino, Bryan Konietzko",,,not_found
9780340796180,"Five Go to Smuggler's Top (Famous Five, #4)",Enid Blyton,,,not_found
9780340796180,"Five Run Away Together (Famous Five, #3)",Enid Blyton,,,not_found
,"Knight & Stay (Knight, #2)",Kitty French,,,not_found
9780345480260,A Redbird Christmas,Fannie Flagg,,,not_found
9780440210700,"Indemnity Only (V.I. Warshawski, #1)",Sara Paretsky,,,not_found
9780553248650,The Haj,Leon Uris,,,not_found
9780440900570,"Summer of My German Soldier (Summer of My German Soldier, #1)",Bette Greene,,,not_found
9780345537260,Rogues,"George R.R. Martin, Gardner R. Dozois, Joe Abercrombie, Gillian Flynn, Matthew Hughes, Joe R. Lansdale, Michael Swanwick, David  Ball, Carrie Vaughn, Scott Lynch, Bradley Denton, Cherie Priest, Daniel Abraham, Paul Cornell, Steven Saylor, Garth Nix, Walter Jon Williams, Phyllis Eisenstein, Lisa Tuttle, Neil Gaiman, Connie Willis, Patrick Rothfuss",,,not_found
9781311736420,"Bound by Honor (Born in Blood Mafia Chronicles, #1)",Cora Reilly,,,not_found
9780451463720,"Mercy Blade (Jane Yellowrock, #3)",Faith Hunter,,,not_found
9780440246110,"Deeper Than Midnight (Midnight Breed, #9)",Lara Adrian,,,not_found
9780525477550,"Skippyjon Jones in Mummy Trouble (Skippyjon Jones, #3)",Judy Schachner,,,not_found
9780451461520,"Claimed By Shadow (Cassandra Palmer, #2)",Karen Chance,https://covers.openlibrary.org/b/isbn/9780451461520-L.jpg,covers/9780451461520.jpg,ok_openlibrary
9780743496970,I Do -- But I Don't,Cara Lockwood,,,not_found
9780007120710,"Sad Cypress (Hercule Poirot, #21)",Agatha Christie,https://covers.openlibrary.org/b/isbn/9780007120710-L.jpg,covers/9780007120710.jpg,ok_openlibrary
9780307273600,Daily Rituals: How Artists Work,Mason Currey,,,not_found
9780719569520,"An Incomplete Revenge (Maisie Dobbs, #5)",Jacqueline Winspear,,,not_found
9781414336060,"The Boy Who Came Back from Heaven: A Remarkable Account of Miracles, Angels, and Life beyond This World","Kevin Malarkey, Alex Malarkey",,,not_found
9780451451800,"The Darkest Road (The Fionavar Tapestry, #3)",Guy Gavriel Kay,,,not_found
9780385538510,The Night Sister,Jennifer McMahon,,,not_found
9780552163290,You Don't Have to Say You Love Me,Sarra Manning,,,not_found
9781594487480,The Sound of Things Falling,"Juan Gabriel Vásquez, Anne McLean",,,not_found
9780441011250,"Tales from Earthsea (Earthsea Cycle, #5)",Ursula K. Le Guin,,,not_found
9780778324830,"Body Movers (Body Movers, #1)",Stephanie Bond,,,not_found
2940012482140,"Maid for the Billionaire (Legacy Collection, #1)",Ruth Cardello,,,not_found
9780345545960,Ashley Bell,Dean Koontz,,,not_found
9780002246190,Johnny Mnemonic,"William Gibson, Terry Bisson",,,not_found
,بضع ساعات في يوم ما,محمد صادق,,,not_found
9780553568010,"Rogue Squadron (Star Wars: X-Wing, #1)",Michael A. Stackpole,,,not_found
9780440244060,Fine Things,Danielle Steel,,,not_found
9780143036530,Amusing Ourselves to Death: Public Discourse in the Age of Show Business,"Neil Postman, Andrew Postman",,,not_found
9780316735510,Eat to Live: The Revolutionary Formula for Fast and Sustained Weight Loss,Joel Fuhrman,,,not_found
9780345419580,"Nerilka's Story (Pern, #8)",Anne McCaffrey,,,not_found
9780670913500,Hairy Maclary from Donaldson's Dairy,Lynley Dodd,,,not_found
9780399154390,"The Chase (Isaac Bell, #1)",Clive Cussler,,,not_found
9780380803260,"King of Foxes (Conclave of Shadows, #2)",Raymond E. Feist,,,not_found
9780393346770,The Obituary Writer,Ann Hood,,,not_found
9781905294430,"Tunnels (Tunnels, #1)","Roderick Gordon, Brian  Williams",,,not_found
9780751505540,The Promise,Danielle Steel,,,not_found
9780316013310,The Beatles: The Biography,Bob Spitz,,,not_found
9780007345630,The Single Girl's To-Do List,Lindsey Kelk,,,not_found
9780060959520,Elizabeth: The Struggle for the Throne,David Starkey,,,not_found
9788756795460,"Journal 64 (Afdeling Q, #4)",Jussi Adler-Olsen,,,not_found
9780785122460,The Incredible Hulk: Planet Hulk,"Greg Pak, Aaron Lopresti, Carlo Pagulayan, Juan Santacruz, Gary Frank, Takeshi Miyazawa",,,not_found
9780451210460,Lie Down with Lions,Ken Follett,,,not_found
9781857232520,"Rama Revealed (Rama, #4)","Arthur C. Clarke, Gentry Lee",,,not_found
9781573451990,"Rumors of War (Children of the Promise, #1)",Dean Hughes,,,not_found
9781936305380,"The Redhead Revealed (Redhead, #2)",Alice Clayton,,,not_found
,"Independence (Significance, #4)",Shelly Crane,,,not_found
,"Night Owl (Night Owl, #1)",M. Pierce,,,not_found
9781595542780,Skin,Ted Dekker,,,not_found
9780061561560,"Clariel (Abhorsen, #4)",Garth Nix,,,not_found
9780307393840,Wonderful Tonight,"Pattie Boyd, Penny Junor",,,not_found
9780099366610,"The Big Nowhere (L.A. Quartet, #2)",James Ellroy,,,not_found
9780143035080,"In This Mountain (Mitford Years, #7)",Jan Karon,,,not_found
9780451216720,Code to Zero,Ken Follett,,,not_found
,"Head Over Heels (Lucky Harbor, #3)",Jill Shalvis,,,not_found
9780785165640,"Hawkeye, Volume 2: Little Hits","Matt Fraction, David Aja, Francesco Francavilla, Steve Lieber, Jesse Hamm, Annie Wu, Matt Hollingsworth, Chris Eliopoulos",,,not_found
9780060740690,"Death at La Fenice (Commissario Brunetti, #1)",Donna Leon,,,not_found
9780345339260,Dibs in Search of Self,Virginia M. Axline,,,not_found
9780140437420,The Old Curiosity Shop,"Charles Dickens, Norman Page",,,not_found
9781595324090,"Fruits Basket, Vol. 14","Natsuki Takaya, Alethea Nibley, Athena Nibley",,,not_found
9780425189860,"Mortal Prey (Lucas Davenport, #13)",John Sandford,,,not_found
9780061119060,A Series of Unfortunate Events Box: The Complete Wreck (Books 1-13),"Lemony Snicket, Brett Helquist",,,not_found
9781608196260,"Midnight in Austenland (Austenland, #2)",Shannon Hale,,,not_found
9780373773560,Too Good to Be True,Kristan Higgins,,,not_found
9780785107870,"Ultimate Spider-Man, Volume 1: Power and Responsibility","Brian Michael Bendis, Mark Bagley",,,not_found
,"The Beggar King (The Hangman's Daughter, #3)","Oliver Pötzsch, Lee Chadeayne",,,not_found
,"Fifty Shades Duo: Fifty Shades Darker / Fifty Shades Freed (Fifty Shades, #2-3)",E.L. James,,,not_found
9781572703860,"One, Two, Buckle My Shoe (Hercule Poirot, #22)","Agatha Christie, Hugh Fraser",,,not_found
9780553499160,"Gemina (The Illuminae Files, #2)","Amie Kaufman, Jay Kristoff, Marie Lu",,,not_found
9780349102630,Too Loud a Solitude,Bohumil Hrabal,,,not_found
9780553345390,Hands Of Light,"Barbara Ann Brennan, Jos. A. Smith",,,not_found
9780060094900,Staying Fat for Sarah Byrnes,Chris Crutcher,,,not_found
9780140951450,Tao of Pooh and Te of Piglet Boxed Set,Benjamin Hoff,,,not_found
9781572703930,"The Clocks (Hercule Poirot, #34)","Agatha Christie, Robin Bailey",,,not_found
9788408057240,Maktub,Paulo Coelho,,,not_found
9780143039330,Lorna Doone,"R.D. Blackmore, Michelle Allen",,,not_found
9780062122550,The One I Left Behind,Jennifer McMahon,,,not_found
9781595540070,Adam,Ted Dekker,,,not_found
9781927925160,Manga Classics: Les Misérables,"Stacy King, SunNeko Lee, Crystal S. Chan, Victor Hugo",,,not_found
9780786943400,"The Orc King (Forgotten Realms: Transitions, #1; Legend of Drizzt, #17)",R.A. Salvatore,,,not_found
9780345419380,"The Dolphins of Pern (Pern, #13)",Anne McCaffrey,,,not_found
9780684833770,Succulent Wild Woman,S.A.R.K.,,,not_found
9781444736940,"The Abduction (Theodore Boone, #2)",John Grisham,,,not_found
9780689857710,"Rainbow Boys (Rainbow Trilogy, #1)",Alex   Sanchez,,,not_found
9781400031010,Any Human Heart,William  Boyd,,,not_found
9780060774070,A Bite to Remember (Argeneau #5),Lynsay Sands,,,not_found
9780399164450,"Festive in Death (In Death, #39)",J.D. Robb,,,not_found
9780375840910,"The Penderwicks on Gardam Street (The Penderwicks, #2)",Jeanne Birdsall,,,not_found
9782081246330,La Carte et le territoire,Michel Houellebecq,,,not_found
9780451199900,"They Do It with Mirrors (Miss Marple, #6)",Agatha Christie,,,not_found
9781250024110,"The Nightmare (Joona Linna, #2)","Lars Kepler, Laura A. Wideburg",,,not_found
9781449401160,5 Very Good Reasons to Punch a Dolphin in the Mouth and Other Useful Guides,Matthew Inman,,,not_found
,شكلها باظت,عمر طاهر,,,not_found
9780515126080,The Reef,Nora Roberts,,,not_found
9780307119480,Just a Mess (Little Critter),Mercer Mayer,,,not_found
9780441014020,Pushing Ice,Alastair Reynolds,,,not_found
9780440241610,"The Gods of War (Emperor, #4)",Conn Iggulden,,,not_found
9780679434480,The Secret Art of Dr. Seuss,"Dr. Seuss, Maurice Sendak, Audrey Geisel",,,not_found
9780312656290,"Heaven (Halo, #3)",Alexandra Adornetto,,,not_found
9780062318470,The Last Time We Say Goodbye,Cynthia Hand,http://books.google.com/books/content?id=TiaboAEACAAJ&printsec=frontcover&img=1&zoom=1&source=gbs_api,covers/9780062318470.jpg,ok_googlebooks
9780356508370,"The Obelisk Gate (The Broken Earth, #2)",N.K. Jemisin,,,not_found
9780345436830,"Out of Egypt (Christ the Lord, #1)",Anne Rice,,,not_found
9781782115080,Reasons to Stay Alive,Matt Haig,,,not_found
9780307272100,The Children's Book,A.S. Byatt,,,not_found
9781416563100,Tough Customer (Mitchell & Associates #2),Sandra Brown,,,not_found
9780515124640,The Shadowy Horses,Susanna Kearsley,,,not_found
9780064408330,"Joey Pigza Swallowed the Key (Joey Pigza, #1)",Jack Gantos,,,not_found
9780670020870,Dune Road,Jane Green,,,not_found
9781427206050,"Among the Mad (Maisie Dobbs, #6)","Jacqueline Winspear, Orlagh Cassidy",,,not_found
9780143035370,Olivia Joules and the Overactive Imagination,Helen Fielding,,,not_found
9781594487870,Unfamiliar Fishes,Sarah Vowell,,,not_found
9780385528080,"Johannes Cabal the Necromancer (Johannes Cabal, #1)",Jonathan L. Howard,,,not_found
9780143035700,In the Miso Soup,"Ryū Murakami, Ralph McCarthy",,,not_found
9780525951360,"Counterfeit Gods: The Empty Promises of Money, Sex, and Power, and the Only Hope that Matters",Timothy J. Keller,,,not_found
9780375705200,Amy and Isabelle ,Elizabeth Strout,,,not_found
,"Until Nico (Until, #4)",Aurora Rose Reynolds,,,not_found
9780373250110,See Jane Date,Melissa Senate,,,not_found
9781476706120,Red Sparrow (Red Sparrow Trilogy #1),Jason  Matthews,,,not_found
9780425208140,Beyond Band of Brothers: The War Memoirs of Major Dick Winters,"Dick Winters, Cole C. Kingseed",,,not_found
9780060586380,The Way the Crow Flies,Ann-Marie MacDonald,,,not_found
,In the Penal Colony,Franz Kafka,,,not_found
9780385538040,Beautiful You,Chuck Palahniuk,,,not_found
9780747598690,Operation Mincemeat: How a Dead Man and a Bizarre Plan Fooled the Nazis and Assured an Allied Victory,Ben Macintyre,,,not_found
9780671004230,"The Locket (The Locket, #1)",Richard Paul Evans,,,not_found
9780671877840,"Honor Among Enemies (Honor Harrington, #6)",David Weber,,,not_found
9780316197080,"Altered (Altered, #1)",Jennifer Rush,,,not_found
9780399170870,"Obsession in Death (In Death, #40)",J.D. Robb,,,not_found
9781451617860,EntreLeadership: 20 Years of Practical Business Wisdom from the Trenches,Dave Ramsey,,,not_found
,"Vicious (Sinners of Saint, #1)",L.J. Shen,,,not_found
9780312939170,"The Quiche of Death (Agatha Raisin, #1)",M.C. Beaton,,,not_found
9780140350420,"The Marvelous Land of Oz (Oz, #2)","L. Frank Baum, David McKee",,,not_found
9780743296880,Become a Better You: 7 Keys to Improving Your Life Every Day,Joel Osteen,,,not_found
9780802141900,Reservation Blues,Sherman Alexie,,,not_found
9781598160240,"Fruits Basket, Vol. 15","Natsuki Takaya, Alethea Nibley, Athena Nibley",,,not_found
9780091933680,Plenty,Yotam Ottolenghi,,,not_found
9780615651020,"The First Confessor (The Legend of Magda Searus, #1)",Terry Goodkind,,,not_found
9781596060200,Agent to the Stars,John Scalzi,,,not_found
9780981546260,"The Second Ship (The Rho Agenda, #1)",Richard   Phillips,,,not_found
,"Reasonable Doubt: Volume 3 (Reasonable Doubt, #3)",Whitney G.,,,not_found
9780060835280,The Beet Queen,Louise Erdrich,,,not_found
9781479372740,"Disastrous (Disastrous, #1)",E.L. Montes,,,not_found
9780440993710,The Wave,"Morton Rhue, Todd Strasser",,,not_found
9780425174400,And Ladies of the Club,Helen Hooven Santmyer,,,not_found
9780140445500,Gargantua and Pantagruel,"François Rabelais, M.A. Screech",,,not_found
9780061779790,"Secondhand Souls (Grim Reaper, #2)",Christopher Moore,,,not_found
9781401308220,When Will Jesus Bring the Pork Chops?,George Carlin,,,not_found
9781476763120,"The Cinderella Murder (Under Suspicion, #2)","Mary Higgins Clark, Alafair Burke",,,not_found
9780545448680,The Marvels,Brian Selznick,,,not_found
9781847679440,"The Last Werewolf (The Last Werewolf, #1)",Glen Duncan,,,not_found
9780812508420,"Shadows Linger (The Chronicles of the Black Company, #2)",Glen Cook,https://covers.openlibrary.org/b/isbn/9780812508420-L.jpg,covers/9780812508420.jpg,ok_openlibrary
9781612629410,"Attack on Titan: No Regrets, Volume 01","Hajime Isayama, Hikaru Suruga, Gan Sunaaku",,,not_found
9780694004930,The Carrot Seed,"Ruth Krauss, Crockett Johnson",,,not_found
9780805077740,What's the Matter with Kansas? How Conservatives Won the Heart of America,Thomas Frank,,,not_found
9780743525880,Riding the Bullet,"Stephen King, Josh Hamilton",,,not_found
9780446616420,"Kitty Goes to Washington (Kitty Norville, #2)",Carrie Vaughn,,,not_found
9789776337590,شاب كشك في رحلة البحث عن الجادون,عمرو سلامة,,,not_found
9780688104640,The Nose,"Nikolai Gogol, Kevin Hawkes",,,not_found
9780441017090,"Relentless (The Lost Fleet, #5)",Jack Campbell,,,not_found
9780446618760,"Kitty and the Silver Bullet (Kitty Norville, #4)",Carrie Vaughn,,,not_found
9780942299790,The Society of the Spectacle,"Guy Debord, Donald Nicholson-Smith",,,not_found
9780786836610,"SilverFin (Young Bond, #1)",Charlie Higson,,,not_found
9781417642170,Attack of the Deranged Mutant Killer Monster Snow Goons,Bill Watterson,,,not_found
9780374316420,"Crewel (Crewel World, #1)",Gennifer Albin,,,not_found
9780743413080,Helmet for My Pillow,Robert Leckie,,,not_found
9789992195840,المانيفستو,مصطفى إبراهيم,,,not_found
9780316261140,Winter Stroll (Winter #2),Elin Hilderbrand,http://books.google.com/books/content?id=YladjwEACAAJ&printsec=frontcover&img=1&zoom=1&source=gbs_api,covers/9780316261140.jpg,ok_googlebooks
9780062498530,The Hate U Give,Angie Thomas,,,not_found
9780345511560,"Dynasty of Evil (Star Wars: Darth Bane, #3)",Drew Karpyshyn,,,not_found
9780552139140,"The Chronicles of Pern: First Fall (Pern, #12)",Anne McCaffrey,,,not_found
9780671876810,"Flag in Exile (Honor Harrington, #5)",David Weber,,,not_found
9780375703870,The Autograph Man,Zadie Smith,,,not_found
9780571242440,The Private Patient (Adam Dalgliesh #14),P.D. James,,,not_found
9781593070200,"Berserk, Vol. 1 (Berserk, #1)","Kentaro Miura, Jason DeAngelis",,,not_found
9780988474410,Love Left Behind,S.H. Kolee,,,not_found
9780670012250,Keep Holding On,Susane Colasanti,,,not_found
9781682309810,Egomaniac,Vi Keeland,,,not_found
9780805078980,"Messenger of Truth (Maisie Dobbs, #4)",Jacqueline Winspear,,,not_found
9781841495930,"The Rogue (Traitor Spy Trilogy, #2)",Trudi Canavan,,,not_found
9780441015670,"Courageous (The Lost Fleet, #3)",Jack Campbell,,,not_found
9780060531260,"On the Way to the Wedding (Bridgertons, #8)",Julia Quinn,,,not_found
9781553379590,Scaredy Squirrel (Scaredy Squirrel),Mélanie Watt,,,not_found
9781400043930,The Keep,Jennifer Egan,,,not_found
9780373210280,"My Soul to Steal (Soul Screamers, #4)",Rachel Vincent,,,not_found
9780804188240,Ruby,Cynthia Bond,,,not_found
9780300107890,Crush,Richard Siken,https://covers.openlibrary.org/b/isbn/9780300107890-L.jpg,covers/9780300107890.jpg,ok_openlibrary
9780553589450,The Survivors Club,Lisa Gardner,,,not_found
9780061689380,Don't Breathe a Word,Jennifer McMahon,,,not_found
9780312351750,Apathy and Other Small Victories,Paul Neilan,,,not_found
9780061767630,"Sugar and Spice (L.A. Candy, #3)",Lauren Conrad,,,not_found
9781101965500,The Force Awakens (Star Wars),"Alan Dean Foster, Lawrence Kasdan, J.J. Abrams, Michael Arndt",,,not_found
9780451464100,"Grave Dance (Alex Craft, #2)",Kalayna Price,,,not_found
9780759530480,"Soul Eater, Vol. 02 (Soul Eater, #2)",Atsushi Ohkubo,,,not_found
9781101623210,"Gathering Darkness (Falling Kingdoms, #3)","Morgan Rhodes, Michelle Rowen",,,not_found
9780345476030,Await Your Reply,Dan Chaon,,,not_found
9780380721640,"Track of the Cat (Anna Pigeon, #1)",Nevada Barr,,,not_found
9781563893160,Superman: Whatever Happened to the Man of Tomorrow?,"Alan Moore, Curt Swan, George Pérez, Kurt Schaffenberger",,,not_found
9781584230700,The Medium is the Massage,"Marshall McLuhan, Quentin Fiore, Jerome Agel",https://covers.openlibrary.org/b/isbn/9781584230700-L.jpg,covers/9781584230700.jpg,ok_openlibrary
9780385532920,"Lawrence in Arabia: War, Deceit, Imperial Folly, and the Making of the Modern Middle East",Scott Anderson,,,not_found
9781593080760,Essays and Poems,"Ralph Waldo Emerson, Peter Norberg",,,not_found
,"Bad Romeo (Starcrossed, #1)",Leisa Rayven,,,not_found
9781841493340,"Singularity Sky (Eschaton, #1)",Charles Stross,,,not_found
9780758220360,"The Mane Event (Pride, #1)",Shelly Laurenston,,,not_found
9780871297490,Henry & Ramona,Cynthia J. McGean,,,not_found
9780060751590,Innocent Erendira and Other Stories,"Gabriel García Márquez, Gregory Rabassa",,,not_found
9780425220160,Mine to Possess (Psy-Changeling #4),Nalini Singh,https://covers.openlibrary.org/b/isbn/9780425220160-L.jpg,covers/9780425220160.jpg,ok_openlibrary
9789774881300,"""حكايات فرغلي المستكاوي ""حكايتى مع كفر السحلاوية",حسن الجندي,,,not_found
9780812508440,"The White Rose (The Chronicles of the Black Company, #3)",Glen Cook,,,not_found
9780545654750,"All Fall Down (Embassy Row, #1)",Ally Carter,,,not_found
9780679783180,The Charterhouse of Parma,"Stendhal, Richard Howard, Robert Andrew Parker",,,not_found
9781416520400,The Book of Luke,Jenny O'Connell,,,not_found
9780345478990,"The Faithful Spy (John Wells, #1)",Alex Berenson,,,not_found
,"Holy Blood, Holy Grail","Michael Baigent, Richard Leigh, Henry Lincoln",,,not_found
9780395861620,Snowflake Bentley,"Jacqueline Briggs Martin, Mary Azarian",,,not_found
9780778316340,Little Mercies,Heather Gudenkauf,,,not_found
9780842387440,"Fame (Firstborn, #1)",Karen Kingsbury,,,not_found
9781420103730,"Dragon Actually (Dragon Kin, #1)",G.A. Aiken,,,not_found
9780374518170,The Complete Poems 1927-1979,Elizabeth Bishop,,,not_found
9780743299850,Day After Night,Anita Diamant,,,not_found
9780865475880,Cradle to Cradle: Remaking the Way We Make Things,"William McDonough, Michael Braungart",,,not_found
9780743297320,"Look Homeward, Angel",Thomas Wolfe,,,not_found
9780345483900,"Jarka Ruus (High Druid of Shannara, #1)",Terry Brooks,,,not_found
9780435122120,Z for Zachariah,Robert C. O'Brien,,,not_found
9780449004030,"Healthy Sleep Habits, Happy Child",Marc Weissbluth,,,not_found
9781563896280,"Transmetropolitan, Vol. 4: The New Scum (Transmetropolitan, #4)","Warren Ellis, Darick Robertson, Rodney Ramos, Keith Akin",,,not_found
,"My Lady Jane (The Lady Janies, #1)","Cynthia Hand, Brodi Ashton, Jodi Meadows",,,not_found
9780547330790,The Hand That First Held Mine,Maggie O'Farrell,,,not_found
,"Blood Defense (Samantha Brinkman, #1)",Marcia Clark,,,not_found
9780061092040,The Fourth Estate,Jeffrey Archer,,,not_found
9780345427050,The Man Who Listens to Horses,"Monty Roberts, Lucy Grealy, Lawrence Scanlan",,,not_found
9780316010760,Oblivion,David Foster Wallace,,,not_found
9780062332580,"The Calling (Endgame, #1)","James Frey, Nils Johnson-Shelton",,,not_found
9780062237380,"Annabel (Delirium, #0.5)",Lauren Oliver,,,not_found
9780345505700,"Mystery (Alex Delaware, #26)",Jonathan Kellerman,,,not_found
9780689867460,"The Sea of Trolls (Sea of Trolls, #1)",Nancy Farmer,,,not_found
9780307271860,The Man from Beijing,"Henning Mankell, Laurie Thompson",,,not_found
9780316234560,"Day 21 (The 100, #2)",Kass Morgan,,,not_found
9780571313240,The Girl in the Red Coat,Kate Hamer,,,not_found
9780399157300,"Against All Enemies (Max Moore, #1)","Tom Clancy, Peter Telep",,,not_found
9780345485600,Daisy Fay and the Miracle Man ,Fannie Flagg,,,not_found
9780679735720,Time's Arrow,Martin Amis,,,not_found
9780765326580,"The Gate Thief (Mither Mages, #2)",Orson Scott Card,,,not_found
9780385475780,Nine Parts of Desire: The Hidden World of Islamic Women,Geraldine Brooks,,,not_found
9780141300510,I Am the Cheese,Robert Cormier,,,not_found
9780385333800,Soul on Ice,Eldridge Cleaver,http://books.google.com/books/content?id=31imFtqKEdAC&printsec=frontcover&img=1&zoom=1&source=gbs_api,covers/9780385333800.jpg,ok_googlebooks
9780141183720,Keep the Aspidistra Flying,George Orwell,,,not_found
9780140435720,Ethics,"Baruch Spinoza, Edwin M. Curley, Stuart Hampshire, Edwin Curley",,,not_found
9781455531190,You'll Grow Out of It,Jessi Klein,,,not_found
9780812511760,"The Elvenbane (Halfblood Chronicles, #1)","Andre Norton, Mercedes Lackey",,,not_found
9780399154220,"Invisible Prey (Lucas Davenport, #17)",John Sandford,http://books.google.com/books/content?id=9N9lAAAAMAAJ&printsec=frontcover&img=1&zoom=1&source=gbs_api,covers/9780399154220.jpg,ok_googlebooks
9780988573220,"Truce (Neighbor from Hell, #4)",R.L. Mathewson,,,not_found
9780316044740,"The Midnight Palace (Niebla, #2)","Carlos Ruiz Zafón, Lucia Graves",,,not_found
9780671704650,"Treasure (Dirk Pitt, #9)",Clive Cussler,,,not_found
9780575077160,"The Prefect (Prefect Dreyfus Emergency, #1)",Alastair Reynolds,,,not_found
9780064401490,"Hello, Mrs. Piggle-Wiggle (Mrs. Piggle Wiggle, #4)","Betty MacDonald, Alexandra Boiger",,,not_found
,After Anna,Alex Lake,,,not_found
9781439147990,"Web of Lies (Elemental Assassin, #2)",Jennifer Estep,,,not_found
9781401203500,"DC: The New Frontier, Volume 1","Darwyn Cooke, Dave Stewart, Jared K. Fletcher",,,not_found
9781405915300,Daughter,Jane Shemilt,,,not_found
9780007201100,Ya Yas in Bloom,Rebecca Wells,,,not_found
9780316358320,"The Secret of the Unicorn (Tintin, #11)",Hergé,,,not_found
9780316043960,"The Broken Kingdoms (Inheritance, #2)",N.K. Jemisin,http://books.google.com/books/content?id=Mg4IlwEACAAJ&printsec=frontcover&img=1&zoom=1&source=gbs_api,covers/9780316043960.jpg,ok_googlebooks
9780394719860,The Gay Science,"Friedrich Nietzsche, Walter Kaufmann",,,not_found
9780763612310,"Judy Moody (Judy Moody, # 1)","Megan McDonald, Peter H. Reynolds",,,not_found
9780385347370,Dataclysm: Who We Are (When We Think No One's Looking),Christian Rudder,,,not_found
9780345479170,Trump: The Art of the Deal,"Donald J. Trump, Tony Schwartz",,,not_found
,Cape Fear,John D. MacDonald,,,not_found
9780316242900,"The Three (The Three, #1)",Sarah Lotz,,,not_found
9780553580330,House Corrino (Prelude to Dune #3),"Brian Herbert, Kevin J. Anderson",,,not_found
9781591826060,"Fruits Basket, Vol. 3","Natsuki Takaya, Alethea Nibley, Athena Nibley",,,not_found
9780439858040,"The Night Is for Hunting (Tomorrow, #6)",John Marsden,,,not_found
9780140441640,The Upanishads: Translations from the Sanskrit,"Anonymous, Juan Mascaró",,,not_found
9780399156240,"Fantasy in Death (In Death, #30)",J.D. Robb,,,not_found
9781462003920,"Crow's Row (Crow's Row, #1)",Julie Hockley,,,not_found
,"Forever You (Forever, #2)",Sandi Lynn,,,not_found
9780804140840,"Thrive: The Third Metric to Redefining Success and Creating a Life of Well-Being, Wisdom, and Wonder",Arianna Huffington,,,not_found
9780553293420,Pebble in the Sky (Galactic Empire #3),Isaac Asimov,,,not_found
9780061229770,"Vampire, Interrupted (Argeneau #9)",Lynsay Sands,https://covers.openlibrary.org/b/isbn/9780061229770-L.jpg,covers/9780061229770.jpg,ok_openlibrary
9780156010860,The Seven Storey Mountain,"Thomas Merton, Robert Giroux, William H. Shannon",,,not_found
9781622668990,"Tempting the Player (Gamble Brothers, #2)","J. Lynn, Jennifer L. Armentrout",,,not_found
9781416935710,"H.I.V.E. Higher Institute of Villainous Education (H.I.V.E., #1)",Mark Walden,,,not_found
9780446580300,"The Devil You Know (Felix Castor, #1)",Mike Carey,,,not_found
9780340796150,"Five Go Adventuring Again (Famous Five, #2)",Enid Blyton,,,not_found
9789992195760,صانع الظلام,تامر إبراهيم,,,not_found
,"Hard Limit (Hacker, #4)",Meredith Wild,,,not_found
9783822859830,Frida Kahlo: 1907-1954 Pain and Passion,Andrea Kettenmann,,,not_found
,The Lake (The Lake Trilogy #1),AnnaLisa Grant,,,not_found
,"Jake Undone (Jake, #1)",Penelope Ward,,,not_found
9780399156040,The Law of Nines,Terry Goodkind,,,not_found
9780385482390,The Mistress of Spices,Chitra Banerjee Divakaruni,,,not_found
9780330519470,"Forsaken (The Demon Trappers, #1)",Jana Oliver,,,not_found
9781590304500,The Places That Scare You: A Guide to Fearlessness in Difficult Times,Pema Chödrön,,,not_found
9781416546020,Falling Man,"Don DeLillo, محمدصادق رئیسی",,,not_found
9780451232690,"Falling Under (Falling Under, #1)",Gwen Hayes,,,not_found
,"The Wild Ones (The Wild Ones, #1)",M. Leighton,,,not_found
9780316196480,"Perfect Shadow (Night Angel, #0.5)",Brent Weeks,,,not_found
9780451225090,"The House on Tradd Street (Tradd Street, #1)",Karen   White,,,not_found
2940011191210,"The Finding (Law of the Lycans, #5)",Nicky Charles,,,not_found
9781421515880,"Wild Ones, Vol. 1 (Wild Ones, #1)",Kiyo Fujiwara,,,not_found
9781484724990,Lost Stars (Star Wars: Journey to the Force Awakens),Claudia Gray,,,not_found
9780007158520,I Can Read With My Eyes Shut!,Dr. Seuss,http://books.google.com/books/content?id=Ev4Llq5fv4IC&printsec=frontcover&img=1&zoom=1&source=gbs_api,covers/9780007158520.jpg,ok_googlebooks
9781422188610,"The First 90 Days, Updated and Expanded: Critical Success Strategies for New Leaders at All Levels",Michael D. Watkins,,,not_found
9780553286280,Nemesis,Isaac Asimov,,,not_found
9780316115000,"The Pretty Committee Strikes Back (The Clique, #5)",Lisi Harrison,,,not_found
9780749744820,"First Term at Malory Towers (Malory Towers, #1)",Enid Blyton,,,not_found
9780618250740,"Carry On, Mr. Bowditch",Jean Lee Latham,,,not_found
,"UnDivided (Unwind, #4)",Neal Shusterman,,,not_found
9780571198770,Wit,Margaret Edson,,,not_found
9780316115050,"Dial L for Loser (The Clique, #6)",Lisi Harrison,,,not_found
9781451668210,The Hunger Pains: A Parody,The Harvard Lampoon,,,not_found
9780451458260,"The Wandering Fire (The Fionavar Tapestry, #2)",Guy Gavriel Kay,,,not_found
9780425270690,"Magic Binds (Kate Daniels, #9)",Ilona Andrews,,,not_found
9781400096690,Incendiary,Chris Cleave,,,not_found
9780330411980,Winter in Madrid,C.J. Sansom,,,not_found
9780449014390,"Happier at Home: Kiss More, Jump More, Abandon a Project, Read Samuel Johnson, and My Other Experiments in the Practice of Everyday Life","Gretchen Rubin, Käthe Mazur",,,not_found
9780340895930,Silver Bay,Jojo Moyes,,,not_found
,"Lines of Departure (Frontlines, #2)",Marko Kloos,,,not_found
9781590170570,The Invention of Morel,"Adolfo Bioy Casares, Suzanne Jill Levine, Jorge Luis Borges, Ruth L.C. Simms, Norah Borges de Torre",,,not_found
9780345418000,The Water-Method Man,John Irving,,,not_found
9780553344870,The River Why,David James Duncan,,,not_found
9780142002800,The Fall of Berlin 1945,Antony Beevor,,,not_found
9780439998190,"Captain Underpants and the Perilous Plot of Professor Poopypants (Captain Underpants, #4)",Dav Pilkey,,,not_found
9780765312820,"A War of Gifts (Ender's Saga, #1.1)",Orson Scott Card,,,not_found
9781555976710,The Empathy Exams: Essays,Leslie Jamison,,,not_found
9780425280120,"Bay of Sighs (The Guardians Trilogy, #2)",Nora Roberts,,,not_found
9781937248090,"The Duchess War (Brothers Sinister, #1)",Courtney Milan,,,not_found
9781421512020,"Millennium Snow, Vol. 1",Bisco Hatori,,,not_found
9780517548230,Economics in One Lesson: The Shortest & Surest Way to Understand Basic Economics,Henry Hazlitt,,,not_found
9780446695660,Double Whammy,Carl Hiaasen,,,not_found
9781849013760,"Darker After Midnight (Midnight Breed, #10)",Lara Adrian,,,not_found
9780451452310,Better than Life (Red Dwarf #2),Grant Naylor,,,not_found
9780340911720,"Mad Dogs (Cherub, #8)",Robert Muchamore,,,not_found
9780062413710,Be Frank With Me,Julia Claiborne Johnson,,,not_found
9780765354710,Halo: Ghosts of Onyx,Eric S. Nylund,,,not_found
9780955944680,"Percy Jackson and the Sword of Hades (Percy Jackson and the Olympians, #4.5)",Rick Riordan,,,not_found
9781250083210,"Dirty (Dive Bar, #1)",Kylie Scott,,,not_found
9780689855440,"Mates, Dates, and Inflatable Bras (Mates, Dates, #1)",Cathy Hopkins,,,not_found
9780767904420,Going After Cacciato,Tim O'Brien,,,not_found
9780064404780,"Little House on Rocky Ridge (Little House: The Rocky Ridge Years, #1)","Roger Lea MacBride, David Gilleece",,,not_found
9780330369040,Lucky You,Carl Hiaasen,,,not_found
9781607063290,"The Walking Dead, Vol. 13: Too Far Gone","Robert Kirkman, Charlie Adlard, Cliff Rathburn",,,not_found
9780749929000,"Kindred in Death (In Death, #29)",J.D. Robb,,,not_found
9780394823960,In a People House,"Dr. Seuss, Theo LeSieg, Roy McKie",,,not_found
9781612187140,"Not Quite Dating (Not Quite, #1)",Catherine Bybee,,,not_found
9780525423060,Belzhar,Meg Wolitzer,,,not_found
9780765312920,Hunters of Dune (Dune Chronicles #7),"Brian Herbert, Kevin J. Anderson",,,not_found
9780062198890,The Midwife of Hope River,Patricia Harman,,,not_found
9780891072930,How Should We Then Live? The Rise and Decline of Western Thought and Culture,Francis A. Schaeffer,,,not_found
9780425182130,Hammer of the Gods,Stephen Davis,https://covers.openlibrary.org/b/isbn/9780425182130-L.jpg,covers/9780425182130.jpg,ok_openlibrary
9780439598450,The Story of Ruby Bridges,"Robert Coles, George Ford",,,not_found
9781500607530,"Debt Inheritance (Indebted, #1)",Pepper Winters,,,not_found
9780333761180,"The Rats (Rats, #1)",James Herbert,,,not_found
9780399234160,"Stand Tall, Molly Lou Melon","Patty Lovell, David Catrow",,,not_found
9780586057250,The Complete Robot (Robot #0.3),Isaac Asimov,,,not_found
9780374280600,"Deep Down Dark: The Untold Stories of 33 Men Buried in a Chilean Mine, and the Miracle That Set Them Free",Héctor Tobar,,,not_found
9780764223300,"The Covenant (Abram's Daughters, #1)",Beverly  Lewis,,,not_found
9780060532840,"Heretic (The Grail Quest, #3)",Bernard Cornwell,https://covers.openlibrary.org/b/isbn/9780060532840-L.jpg,covers/9780060532840.jpg,ok_openlibrary
9780393329410,Another Bullshit Night in Suck City,Nick Flynn,,,not_found
,Half Way Home,Hugh Howey,,,not_found
9780312555120,The Chosen One,Carol Lynch Williams,,,not_found
9780553283940,The Negotiator,Frederick Forsyth,,,not_found
9780141185860,How Green Was My Valley,Richard Llewellyn,,,not_found
9780375758120,The Decline and Fall of the Roman Empire,"Edward Gibbon, Daniel J. Boorstin, Gian Battista Piranesi, Hans-Friedrich Mueller",,,not_found
,"The Remaining (The Remaining, #1)",D.J. Molles,,,not_found
9780743226750,"The Power of Full Engagement: Managing Energy, Not Time, Is the Key to High Performance and Personal Renewal","Jim Loehr, Tony Schwartz",,,not_found
9780446677460,Rich Dad's Guide to Investing: What the Rich Invest in That the Poor and Middle Class Do Not!,"Robert T. Kiyosaki, Sharon L. Lechter",,,not_found
9780140504420,Ox-Cart Man (Picture Puffin),"Donald Hall, Barbara Cooney",,,not_found
9780679725310,Invitation to a Beheading,Vladimir Nabokov,,,not_found
9780446676980,"Wild Seed (Patternmaster, #1)",Octavia E. Butler,,,not_found
9789776297060,مخطوطة بن إسحاق: مدينة الموتى,حسن الجندي,,,not_found
9781442442280,The Summer I Turned Pretty Trilogy: The Summer I Turned Pretty; It's Not Summer Without You; We'll Always Have Summer,Jenny Han,,,not_found
9781401226960,"Sweet Tooth, Volume 1: Out of the Deep Woods","Jeff Lemire, José Villarrubia, Carlos M. Mangual",,,not_found
9781250034590,Those Girls,Chevy Stevens,,,not_found
9780007325990,"Mortal Coil (Skulduggery Pleasant, #5)",Derek Landy,,,not_found
9780060776010,"The Voyages of Doctor Dolittle (Doctor Dolittle, #2)","Hugh Lofting, Michael Hague",,,not_found
9781406800170,Captain Blood,Rafael Sabatini,,,not_found
9780345472460,The Amateur Marriage,Anne Tyler,,,not_found
9781250045640,"Seventh Grave and No Body (Charley Davidson, #7)",Darynda Jones,,,not_found
9780785122590,Iron Man: Extremis,"Warren Ellis, Adi Granov",,,not_found
9780575081570,Necronomicon: The Best Weird Tales,"H.P. Lovecraft, Les Edwards, Stephen Jones",,,not_found
,"The Space Between (Outlander, #7.5)",Diana Gabaldon,,,not_found
9780525427650,Hope: A Memoir of Survival in Cleveland,"Amanda Berry, Gina DeJesus, Mary Jordan, Kevin Sullivan",,,not_found
9780553277400,"Night Probe! (Dirk Pitt, #6)",Clive Cussler,,,not_found
9781476738960,We Are Called to Rise,Laura  McBride,,,not_found
9780778313460,The Good Father,Diane Chamberlain,,,not_found
9782081208160,La Mécanique du cœur,Mathias Malzieu,,,not_found
9781501105430,A Window Opens,Elisabeth Egan,,,not_found
9780385539590,The Knockoff,"Lucy Sykes, Jo Piazza",,,not_found
9780553379010,The Story of B: An Adventure of the Mind and Spirit,Daniel Quinn,,,not_found
9780007154620,Unless,Carol Shields,,,not_found
9780393321980,Strangers on a Train,Patricia Highsmith,,,not_found
9781427814040,Maid-sama! Vol. 02 (Maid-sama! #2),Hiro Fujiwara,,,not_found
9780375701240,A Death in the Family,James Agee,,,not_found
9781401242340,"Batman, Volume 3: Death of the Family","Scott Snyder, Greg Capullo, Jonathan Glapion",,,not_found
9780778324100,"Silent in the Grave (Lady Julia Grey, #1)",Deanna Raybourn,,,not_found
9780064440510,"A Kiss for Little Bear (An I Can Read Book) by Minarik, Else Holmelund [1984]","Else Holmelund Minarik, Maurice Sendak",,,not_found
9780307977940,Rump: The True Story of Rumpelstiltskin,Liesl Shurtliff,,,not_found
,Neighbor Dearest,Penelope Ward,,,not_found
9780399160480,"Command Authority (Jack Ryan Universe, #16)","Tom Clancy, Mark Greaney",,,not_found
9789875661610,Zoya,Danielle Steel,,,not_found
9780735814870,Cinderella,"Loek Koopmans, Charles Perrault, Anthea Bell",,,not_found
9780394865710,The Berenstain Bears and Too Much TV,"Stan Berenstain, Jan Berenstain",,,not_found
9781421534540,"One Piece, Volume 38: Rocketman!! (One Piece, #38)",Eiichirō Oda,,,not_found
9780871401540,Selected Poems,"E.E. Cummings, Richard S. Kennedy",https://covers.openlibrary.org/b/isbn/9780871401540-L.jpg,covers/9780871401540.jpg,ok_openlibrary
9781401301380,The Center Cannot Hold: My Journey Through Madness,Elyn R. Saks,,,not_found
9781518783880,"Corrupt (Devil's Night, #1)","Penelope Douglas, Jeremy York, Tatiana Sokolov",,,not_found
,Trouble,Samantha Towle,,,not_found
9780671027580,Open Season,Linda Howard,,,not_found
9780230711260,"Heartstone (Matthew Shardlake, #5)",C.J. Sansom,,,not_found
9780399153940,The Afghan,Frederick Forsyth,,,not_found
,طه الغريب,محمد صادق,,,not_found
9781607749720,Spark Joy: An Illustrated Master Class on the Art of Organizing and Tidying Up,Marie Kondō,,,not_found
9780099465640,Frederica,Georgette Heyer,,,not_found
9780062101310,"The Bite Before Christmas (Argeneau, #15.5; Night Huntress, #6.5)","Lynsay Sands, Jeaniene Frost",,,not_found
9781571316520,Perfect,Natasha Friend,,,not_found
9780553298020,"Champions of the Force (Star Wars: The Jedi Academy Trilogy, #3)",Kevin J. Anderson,,,not_found
9780307460450,Martha Stewart's Cupcakes: 175 Inspired Ideas for Everyone's Favorite Treat,Martha Stewart,,,not_found
,"Tyrant (King, #2)",T.M. Frazier,,,not_found
9780717283540,The Lion King (Disney's Wonderful World of Reading),Justine Korman Fontes,,,not_found
9780744592700,Owl Babies,"Martin Waddell, Patrick Benson",,,not_found
9780061229700,Vampires are Forever (Argeneau #8),Lynsay Sands,,,not_found
,Crooked Little Lies,Barbara Taylor Sissel,,,not_found
9780312380760,"Think Twice (Rosato & Associates, #11)",Lisa Scottoline,,,not_found
9781402179620,Two Years Before the Mast: A Sailor's Life at Sea,Richard Henry Dana Jr.,,,not_found
9780544303160,The Turner House,Angela Flournoy,,,not_found
,"Life Before Legend: Stories of the Criminal and the Prodigy (Legend, #0.5)",Marie Lu,,,not_found
9780875420290,Animal-Speak: The Spiritual & Magical Powers of Creatures Great & Small,"Ted Andrews, Winston Allen, Margaret K. Andrews",,,not_found
9781414310560,Danger in the Shadows (O'Malley #0.5),Dee Henderson,,,not_found
9780778326430,"Summer on Blossom Street (Blossom Street, #6)",Debbie Macomber,,,not_found
9780802142110,Broken for You,Stephanie Kallos,,,not_found
9780307265780,Whitethorn Woods,Maeve Binchy,,,not_found
,The Egg,Andy Weir,,,not_found
9781401324540,White Girl Problems,Babe Walker,,,not_found
9780525952240,Turn Right at Machu Picchu: Rediscovering the Lost City One Step at a Time,Mark    Adams,,,not_found
9780060931800,The Map That Changed the World,Simon Winchester,,,not_found
9780380815920,Blackberry Wine,Joanne Harris,,,not_found
9780413308600,Antigone,Jean Anouilh,,,not_found
9780553582800,"Lake in the Clouds (Wilderness, #3)",Sara Donati,,,not_found
9780060827880,"The Chronicles of Narnia - The Lion, the Witch, and the Wardrobe Official Illustrated Movie Companion","Perry Moore, Andrew Adamson, C.S. Lewis",,,not_found
,هشت کتاب,سهراب سپهری,,,not_found
9780525426040,Grasshopper Jungle,Andrew  Smith,,,not_found
9780439858050,"The Other Side of Dawn (Tomorrow, #7)",John Marsden,,,not_found
9780385327910,"The Wolves of Willoughby Chase (The Wolves Chronicles, #1)","Joan Aiken, Pat Marriott",,,not_found
9780307720660,"Without You, There Is No Us: My Time with the Sons of North Korea's Elite",Suki Kim,,,not_found
9780006640620,The Tiger Who Came to Tea,Judith Kerr,,,not_found
9781596430690,Bad Kitty,Nick Bruel,,,not_found
9781250058900,Humans of New York: Stories,Brandon Stanton,,,not_found
9780743225750,The Last Days of Dogtown,Anita Diamant,,,not_found
9780671578860,"A Civil Campaign (Vorkosigan Saga, #12)",Lois McMaster Bujold,,,not_found
9780345533230,"Never Seduce a Scot (The Montgomerys and Armstrongs, #1)",Maya Banks,,,not_found
,"Then Came You (The Gamblers, #1)",Lisa Kleypas,,,not_found
9781421513250,"Vampire Knight, Vol. 3 (Vampire Knight, #3)","Matsuri Hino, Tomo Kimura",http://books.google.com/books/content?id=BYzIAEMe6NsC&printsec=frontcover&img=1&zoom=1&source=gbs_api,covers/9781421513250.jpg,ok_googlebooks
9781573225050,Desolation Angels,"Jack Kerouac, Joyce Johnson",,,not_found
9780060874190,A Kiss in Time,Alex Flinn,,,not_found
9780142408650,A Countess Below Stairs,Eva Ibbotson,,,not_found
9781591164430,"Bleach, Volume 03",Tite Kubo,,,not_found
9780752837220,The Last Picture Show,Larry McMurtry,,,not_found
9781516865870,"Beacon 23: The Complete Novel (Beacon 23, #1-5)",Hugh Howey,,,not_found
,"Trumps of Doom (The Chronicles of Amber, #6)",Roger Zelazny,,,not_found
9780307397870,Nocturnes: Five Stories of Music and Nightfall,Kazuo Ishiguro,,,not_found
9780440236160,"Birdman (Jack Caffery, #1)",Mo Hayder,https://covers.openlibrary.org/b/isbn/9780440236160-L.jpg,covers/9780440236160.jpg,ok_openlibrary
9780679824240,"Mummies in the Morning (Magic Tree House, #3)","Mary Pope Osborne, Salvatore Murdocca",,,not_found
9781857984990,"The Stainless Steel Rat (Stainless Steel Rat, #4)",Harry Harrison,,,not_found
9780752858650,The Scarlatti Inheritance,Robert Ludlum,,,not_found
9780689821810,Copper Sun,Sharon M. Draper,,,not_found
9781401918740,"Money, and the Law of Attraction: Learning to Attract Wealth, Health, and Happiness","Esther Hicks, Jerry Hicks",,,not_found
9781474600160,The Versions of Us,Laura  Barnett,,,not_found
9780312933520,A Twist in the Tale,Jeffrey Archer,,,not_found
9780517086030,"The Rowan (The Tower and the Hive, #1)",Anne McCaffrey,,,not_found
9780425200280,The Next Big Thing,Johanna Edwards,,,not_found
,"Overruled (The Legal Briefs, #1)",Emma Chase,,,not_found
9780380712040,"Black Cherry Blues (Dave Robicheaux, #3)",James Lee Burke,,,not_found
9780545208870,"The Last Council (Amulet, #4)",Kazu Kibuishi,,,not_found
9780060959680,Dancing Wu Li Masters: An Overview of the New Physics (Perennial Classics),Gary Zukav,,,not_found
,Open Road Summer,Emery Lord,,,not_found
9780060892050,"Dark River (Warriors: Power of Three, #2)",Erin Hunter,,,not_found
,"Dirty English (English, #1)",Ilsa Madden-Mills,,,not_found
9780670076090,"Froi of the Exiles (Lumatere Chronicles, #2)",Melina Marchetta,,,not_found
9781439180970,I'll Walk Alone,Mary Higgins Clark,,,not_found
9781481422340,Afterworlds (Afterworlds #1),Scott Westerfeld,,,not_found
9785080039160,Горе от ума,"Aleksandr Griboyedov, Александр Сергеевич Грибоедов",,,not_found
,Guts,Chuck Palahniuk,,,not_found
9780440863690,The Illustrated Mum,"Jacqueline Wilson, Nick Sharratt",,,not_found
9780545310030,"13 Gifts (Willow Falls, #3)",Wendy Mass,,,not_found
9780385741770,Meant to Be,Lauren Morrill,,,not_found
,"Hard as It Gets (Hard Ink, #1)",Laura Kaye,,,not_found
9780670026470,The Bookman’s Tale,Charlie Lovett,,,not_found
9780399157320,"Locked On (Jack Ryan Universe, #14)","Tom Clancy, Mark Greaney",,,not_found
9780062183590,The Honest Truth About Dishonesty: How We Lie to Everyone - Especially Ourselves,Dan Ariely,https://covers.openlibrary.org/b/isbn/9780062183590-L.jpg,covers/9780062183590.jpg,ok_openlibrary
9780307237900,The Last Boleyn,Karen Harper,,,not_found
9780307381260,My Lobotomy,"Howard Dully, Charles Fleming",,,not_found
9789684114740,Las batallas en el desierto,José Emilio Pacheco,,,not_found
9780425098610,The Vision,Dean Koontz,,,not_found
9780385669860,Turn of Mind,Alice LaPlante,,,not_found
,A Thousand Boy Kisses,Tillie Cole,,,not_found
9780758272830,"Spark (Elemental, #2)",Brigid Kemmerer,,,not_found
9780743411970,"Inversions (Culture, #6)",Iain M. Banks,,,not_found
9781416927240,"Divine Madness (Cherub, #5)",Robert Muchamore,,,not_found
9780749908900,"Salvation in Death (In Death, #27)",J.D. Robb,,,not_found
9781442397150,"Grit: Passion, Perseverance, and the Science of Success",Angela Duckworth,,,not_found
9780143038380,"Death Without Company (Walt Longmire, #2)",Craig Johnson,,,not_found
9780446562420,"Innocent (Kindle County Legal Thriller, #8)",Scott Turow,,,not_found
9780140298000,Austerlitz,"W.G. Sebald, Anthea Bell",,,not_found
9781844162950,Horus Rising,Dan Abnett,,,not_found
9781421501920,"Ouran High School Host Club, Vol. 4 (Ouran High School Host Club, #4)",Bisco Hatori,,,not_found
9780156421360,Homo Faber,Max Frisch,,,not_found
9780316020720,Rescue,Anita Shreve,,,not_found
9780545812540,George,Alex Gino,,,not_found
9780345424650,"A Knight of the Word (Word & Void, #2)",Terry Brooks,,,not_found
9780439777340,Henry's Freedom Box: A True Story from the Underground Railroad,"Ellen Levine, Kadir Nelson",,,not_found
,زغازيغ,أحمد خالد توفيق,,,not_found
9780312651210,"Eve (Eve Duncan, #12; Eve, Quinn and Bonnie #1)",Iris Johansen,,,not_found
9780553807190,The Accident,Linwood Barclay,,,not_found
9780812998250,"Shopaholic to the Rescue (Shopaholic, #8)",Sophie Kinsella,,,not_found
9781451658020,Such a Rush,Jennifer Echols,,,not_found
9780505527840,"Trouble in Mudbug (Ghost-in-Law, #1)",Jana Deleon,,,not_found
9780140344430,Nothing's Fair in Fifth Grade,Barthe DeClements,,,not_found
9780811200420,A Coney Island of the Mind,Lawrence Ferlinghetti,,,not_found
9780316197040,"Dream Dark (Caster Chronicles, #2.5)","Kami Garcia, Margaret Stohl",,,not_found
9780641645470,"Sea of Silver Light (Otherland, #4)",Tad Williams,,,not_found
9780451190570,"The Green Mile, Part 5: Night Journey",Stephen King,,,not_found
9780061935120,"Hidden (Firelight, #3)",Sophie Jordan,,,not_found
9781582349180,"City of Masks (Stravaganza, #1)",Mary Hoffman,,,not_found
9780060519600,"Blue Noon (Midnighters, #3)",Scott Westerfeld,,,not_found
9780812976530,Thank You for Smoking,Christopher Buckley,,,not_found
9780718154950,"Blue Monday (Frieda Klein, #1)",Nicci French,,,not_found
,"Rock Bottom (Tristan & Danika, #2)",R.K. Lilley,,,not_found
9780061458580,Big Brother,Lionel Shriver,,,not_found
9780375509320,Thirteen Moons,Charles Frazier,,,not_found
9780967089740,Nourishing Traditions: The Cookbook That Challenges Politically Correct Nutrition and the Diet Dictocrats,Sally Fallon Morell,,,not_found
9780310328180,Bread and   Wine: A Love Letter to Life Around the Table with Recipes,Shauna Niequist,,,not_found
9780394726250,The Discoverers: A History of Man's Search to Know His World and Himself,Daniel J. Boorstin,https://covers.openlibrary.org/b/isbn/9780394726250-L.jpg,covers/9780394726250.jpg,ok_openlibrary
9780140565330,"Parts (Parts, #1)",Tedd Arnold,,,not_found
9780425204310,"Broken Prey (Lucas Davenport, #16)",John Sandford,,,not_found
9780061148480,The Bridge Across Forever: A True Love Story,Richard Bach,,,not_found
9781594487710,Where Good Ideas Come From: The Natural History of Innovation,Steven Johnson,,,not_found
9780061779760,"The Serpent of Venice (The Fool, #2)",Christopher Moore,,,not_found
9781596435710,"Promised (Birthmarked, #3)",Caragh M. O'Brien,,,not_found
9780866114260,Sherlock Holmes and the Case of the Hound of the Baskervilles (Illustrated Classic Editions),"Malvina G. Vogel, Arthur Conan Doyle",,,not_found
9781442486590,Dangerous Girls,"Abigail Haas, Abby McDonald",,,not_found
,"Proper Gauge (Wool, #2)",Hugh Howey,,,not_found
9788807813020,Novecento. Un monologo,Alessandro Baricco,,,not_found
9780385413720,From Beirut to Jerusalem,Thomas L. Friedman,,,not_found
9781421511310,"Vampire Knight, Vol. 2 (Vampire Knight, #2)","Matsuri Hino, Tomo Kimura",,,not_found
9780062320520,"Magonia (Magonia, #1)",Maria Dahvana Headley,,,not_found
9780670026560,Give and Take: A Revolutionary Approach to Success,Adam M. Grant,,,not_found
9780316012390,"Demon Thief (The Demonata, #2)",Darren Shan,,,not_found
9780974461230,The Art of Amy Brown,"Amy Brown, Charles  de Lint",,,not_found
,الحرافيش,"Naguib Mahfouz, نجيب محفوظ",,,not_found
9780743270600,The Men Who Stare at Goats,Jon Ronson,,,not_found
9780061431620,"The Girl with No Shadow (Chocolat, #2)",Joanne Harris,,,not_found
9780517038180,Sherlock Holmes of Baker Street: A Life of the World's First Consulting Detective,William S. Baring-Gould,,,not_found
,"The Tycoon's Revenge (Baby for the Billionaire, #1)",Melody Anne,,,not_found
9780785116780,"Astonishing X-Men, Volume 2: Dangerous","Joss Whedon, John Cassaday",,,not_found
9780451474480,"Marked in Flesh (The Others, #4)",Anne Bishop,,,not_found
9781594745260,Horrorstör,"Grady Hendrix, Michael Rogalski",,,not_found
9780802734370,"Wild Cards (Wild Cards, #1)",Simone Elkeles,,,not_found
9781416583400,"Inside of a Dog: What Dogs See, Smell, and Know",Alexandra Horowitz,,,not_found
9781408857400,"The Mime Order (The Bone Season, #2)",Samantha Shannon,,,not_found
9780451230230,The Pacific,Hugh Ambrose,,,not_found
9780739416390,"The Prize Winner of Defiance, Ohio: How My Mother Raised 10 Kids on 25 Words or Less",Terry Ryan,,,not_found
9780060182980,Mister B. Gone,Clive Barker,http://books.google.com/books/content?id=yCSGiRfjzQ8C&printsec=frontcover&img=1&zoom=1&edge=curl&source=gbs_api,covers/9780060182980.jpg,ok_googlebooks
9780679749840,The Comfort of Strangers,Ian McEwan,,,not_found
9780380795280,"Krondor: The Betrayal (The Riftwar Legacy, #1)",Raymond E. Feist,,,not_found
9781580050750,Cunt: A Declaration of Independence,"Inga Muscio, Betty Dodson",,,not_found
9780060005770,The Story of the Trapp Family Singers,Maria Augusta von Trapp,,,not_found
9781771641490,Gut: The Inside Story of Our Body’s Most Underrated Organ,"Giulia Enders, Jill Enders",,,not_found
9780676979560,The Virgin Cure,Ami McKay,,,not_found
9781857236650,"The King Beyond the Gate (The Drenai Saga, #2)",David Gemmell,,,not_found
9780609805790,The Seven Principles for Making Marriage Work: A Practical Guide from the Country's Foremost Relationship Expert,"John M. Gottman, Nan Silver",,,not_found
9780778325800,"Sea Glass (Glass, #2)",Maria V. Snyder,,,not_found
9780099282970,Bagombo Snuff Box,Kurt Vonnegut Jr.,,,not_found
9780553153380,"Anastasia Krupnik (Anastasia Krupnik, #1)",Lois Lowry,,,not_found
9780312940670,"When the Lion Feeds (Courtney, #1)",Wilbur Smith,,,not_found
9780804113470,Ladder of Years,Anne Tyler,,,not_found
9780764200730,The Measure of a Lady,Deeanne Gist,,,not_found
9780679750150,The Sailor Who Fell from Grace with the Sea,"Yukio Mishima, John Nathan",,,not_found
9780739455840,"The Twelfth Card (Lincoln Rhyme, #6)",Jeffery Deaver,,,not_found
9780385344420,"Feverborn (Fever, #8)",Karen Marie Moning,,,not_found
9780140255090,The Snow Leopard,Peter Matthiessen,,,not_found
9781455533220,"Ride Steady (Chaos, #3)",Kristen Ashley,https://covers.openlibrary.org/b/isbn/9781455533220-L.jpg,covers/9781455533220.jpg,ok_openlibrary
9780312255000,The Ground Beneath Her Feet,Salman Rushdie,,,not_found
9782849659270,"Blue exorcist, Tome 2",Kazue Kato,,,not_found
9780310257680,Night Light (Restoration #2),Terri Blackstock,,,not_found
9780425176930,"Breaking Point (Tom Clancy's Net Force, #4)","Steve Perry, Tom Clancy, Steve Pieczenik",,,not_found
2940014746150,"Out of the Dark (The Grey Wolves, #4)",Quinn Loftis,,,not_found
9780674017730,A Theory of Justice,John Rawls,,,not_found
9780140143910,The Mambo Kings Play Songs of Love,Oscar Hijuelos,,,not_found
9780385425130,The Famished Road,Ben Okri,,,not_found
9780312651190,"Chasing The Night (Eve Duncan, #11; Catherine Ling, #1)",Iris Johansen,https://covers.openlibrary.org/b/isbn/9780312651190-L.jpg,covers/9780312651190.jpg,ok_openlibrary
9780224079940,The Time Traveller's Guide to Medieval England: A Handbook for Visitors to the Fourteenth Century,Ian Mortimer,,,not_found
9780810983560,"The Everafter War (The Sisters Grimm, #7)","Michael Buckley, Peter Ferguson",,,not_found
9780575113300,"The Red Knight (The Traitor Son Cycle, #1)",Miles  Cameron,,,not_found
9780679733710,"Means of Ascent (The Years of Lyndon Johnson, #2)",Robert A. Caro,,,not_found
9781416523730,"Billy Budd, Sailor",Herman Melville,,,not_found
9780393307630,The Mauritius Command,Patrick O'Brian,,,not_found
9780061711530,Cinderella Ate My Daughter: Dispatches from the Frontlines of the New Girlie-Girl Culture,Peggy Orenstein,,,not_found
9780441019460,"Bayou Moon (The Edge, #2)",Ilona Andrews,,,not_found
9780375700450,The First World War,John Keegan,,,not_found
9780312264000,Timbuktu,Paul Auster,,,not_found
